nivel,episod,recompensa,pasi,succes,epsilon
3,1,61.0000000000005,420,0,0.999
3,2,11.15000000000014,277,0,0.998001
3,3,5.250000000000448,275,0,0.997002999
3,4,11.400000000000183,122,0,0.996005996001
3,5,8.200000000000102,156,0,0.995009990004999
3,6,0.1500000000001478,167,0,0.994014980014994
3,7,4.000000000000114,360,0,0.993020965034979
3,8,-2.149999999999956,213,0,0.9920279440699441
3,9,12.150000000000084,197,0,0.9910359161258742
3,10,13.550000000000132,199,0,0.9900448802097482
3,11,0.6000000000001506,158,0,0.9890548353295385
3,12,7.300000000000047,234,0,0.988065780494209
3,13,16.7000000000003,196,0,0.9870777147137147
3,14,5.850000000000442,233,0,0.986090636999001
3,15,11.900000000000169,202,0,0.9851045463620021
3,16,10.95000000000028,281,0,0.98411944181564
3,17,18.450000000000173,161,0,0.9831353223738244
3,18,11.450000000000216,271,0,0.9821521870514506
3,19,-2.399999999999878,218,0,0.9811700348643991
3,20,5.250000000000163,275,0,0.9801888648295347
3,21,6.950000000000266,211,0,0.9792086759647052
3,22,12.250000000000142,165,0,0.9782294672887405
3,23,56.7500000000006,385,0,0.9772512378214517
3,24,1.0500000000001393,149,0,0.9762739865836303
3,25,10.05000000000016,239,0,0.9752977125970467
3,26,3.8000000000002885,214,0,0.9743224148844496
3,27,13.550000000000345,199,0,0.9733480924695651
3,28,1.0500000000000327,149,0,0.9723747443770956
3,29,5.100000000000101,158,0,0.9714023696327185
3,30,14.300000000000153,124,0,0.9704309672630859
3,31,8.400000000000205,242,0,0.9694605362958227
3,32,-4.349999999999966,377,0,0.9684910757595269
3,33,49.95000000000066,431,0,0.9675225846837673
3,34,8.900000000000269,202,0,0.9665550620990835
3,35,1.5000000000000568,140,0,0.9655885070369844
3,36,-4.899999999999906,268,0,0.9646229185299474
3,37,9.15000000000029,197,0,0.9636582956114175
3,38,15.20000000000016,196,0,0.9626946373158061
3,39,4.250000000000128,235,0,0.9617319426784903
3,40,2.6500000000005457,267,0,0.9607702107358118
3,41,15.750000000000114,215,0,0.959809440525076
3,42,9.050000000000175,169,0,0.9588496310845509
3,43,8.850000000000236,203,0,0.9578907814534664
3,44,14.600000000000236,208,0,0.9569328906720129
3,45,69.05000000000057,319,0,0.9559759577813409
3,46,10.000000000000135,120,0,0.9550199818235596
3,47,11.400000000000077,122,0,0.9540649618417361
3,48,13.000000000000085,240,0,0.9531108968798944
3,49,9.70000000000018,156,0,0.9521577859830145
3,50,1.4500000000001592,141,0,0.9512056281970315
3,51,4.650000000000119,197,0,0.9502544225688344
3,52,15.050000000000168,199,0,0.9493041681462656
3,53,5.250000000000277,155,0,0.9483548639781193
3,54,5.150000000000112,247,0,0.9474065091141411
3,55,1.2500000000001634,235,0,0.946459102605027
3,56,1.950000000000017,221,0,0.9455126435024219
3,57,6.000000000000128,200,0,0.9445671308589195
3,58,4.650000000000112,197,0,0.9436225637280606
3,59,6.150000000000105,167,0,0.9426789411643326
3,60,12.400000000000205,192,0,0.9417362622231683
3,61,1.0500000000000682,149,0,0.9407945259609451
3,62,8.550000000000061,239,0,0.9398537314349842
3,63,10.900000000000084,162,0,0.9389138777035492
3,64,66.10000000000059,348,0,0.9379749638258457
3,65,107.54999999999883,569,0,0.9370369888620198
3,66,4.850000000000037,163,0,0.9360999518731578
3,67,15.05000000000031,199,0,0.9351638519212846
3,68,7.700000000000173,316,0,0.9342286880693633
3,69,11.250000000000199,125,0,0.933294459381294
3,70,16.600000000000207,198,0,0.9323611649219127
3,71,11.100000000000122,158,0,0.9314288037569908
3,72,7.300000000000011,234,0,0.9304973749532338
3,73,13.150000000000283,237,0,0.9295668775782806
3,74,15.70000000000016,126,0,0.9286373107007023
3,75,11.600000000000307,238,0,0.9277086733900016
3,76,16.700000000000287,196,0,0.9267809647166116
3,77,13.350000000000293,203,0,0.925854183751895
3,78,6.450000000000081,161,0,0.9249283295681431
3,79,54.85000000000089,423,0,0.9240034012385749
3,80,6.950000000000131,121,0,0.9230793978373364
3,81,9.40000000000007,162,0,0.9221563184394991
3,82,-0.8499999999999304,187,0,0.9212341621210596
3,83,4.800000000000104,164,0,0.9203129279589385
3,84,7.400000000000084,202,0,0.9193926150309796
3,85,10.500000000000199,200,0,0.9184732224159486
3,86,4.700000000000138,196,0,0.9175547491935327
3,87,14.40000000000039,242,0,0.9166371944443392
3,88,1.3500000000000583,143,0,0.9157205572498949
3,89,15.250000000000227,195,0,0.914804836692645
3,90,2.1999999999999744,306,0,0.9138900318559524
3,91,4.70000000000006,166,0,0.9129761418240965
3,92,15.15000000000019,167,0,0.9120631656822724
3,93,15.55000000000014,159,0,0.9111511025165902
3,94,2.850000000000094,113,0,0.9102399514140735
3,95,7.000000000000156,120,0,0.9093297114626595
3,96,4.750000000000405,315,0,0.9084203817511969
3,97,-1.1999999999997826,194,0,0.9075119613694457
3,98,7.350000000000172,233,0,0.9066044494080763
3,99,20.500000000000128,120,0,0.9056978449586682
3,100,15.450000000000145,161,0,0.9047921471137096
3,101,4.850000000000136,163,0,0.9038873549665959
3,102,6.600000000000101,158,0,0.9029834676116293
3,103,11.800000000000097,84,0,0.9020804841440176
3,104,1.9000000000000838,132,0,0.9011784036598737
3,105,57.800000000000594,304,0,0.9002772252562138
3,106,1.150000000000098,147,0,0.8993769480309576
3,107,6.850000000000151,123,0,0.8984775710829266
3,108,5.650000000000347,267,0,0.8975790935118436
3,109,5.750000000000242,235,0,0.8966815144183318
3,110,2.850000000000179,203,0,0.8957848329039134
3,111,14.800000000000097,204,0,0.8948890480710096
3,112,66.85000000000028,273,0,0.8939941590229386
3,113,17.200000000000216,156,0,0.8931001648639156
3,114,12.000000000000256,290,0,0.8922070646990518
3,115,8.100000000000108,128,0,0.8913148576343527
3,116,10.900000000000219,162,0,0.8904235427767183
3,117,59.25000000000058,275,0,0.8895331192339416
3,118,13.80000000000021,164,0,0.8886435861147077
3,119,13.050000000000153,119,0,0.887754942528593
3,120,1.6500000000001123,137,0,0.8868671875860644
3,121,17.100000000000122,158,0,0.8859803203984784
3,122,5.850000000000158,203,0,0.88509434007808
3,123,18.650000000000148,157,0,0.8842092457380019
3,124,5.900000000000247,202,0,0.8833250364922639
3,125,67.80000000000062,344,0,0.8824417114557717
3,126,6.65000000000024,157,0,0.8815592697443159
3,127,8.350000000000165,243,0,0.8806777104745716
3,128,12.850000000000378,243,0,0.8797970327640969
3,129,0.45000000000012363,161,0,0.8789172357313328
3,130,10.05000000000014,119,0,0.8780383184956015
3,131,1.7500000000001137,135,0,0.8771602801771059
3,132,18.15000000000019,167,0,0.8762831198969288
3,133,13.550000000000153,199,0,0.8754068367770318
3,134,7.050000000000132,119,0,0.8745314299402548
3,135,8.95000000000011,201,0,0.8736568985103146
3,136,10.400000000000183,172,0,0.8727832416118043
3,137,12.55000000000014,129,0,0.8719104583701925
3,138,13.700000000000145,196,0,0.8710385479118223
3,139,11.300000000000146,124,0,0.8701675093639105
3,140,17.350000000000193,123,0,0.8692973418545467
3,141,6.35000000000008,163,0,0.8684280445126921
3,142,1.1000000000000725,148,0,0.8675596164681794
3,143,16.200000000000074,176,0,0.8666920568517111
3,144,4.800000000000182,194,0,0.8658253647948594
3,145,13.200000000000195,236,0,0.8649595394300645
3,146,4.000000000000178,240,0,0.8640945798906344
3,147,9.700000000000237,156,0,0.8632304853107438
3,148,0.25000000000008527,165,0,0.862367254825433
3,149,18.65000000000029,157,0,0.8615048875706075
3,150,19.10000000000018,118,0,0.8606433826830369
3,151,7.050000000000097,119,0,0.8597827393003539
3,152,2.850000000000122,113,0,0.8589229565610536
3,153,15.05000000000011,169,0,0.8580640336044925
3,154,71.35000000000038,273,0,0.857205969570888
3,155,106.79999999999966,464,0,0.8563487636013172
3,156,299.4499999999988,421,1,0.8554924148377159
3,157,18.5000000000002,160,0,0.8546369224228781
3,158,14.45000000000013,121,0,0.8537822855004553
3,159,2.1500000000000625,127,0,0.8529285032149548
3,160,9.25000000000017,165,0,0.8520755747117399
3,161,12.900000000000063,122,0,0.8512234991370281
3,162,12.65000000000014,127,0,0.8503722756378911
3,163,4.90000000000007,162,0,0.8495219033622532
3,164,14.700000000000216,206,0,0.8486723814588909
3,165,12.45000000000011,131,0,0.847823709077432
3,166,12.400000000000077,132,0,0.8469758853683546
3,167,9.55000000000009,159,0,0.8461289094829862
3,168,15.500000000000199,160,0,0.8452827805735033
3,169,7.800000000000203,194,0,0.8444374977929298
3,170,13.75000000000017,165,0,0.8435930602951368
3,171,66.5500000000006,279,0,0.8427494672348417
3,172,6.6500000000001975,157,0,0.8419067177676068
3,173,69.95000000000059,271,0,0.8410648110498392
3,174,13.85000000000015,163,0,0.8402237462387894
3,175,69.85000000000053,273,0,0.8393835224925505
3,176,75.00000000000038,200,0,0.838544138970058
3,177,69.0500000000004,199,0,0.8377055948310879
3,178,2.550000000000061,119,0,0.8368678892362568
3,179,3.1500000000000696,107,0,0.8360310213470206
3,180,2.600000000000101,118,0,0.8351949903256736
3,181,63.65000000000062,277,0,0.8343597953353479
3,182,2.4000000000001336,122,0,0.8335254355400126
3,183,298.99999999999864,430,1,0.8326919101044725
3,184,2.350000000000094,123,0,0.831859218194368
3,185,61.7500000000006,285,0,0.8310273589761736
3,186,17.250000000000185,125,0,0.8301963316171974
3,187,2.4500000000001307,121,0,0.8293661352855802
3,188,7.000000000000135,120,0,0.8285367691502946
3,189,68.9500000000005,231,0,0.8277082323811443
3,190,10.850000000000101,133,0,0.8268805241487632
3,191,18.900000000000162,122,0,0.8260536436246144
3,192,14.000000000000128,160,0,0.8252275899809898
3,193,12.90000000000019,122,0,0.8244023623910088
3,194,3.1000000000000654,108,0,0.8235779600286178
3,195,10.80000000000021,164,0,0.8227543820685892
3,196,71.35000000000052,243,0,0.8219316276865206
3,197,13.950000000000202,161,0,0.8211096960588341
3,198,299.89999999999907,502,1,0.8202885863627752
3,199,14.500000000000199,120,0,0.8194682977764125
3,200,0.9500000000000668,151,0,0.818648829478636
3,201,9.650000000000212,157,0,0.8178301806491574
3,202,15.550000000000253,159,0,0.8170123504685082
3,203,11.250000000000163,125,0,0.8161953381180397
3,204,18.90000000000012,122,0,0.8153791427799216
3,205,15.60000000000015,158,0,0.8145637636371417
3,206,11.600000000000094,118,0,0.8137491998735046
3,207,5.800000000000132,174,0,0.812935450673631
3,208,15.600000000000293,158,0,0.8121225152229574
3,209,13.650000000000247,197,0,0.8113103927077344
3,210,9.500000000000163,160,0,0.8104990823150267
3,211,12.600000000000165,128,0,0.8096885832327116
3,212,9.850000000000158,123,0,0.8088788946494789
3,213,15.550000000000153,129,0,0.8080700157548294
3,214,60.60000000000055,308,0,0.8072619457390746
3,215,17.55000000000014,119,0,0.8064546837933355
3,216,63.20000000000044,256,0,0.8056482291095421
3,217,18.85000000000018,123,0,0.8048425808804326
3,218,20.500000000000128,120,0,0.8040377382995522
3,219,-1.6999999999999886,204,0,0.8032337005612527
3,220,307.3499999999983,443,1,0.8024304668606914
3,221,14.300000000000182,124,0,0.8016280363938307
3,222,13.450000000000102,81,0,0.8008264083574369
3,223,11.600000000000122,118,0,0.8000255819490795
3,224,12.600000000000172,128,0,0.7992255563671304
3,225,65.7500000000004,235,0,0.7984263308107633
3,226,10.95000000000016,161,0,0.7976279044799526
3,227,57.35000000000059,313,0,0.7968302765754727
3,228,10.000000000000092,120,0,0.7960334462988972
3,229,75.35000000000036,193,0,0.7952374128525983
3,230,15.950000000000173,121,0,0.7944421754397457
3,231,113.84999999999921,383,0,0.7936477332643059
3,232,11.600000000000115,88,0,0.7928540855310416
3,233,16.7500000000002,165,0,0.7920612314455105
3,234,17.20000000000016,126,0,0.7912691702140651
3,235,72.65000000000052,247,0,0.790477901043851
3,236,14.400000000000077,122,0,0.7896874231428072
3,237,7.000000000000121,120,0,0.7888977357196644
3,238,1.9000000000001478,132,0,0.7881088379839447
3,239,14.600000000000165,118,0,0.7873207291459607
3,240,16.800000000000225,164,0,0.7865334084168147
3,241,16.050000000000153,119,0,0.7857468750083979
3,242,3.900000000000041,92,0,0.7849611281333895
3,243,17.450000000000216,121,0,0.784176167005256
3,244,59.75000000000033,235,0,0.7833919908382508
3,245,14.900000000000091,82,0,0.7826085988474126
3,246,15.60000000000015,128,0,0.7818259902485653
3,247,14.500000000000185,120,0,0.7810441642583167
3,248,12.70000000000023,156,0,0.7802631200940584
3,249,12.000000000000256,200,0,0.7794828569739644
3,250,68.80000000000047,204,0,0.7787033741169904
3,251,311.49999999999767,420,1,0.7779246707428734
3,252,121.44999999999943,321,0,0.7771467460721305
3,253,12.650000000000148,157,0,0.7763695993260584
3,254,13.100000000000165,118,0,0.7755932297267324
3,255,71.50000000000033,240,0,0.7748176364970056
3,256,10.85000000000015,163,0,0.7740428188605086
3,257,11.550000000000153,119,0,0.7732687760416481
3,258,19.000000000000213,120,0,0.7724955072656065
3,259,15.450000000000145,161,0,0.7717230117583408
3,260,3.1000000000000725,108,0,0.7709512887465825
3,261,18.500000000000213,160,0,0.7701803374578359
3,262,14.400000000000148,122,0,0.7694101571203781
3,263,17.60000000000018,118,0,0.7686407469632577
3,264,9.80000000000014,124,0,0.7678721062162944
3,265,67.1500000000004,237,0,0.7671042341100781
3,266,67.60000000000036,198,0,0.766337129875968
3,267,3.3000000000000185,104,0,0.7655707927460921
3,268,11.450000000000117,121,0,0.764805221953346
3,269,17.900000000000105,82,0,0.7640404167313927
3,270,11.550000000000068,89,0,0.7632763763146613
3,271,17.050000000000168,129,0,0.7625130999383466
3,272,17.400000000000148,122,0,0.7617505868384082
3,273,17.300000000000068,124,0,0.7609888362515699
3,274,71.8500000000005,233,0,0.7602278474153183
3,275,13.200000000000095,86,0,0.759467619567903
3,276,2.7500000000000853,115,0,0.7587081519483351
3,277,65.4000000000004,242,0,0.7579494437963867
3,278,14.40000000000012,122,0,0.7571914943525904
3,279,3.400000000000027,102,0,0.7564343028582378
3,280,15.25000000000027,165,0,0.7556778685553796
3,281,17.100000000000165,158,0,0.7549221906868242
3,282,10.200000000000088,86,0,0.7541672684961374
3,283,14.450000000000138,121,0,0.7534131012276413
3,284,73.50000000000045,230,0,0.7526596881264136
3,285,9.800000000000132,124,0,0.7519070284382872
3,286,15.550000000000239,159,0,0.7511551214098489
3,287,20.450000000000202,121,0,0.750403966288439
3,288,14.400000000000148,122,0,0.7496535623221505
3,289,11.350000000000158,123,0,0.7489039087598284
3,290,14.150000000000205,127,0,0.7481550048510686
3,291,67.95000000000033,191,0,0.7474068498462175
3,292,17.850000000000122,83,0,0.7466594429963713
3,293,17.550000000000182,119,0,0.745912783553375
3,294,13.050000000000196,119,0,0.7451668707698216
3,295,70.40000000000055,232,0,0.7444217038990517
3,296,118.24999999999964,355,0,0.7436772821951526
3,297,18.95000000000013,121,0,0.7429336049129575
3,298,9.90000000000012,122,0,0.7421906713080445
3,299,22.350000000000094,83,0,0.7414484806367364
3,300,12.750000000000206,125,0,0.7407070321560997
3,301,69.95000000000049,241,0,0.7399663251239436
3,302,14.00000000000022,160,0,0.7392263587988196
3,303,11.60000000000015,118,0,0.7384871324400207
3,304,299.64999999999833,417,1,0.7377486453075807
3,305,66.75000000000027,155,0,0.737010896662273
3,306,8.800000000000118,84,0,0.7362738857656108
3,307,72.20000000000039,196,0,0.7355376118798452
3,308,20.35000000000015,123,0,0.7348020742679654
3,309,20.350000000000165,123,0,0.7340672721936974
3,310,301.59999999999934,378,1,0.7333332049215037
3,311,312.9499999999986,331,1,0.7325998717165821
3,312,3.3000000000000753,104,0,0.7318672718448656
3,313,9.750000000000128,125,0,0.7311354045730207
3,314,117.04999999999929,289,0,0.7304042691684477
3,315,7.100000000000122,118,0,0.7296738648992792
3,316,65.70000000000034,236,0,0.7289441910343799
3,317,8.500000000000192,120,0,0.7282152468433455
3,318,11.350000000000065,123,0,0.7274870315965022
3,319,18.550000000000253,159,0,0.7267595445649057
3,320,72.15000000000038,197,0,0.7260327850203407
3,321,6.850000000000115,123,0,0.7253067522353204
3,322,10.400000000000041,82,0,0.724581445483085
3,323,14.950000000000344,201,0,0.723856864037602
3,324,14.250000000000156,125,0,0.7231330071735643
3,325,20.800000000000082,84,0,0.7224098741663908
3,326,20.050000000000125,129,0,0.7216874642922244
3,327,18.850000000000108,123,0,0.7209657768279322
3,328,9.950000000000138,121,0,0.7202448110511043
3,329,67.40000000000047,232,0,0.7195245662400531
3,330,17.300000000000082,124,0,0.7188050416738131
3,331,17.550000000000168,119,0,0.7180862366321393
3,332,65.4500000000005,241,0,0.7173681503955072
3,333,15.900000000000176,122,0,0.7166507822451117
3,334,64.05000000000048,239,0,0.7159341314628666
3,335,20.400000000000162,122,0,0.7152181973314037
3,336,114.5499999999996,309,0,0.7145029791340722
3,337,9.75000000000015,125,0,0.7137884761549381
3,338,19.050000000000168,119,0,0.7130746876787832
3,339,70.80000000000041,194,0,0.7123616129911045
3,340,118.84999999999904,343,0,0.7116492513781133
3,341,16.400000000000105,82,0,0.7109376021267352
3,342,2.7500000000000426,115,0,0.7102266645246085
3,343,8.050000000000082,129,0,0.7095164378600839
3,344,320.3999999999986,332,1,0.7088069214222238
3,345,114.34999999999961,313,0,0.7080981145008015
3,346,19.10000000000015,118,0,0.7073900163863007
3,347,67.50000000000041,200,0,0.7066826263699144
3,348,15.450000000000188,161,0,0.7059759437435444
3,349,70.70000000000043,196,0,0.7052699677998009
3,350,11.750000000000078,85,0,0.704564697832001
3,351,14.800000000000082,84,0,0.7038601331341691
3,352,123.99999999999936,270,0,0.7031562730010349
3,353,14.400000000000148,122,0,0.7024531167280339
3,354,71.80000000000034,234,0,0.7017506636113059
3,355,15.900000000000176,122,0,0.7010489129476946
3,356,70.2000000000004,206,0,0.7003478640347469
3,357,9.750000000000128,125,0,0.6996475161707122
3,358,63.05000000000037,199,0,0.6989478686545415
3,359,72.2500000000004,195,0,0.698248920785887
3,360,70.15000000000039,237,0,0.6975506718651011
3,361,18.950000000000088,121,0,0.6968531211932361
3,362,20.700000000000117,86,0,0.6961562680720428
3,363,8.800000000000104,84,0,0.6954601118039707
3,364,67.55000000000044,229,0,0.6947646516921667
3,365,71.40000000000042,242,0,0.6940698870404746
3,366,10.450000000000074,81,0,0.6933758171534341
3,367,17.15000000000019,127,0,0.6926824413362807
3,368,3.250000000000057,105,0,0.6919897588949444
3,369,309.3499999999988,373,1,0.6912977691360495
3,370,65.05000000000031,159,0,0.6906064713669134
3,371,8.350000000000122,123,0,0.6899158648955466
3,372,8.30000000000016,124,0,0.689225949030651
3,373,10.30000000000009,84,0,0.6885367230816204
3,374,19.050000000000153,119,0,0.6878481863585387
3,375,305.39999999999907,302,1,0.6871603381721801
3,376,308.2499999999987,335,1,0.686473177834008
3,377,305.94999999999914,291,1,0.685786704656174
3,378,16.2500000000001,85,0,0.6851009179515178
3,379,16.55000000000024,169,0,0.6844158170335664
3,380,14.40000000000014,122,0,0.6837314012165328
3,381,11.950000000000102,81,0,0.6830476698153162
3,382,125.04999999999937,279,0,0.6823646221455009
3,383,122.44999999999935,271,0,0.6816822575233553
3,384,18.450000000000188,131,0,0.6810005752658319
3,385,117.89999999999948,272,0,0.680319574690566
3,386,308.0999999999984,368,1,0.6796392551158754
3,387,70.80000000000044,194,0,0.6789596158607596
3,388,303.39999999999867,342,1,0.6782806562448989
3,389,11.300000000000118,124,0,0.677602375588654
3,390,11.150000000000148,157,0,0.6769247732130653
3,391,18.900000000000148,122,0,0.6762478484398523
3,392,68.95000000000036,201,0,0.6755716005914124
3,393,17.500000000000156,120,0,0.674896028990821
3,394,307.0499999999993,299,1,0.6742211329618302
3,395,122.19999999999955,276,0,0.6735469118288684
3,396,15.900000000000162,122,0,0.6728733649170395
3,397,17.400000000000148,122,0,0.6722004915521225
3,398,16.450000000000102,81,0,0.6715282910605703
3,399,10.30000000000011,84,0,0.6708567627695098
3,400,11.80000000000009,84,0,0.6701859060067403
3,401,11.75000000000012,85,0,0.6695157201007336
3,402,14.800000000000075,84,0,0.6688462043806328
3,403,303.5999999999987,338,1,0.6681773581762521
3,404,73.45000000000046,231,0,0.6675091808180759
3,405,16.450000000000102,81,0,0.6668416716372578
3,406,14.950000000000074,81,0,0.6661748299656206
3,407,13.900000000000176,132,0,0.6655086551356549
3,408,305.6999999999992,296,1,0.6648431464805192
3,409,66.15000000000038,197,0,0.6641783033340387
3,410,19.400000000000105,82,0,0.6635141250307047
3,411,2.750000000000128,115,0,0.662850610905674
3,412,6.950000000000145,121,0,0.6621877602947683
3,413,313.29999999999853,384,1,0.6615255725344735
3,414,305.54999999999905,299,1,0.660864046961939
3,415,14.300000000000168,124,0,0.660203182914977
3,416,14.550000000000097,89,0,0.6595429797320621
3,417,119.39999999999951,272,0,0.6588834367523301
3,418,15.45000000000016,161,0,0.6582245533155777
3,419,17.350000000000108,123,0,0.6575663287622622
3,420,3.300000000000068,104,0,0.6569087624334999
3,421,17.80000000000011,84,0,0.6562518536710664
3,422,20.450000000000216,121,0,0.6555956018173954
3,423,9.900000000000176,122,0,0.654940006215578
3,424,121.34999999999972,233,0,0.6542850662093624
3,425,22.100000000000136,88,0,0.6536307811431531
3,426,122.09999999999958,278,0,0.65297715036201
3,427,3.2000000000000313,106,0,0.6523241732116479
3,428,14.600000000000094,88,0,0.6516718490384363
3,429,301.4499999999982,381,1,0.6510201771893979
3,430,3.30000000000004,104,0,0.6503691570122084
3,431,59.95000000000036,201,0,0.6497187878551962
3,432,73.75000000000031,165,0,0.649069069067341
3,433,14.850000000000108,83,0,0.6484199999982736
3,434,18.950000000000145,91,0,0.6477715799982753
3,435,16.050000000000068,89,0,0.647123808418277
3,436,11.850000000000072,83,0,0.6464766846098587
3,437,9.950000000000117,121,0,0.6458302079252489
3,438,13.000000000000128,120,0,0.6451843777173236
3,439,11.90000000000012,82,0,0.6445391933396063
3,440,14.850000000000094,83,0,0.6438946541462667
3,441,14.95000000000011,81,0,0.6432507594921204
3,442,13.100000000000094,88,0,0.6426075087326283
3,443,3.0000000000000995,110,0,0.6419649012238956
3,444,14.950000000000102,81,0,0.6413229363226717
3,445,13.35000000000008,83,0,0.640681613386349
3,446,318.899999999999,302,1,0.6400409317729626
3,447,3.4000000000000483,102,0,0.6394008908411897
3,448,63.30000000000028,194,0,0.6387614899503485
3,449,123.24999999999933,285,0,0.6381227284603982
3,450,16.10000000000018,118,0,0.6374846057319378
3,451,305.74999999999915,295,1,0.6368471211262058
3,452,62.15000000000029,157,0,0.6362102740050796
3,453,16.450000000000088,81,0,0.6355740637310745
3,454,10.250000000000064,85,0,0.6349384896673435
3,455,9.700000000000074,126,0,0.6343035511776761
3,456,11.900000000000112,82,0,0.6336692476264985
3,457,13.450000000000074,81,0,0.6330355783788719
3,458,305.9499999999991,291,1,0.632402542800493
3,459,11.650000000000077,87,0,0.6317701402576925
3,460,13.400000000000105,82,0,0.6311383701174348
3,461,63.05000000000038,199,0,0.6305072317473174
3,462,63.750000000000256,155,0,0.6298767245155701
3,463,120.04999999999977,229,0,0.6292468477910546
3,464,68.10000000000029,158,0,0.6286176009432635
3,465,65.30000000000031,154,0,0.6279889833423202
3,466,20.850000000000122,83,0,0.6273609943589779
3,467,117.94999999999949,271,0,0.6267336333646188
3,468,13.200000000000074,86,0,0.6261068997312542
3,469,13.150000000000077,87,0,0.6254807928315229
3,470,10.350000000000115,83,0,0.6248553120386914
3,471,11.85000000000008,83,0,0.6242304567266527
3,472,68.15000000000028,157,0,0.623606226269926
3,473,75.4000000000004,192,0,0.6229826200436561
3,474,72.10000000000042,198,0,0.6223596374236124
3,475,11.950000000000124,81,0,0.6217372777861888
3,476,11.850000000000144,83,0,0.6211155405084027
3,477,15.950000000000102,121,0,0.6204944249678943
3,478,20.850000000000108,83,0,0.6198739305429264
3,479,20.350000000000136,123,0,0.6192540566123834
3,480,17.550000000000182,119,0,0.6186348025557711
3,481,16.450000000000088,81,0,0.6180161677532153
3,482,303.8499999999988,333,1,0.6173981515854621
3,483,13.400000000000105,82,0,0.6167807534338766
3,484,11.950000000000102,81,0,0.6161639726804428
3,485,125.39999999999928,272,0,0.6155478087077623
3,486,20.95000000000013,81,0,0.6149322608990545
3,487,4.05000000000004,89,0,0.6143173286381555
3,488,14.950000000000088,81,0,0.6137030113095173
3,489,17.900000000000105,82,0,0.6130893082982078
3,490,17.950000000000088,81,0,0.6124762189899097
3,491,14.500000000000199,120,0,0.6118637427709198
3,492,8.450000000000166,121,0,0.6112518790281489
3,493,14.650000000000091,87,0,0.6106406271491208
3,494,14.800000000000082,84,0,0.6100299865219717
3,495,73.75000000000041,195,0,0.6094199565354498
3,496,19.450000000000102,81,0,0.6088105365789144
3,497,13.300000000000061,84,0,0.6082017260423355
3,498,13.400000000000077,82,0,0.6075935243162931
3,499,13.450000000000081,81,0,0.6069859307919768
3,500,13.100000000000186,118,0,0.6063789448611848
3,501,18.60000000000018,128,0,0.6057725659163237
3,502,19.000000000000114,120,0,0.6051667933504074
3,503,17.600000000000193,118,0,0.6045616265570569
3,504,11.300000000000061,124,0,0.6039570649304998
3,505,122.24999999999942,275,0,0.6033531078655693
3,506,303.3499999999991,343,1,0.6027497547577038
3,507,4.350000000000023,83,0,0.602147005002946
3,508,72.65000000000023,157,0,0.6015448579979431
3,509,8.400000000000084,92,0,0.6009433131399452
3,510,11.85000000000008,83,0,0.6003423698268052
3,511,14.5000000000001,120,0,0.5997420274569785
3,512,14.45000000000016,121,0,0.5991422854295215
3,513,12.90000000000012,122,0,0.598543143144092
3,514,15.950000000000145,121,0,0.5979446000009478
3,515,316.2499999999992,295,1,0.5973466554009469
3,516,10.250000000000092,85,0,0.596749308745546
3,517,14.900000000000077,82,0,0.5961525594368005
3,518,13.350000000000108,83,0,0.5955564068773637
3,519,20.550000000000168,119,0,0.5949608504704863
3,520,11.850000000000122,83,0,0.5943658896200158
3,521,17.950000000000117,81,0,0.5937715237303958
3,522,10.400000000000084,82,0,0.5931777522066654
3,523,313.34999999999906,263,1,0.5925845744544587
3,524,17.750000000000114,85,0,0.5919919898800042
3,525,13.450000000000102,81,0,0.5913999978901242
3,526,309.949999999999,271,1,0.590808597892234
3,527,14.60000000000015,118,0,0.5902177892943418
3,528,3.05000000000004,109,0,0.5896275715050474
3,529,305.44999999999914,301,1,0.5890379439335424
3,530,17.700000000000102,86,0,0.5884489059896089
3,531,11.850000000000115,83,0,0.5878604570836192
3,532,10.45000000000011,81,0,0.5872725966265356
3,533,77.15000000000026,157,0,0.5866853240299091
3,534,17.750000000000085,85,0,0.5860986387058792
3,535,19.400000000000134,82,0,0.5855125400671733
3,536,66.70000000000027,156,0,0.5849270275271061
3,537,10.400000000000077,82,0,0.584342100499579
3,538,14.350000000000122,123,0,0.5837577583990794
3,539,61.65000000000036,197,0,0.5831740006406804
3,540,17.90000000000009,82,0,0.5825908266400397
3,541,20.950000000000102,81,0,0.5820082358133997
3,542,13.350000000000122,83,0,0.5814262275775862
3,543,11.950000000000117,81,0,0.5808448013500086
3,544,12.80000000000014,124,0,0.5802639565486586
3,545,13.350000000000094,83,0,0.57968369259211
3,546,19.40000000000009,82,0,0.5791040088995179
3,547,305.19999999999914,306,1,0.5785249048906184
3,548,65.20000000000027,156,0,0.5779463799857277
3,549,16.350000000000108,83,0,0.577368433605742
3,550,19.05000000000014,89,0,0.5767910651721362
3,551,8.700000000000067,86,0,0.576214274106964
3,552,10.450000000000088,81,0,0.5756380598328571
3,553,74.85000000000043,203,0,0.5750624217730242
3,554,20.900000000000105,82,0,0.5744873593512512
3,555,10.2500000000001,85,0,0.5739128719918999
3,556,65.05000000000031,159,0,0.573338959119908
3,557,10.350000000000094,83,0,0.572765620160788
3,558,10.400000000000112,82,0,0.5721928545406272
3,559,15.350000000000136,133,0,0.5716206616860866
3,560,13.300000000000082,84,0,0.5710490410244006
3,561,119.74999999999936,205,0,0.5704779919833761
3,562,14.65000000000012,87,0,0.5699075139913927
3,563,19.200000000000117,86,0,0.5693376064774013
3,564,8.90000000000007,82,0,0.5687682688709239
3,565,117.84999999999972,243,0,0.5681995006020529
3,566,16.350000000000094,83,0,0.5676313011014509
3,567,14.900000000000105,82,0,0.5670636698003494
3,568,10.250000000000071,85,0,0.5664966061305491
3,569,11.650000000000091,87,0,0.5659301095244186
3,570,16.40000000000009,82,0,0.5653641794148941
3,571,68.20000000000029,156,0,0.5647988152354793
3,572,13.400000000000077,82,0,0.5642340164202437
3,573,11.800000000000118,84,0,0.5636697824038235
3,574,11.850000000000108,83,0,0.5631061126214196
3,575,8.950000000000081,81,0,0.5625430065087982
3,576,75.35000000000039,193,0,0.5619804635022894
3,577,11.850000000000101,83,0,0.561418483038787
3,578,318.14999999999867,347,1,0.5608570645557482
3,579,13.400000000000091,82,0,0.5602962074911925
3,580,61.850000000000264,163,0,0.5597359112837013
3,581,8.400000000000183,122,0,0.5591761753724176
3,582,13.400000000000048,82,0,0.5586169991970452
3,583,316.19999999999914,296,1,0.5580583821978482
3,584,11.850000000000058,83,0,0.5575003238156504
3,585,307.29999999999916,294,1,0.5569428234918348
3,586,13.250000000000064,85,0,0.5563858806683429
3,587,121.39999999999988,232,0,0.5558294947876746
3,588,10.20000000000013,86,0,0.5552736652928869
3,589,305.449999999999,301,1,0.5547183916275941
3,590,17.70000000000013,86,0,0.5541636732359665
3,591,14.800000000000097,84,0,0.5536095095627305
3,592,307.89999999999856,342,1,0.5530559000531677
3,593,23.350000000000136,93,0,0.5525028441531146
3,594,124.49999999999964,200,0,0.5519503413089615
3,595,11.750000000000085,85,0,0.5513983909676525
3,596,16.350000000000094,83,0,0.5508469925766849
3,597,310.149999999999,297,1,0.5502961455841082
3,598,10.350000000000115,83,0,0.5497458494385241
3,599,17.900000000000063,82,0,0.5491961035890855
3,600,71.25000000000031,155,0,0.5486469074854965
3,601,66.40000000000026,162,0,0.548098260578011
3,602,13.350000000000101,83,0,0.547550162317433
3,603,123.79999999999963,244,0,0.5470026121551156
3,604,13.450000000000095,81,0,0.5464556095429605
3,605,14.500000000000142,90,0,0.5459091539334175
3,606,305.29999999999905,304,1,0.5453632447794842
3,607,13.450000000000067,81,0,0.5448178815347047
3,608,14.850000000000122,83,0,0.54427306365317
3,609,17.950000000000102,81,0,0.5437287905895168
3,610,22.450000000000102,81,0,0.5431850617989273
3,611,17.750000000000128,85,0,0.5426418767371284
3,612,13.350000000000094,83,0,0.5420992348603912
3,613,313.4999999999989,260,1,0.5415571356255309
3,614,11.95000000000011,81,0,0.5410155784899053
3,615,11.900000000000091,82,0,0.5404745629114154
3,616,17.80000000000011,84,0,0.539934088348504
3,617,311.5999999999992,298,1,0.5393941542601555
3,618,71.30000000000024,124,0,0.5388547601058953
3,619,11.950000000000095,81,0,0.5383159053457894
3,620,120.99999999999933,270,0,0.5377775894404436
3,621,10.000000000000156,120,0,0.5372398118510032
3,622,17.850000000000108,83,0,0.5367025720391522
3,623,124.44999999999969,231,0,0.536165869467113
3,624,308.8999999999992,292,1,0.5356297035976458
3,625,125.79999999999943,234,0,0.5350940738940482
3,626,19.000000000000128,90,0,0.5345589798201541
3,627,18.70000000000013,96,0,0.534024420840334
3,628,14.750000000000085,85,0,0.5334903964194936
3,629,17.950000000000117,81,0,0.5329569060230741
3,630,17.950000000000117,81,0,0.532423949117051
3,631,68.15000000000025,157,0,0.531891525167934
3,632,124.14999999999982,237,0,0.5313596336427661
3,633,20.850000000000122,83,0,0.5308282740091232
3,634,20.850000000000108,83,0,0.5302974457351142
3,635,70.90000000000028,162,0,0.5297671482893791
3,636,10.40000000000012,82,0,0.5292373811410898
3,637,22.350000000000108,83,0,0.5287081437599487
3,638,16.2500000000001,85,0,0.5281794356161887
3,639,126.29999999999957,194,0,0.5276512561805725
3,640,14.700000000000081,86,0,0.5271236049243919
3,641,17.70000000000013,86,0,0.5265964813194676
3,642,306.84999999999894,273,1,0.5260698848381481
3,643,17.850000000000108,83,0,0.5255438149533099
3,644,124.09999999999984,238,0,0.5250182711383566
3,645,8.750000000000107,85,0,0.5244932528672183
3,646,120.44999999999963,251,0,0.5239687596143511
3,647,22.450000000000117,81,0,0.5234447908547367
3,648,22.000000000000142,90,0,0.522921346063882
3,649,17.950000000000117,81,0,0.522398424717818
3,650,16.000000000000128,90,0,0.5218760262931003
3,651,16.250000000000114,85,0,0.5213541502668072
3,652,10.450000000000067,81,0,0.5208327961165404
3,653,20.950000000000117,81,0,0.5203119633204238
3,654,62.30000000000027,154,0,0.5197916513571034
3,655,72.65000000000033,157,0,0.5192718597057463
3,656,319.3499999999991,293,1,0.5187525878460405
3,657,11.900000000000084,82,0,0.5182338352581944
3,658,20.70000000000013,86,0,0.5177156014229363
3,659,68.2500000000003,155,0,0.5171978858215134
3,660,68.35000000000028,153,0,0.5166806879356919
3,661,10.45000000000011,81,0,0.5161640072477562
3,662,71.0500000000003,159,0,0.5156478432405085
3,663,20.90000000000012,82,0,0.515132195397268
3,664,10.400000000000126,82,0,0.5146170632018707
3,665,10.400000000000105,82,0,0.5141024461386688
3,666,72.55000000000034,159,0,0.5135883436925301
3,667,10.400000000000112,82,0,0.5130747553488376
3,668,10.35000000000008,83,0,0.5125616805934888
3,669,13.450000000000088,81,0,0.5120491189128954
3,670,20.750000000000142,85,0,0.5115370697939825
3,671,20.900000000000134,82,0,0.5110255327241885
3,672,10.300000000000104,84,0,0.5105145071914643
3,673,13.250000000000114,85,0,0.5100039926842729
3,674,22.350000000000122,83,0,0.5094939886915886
3,675,8.850000000000065,83,0,0.508984494702897
3,676,20.850000000000108,83,0,0.508475510208194
3,677,307.599999999999,258,1,0.5079670346979859
3,678,73.95000000000033,161,0,0.5074590676632879
3,679,14.900000000000105,82,0,0.5069516085956246
3,680,14.550000000000125,89,0,0.506444656987029
3,681,11.850000000000101,83,0,0.505938212330042
3,682,66.65000000000029,157,0,0.505432274117712
3,683,10.450000000000102,81,0,0.5049268418435943
3,684,22.450000000000117,81,0,0.5044219150017507
3,685,61.80000000000031,164,0,0.5039174930867489
3,686,8.950000000000145,81,0,0.5034135755936622
3,687,11.950000000000095,81,0,0.5029101620180685
3,688,69.85000000000028,153,0,0.5024072518560504
3,689,22.40000000000009,82,0,0.5019048446041944
3,690,11.85000000000015,83,0,0.5014029397595902
3,691,11.95000000000011,81,0,0.5009015368198305
3,692,129.44999999999953,191,0,0.5004006352830107
3,693,19.40000000000012,82,0,0.4999002346477277
3,694,16.300000000000082,84,0,0.49940033441307996
3,695,20.900000000000105,82,0,0.49890093407866687
3,696,12.950000000000095,91,0,0.4984020331445882
3,697,4.100000000000051,88,0,0.4979036311114436
3,698,14.85000000000008,83,0,0.4974057274803321
3,699,75.75000000000031,155,0,0.49690832175285177
3,700,11.80000000000011,84,0,0.4964114134310989
3,701,11.850000000000101,83,0,0.4959150020176678
3,702,19.150000000000105,87,0,0.49541908701565013
3,703,8.80000000000011,84,0,0.49492366792863446
3,704,20.950000000000117,81,0,0.4944287442607058
3,705,321.149999999999,257,1,0.4939343155164451
3,706,13.400000000000112,82,0,0.4934403812009287
3,707,69.85000000000029,153,0,0.4929469408197278
3,708,10.400000000000084,82,0,0.49245399387890804
3,709,10.05000000000011,89,0,0.4919615398850291
3,710,127.39999999999962,202,0,0.4914695783451441
3,711,69.75000000000026,155,0,0.4909781087667989
3,712,17.90000000000009,82,0,0.4904871306580321
3,713,14.900000000000105,82,0,0.4899966435273741
3,714,10.200000000000102,86,0,0.4895066468838467
3,715,305.949999999999,291,1,0.48901714023696286
3,716,19.400000000000105,82,0,0.4885281230967259
3,717,13.450000000000088,81,0,0.48803959497362914
3,718,22.350000000000108,83,0,0.4875515553786555
3,719,13.450000000000095,81,0,0.48706400382327686
3,720,68.50000000000024,120,0,0.4865769398194536
3,721,10.350000000000115,83,0,0.48609036287963414
3,722,16.350000000000094,83,0,0.48560427251675453
3,723,16.450000000000088,81,0,0.48511866824423777
3,724,13.400000000000105,82,0,0.4846335495759935
3,725,66.8000000000003,154,0,0.4841489160264175
3,726,63.80000000000027,154,0,0.4836647671103911
3,727,65.85000000000038,203,0,0.4831811023432807
3,728,17.800000000000097,84,0,0.4826979212409374
3,729,121.74999999999956,195,0,0.48221522331969646
3,730,20.750000000000114,85,0,0.48173300809637676
3,731,71.30000000000022,124,0,0.48125127508828036
3,732,311.49999999999886,270,1,0.48077002381319206
3,733,14.850000000000108,83,0,0.48028925378937887
3,734,19.350000000000108,83,0,0.47980896453558947
3,735,322.8999999999989,252,1,0.4793291555710539
3,736,16.450000000000117,81,0,0.47884982641548285
3,737,19.300000000000097,84,0,0.47837097658906735
3,738,308.8499999999991,233,1,0.47789260561247826
3,739,16.450000000000117,81,0,0.4774147130068658
3,740,313.44999999999914,231,1,0.4769372982938589
3,741,318.1499999999989,257,1,0.47646036099556505
3,742,10.400000000000091,82,0,0.47598390063456947
3,743,16.450000000000088,81,0,0.4755079167339349
3,744,11.950000000000117,81,0,0.47503240881720094
3,745,13.350000000000087,83,0,0.47455737640838375
3,746,19.350000000000122,83,0,0.47408281903197536
3,747,309.44999999999936,221,1,0.47360873621294336
3,748,66.55000000000025,129,0,0.4731351274767304
3,749,20.90000000000012,82,0,0.4726619923492537
3,750,318.34999999999894,253,1,0.47218933035690447
3,751,20.950000000000102,81,0,0.47171714102654755
3,752,20.45000000000013,91,0,0.471245423885521
3,753,17.400000000000162,92,0,0.47077417846163544
3,754,19.350000000000094,83,0,0.4703034042831738
3,755,13.000000000000128,90,0,0.46983310087889063
3,756,10.450000000000124,81,0,0.46936326777801174
3,757,11.35000000000008,93,0,0.4688939045102337
3,758,19.400000000000134,82,0,0.4684250106057235
3,759,22.40000000000012,82,0,0.46795658559511777
3,760,127.64999999999954,197,0,0.46748862900952265
3,761,16.450000000000117,81,0,0.4670211403805131
3,762,13.300000000000118,84,0,0.4665541192401326
3,763,68.30000000000031,154,0,0.4660875651208925
3,764,13.350000000000122,83,0,0.4656214775557716
3,765,14.850000000000108,83,0,0.46515585607821586
3,766,20.850000000000108,83,0,0.46469070022213765
3,767,71.70000000000022,116,0,0.4642260095219155
3,768,20.700000000000102,86,0,0.4637617835123936
3,769,13.450000000000117,81,0,0.46329802172888124
3,770,64.95000000000029,161,0,0.46283472370715234
3,771,13.450000000000117,81,0,0.46237188898344517
3,772,123.24999999999964,195,0,0.4619095170944617
3,773,11.950000000000117,81,0,0.46144760757736725
3,774,69.70000000000029,156,0,0.46098615996978987
3,775,11.900000000000105,82,0,0.46052517380982005
3,776,11.850000000000108,83,0,0.4600646486360102
3,777,77.25000000000028,155,0,0.4596045839873742
3,778,19.350000000000122,83,0,0.45914497940338683
3,779,13.150000000000077,87,0,0.4586858344239834
3,780,8.950000000000117,81,0,0.45822714858955943
3,781,13.450000000000102,81,0,0.45776892144096987
3,782,17.90000000000012,82,0,0.4573111525195289
3,783,123.04999999999968,199,0,0.4568538413670094
3,784,20.65000000000012,87,0,0.4563969875256424
3,785,19.450000000000088,81,0,0.45594059053811675
3,786,11.750000000000092,85,0,0.45548464994757865
3,787,19.400000000000134,82,0,0.45502916529763104
3,788,17.850000000000108,83,0,0.45457413613233344
3,789,10.25000000000012,85,0,0.4541195619962011
3,790,13.40000000000012,82,0,0.4536654424342049
3,791,10.350000000000094,83,0,0.45321177699177073
3,792,8.850000000000058,83,0,0.452758565214779
3,793,13.400000000000091,82,0,0.4523058066495642
3,794,10.300000000000097,84,0,0.45185350084291465
3,795,3.200000000000081,106,0,0.4514016473420717
3,796,77.30000000000031,154,0,0.45095024569472963
3,797,14.900000000000105,82,0,0.4504992954490349
3,798,68.25000000000027,155,0,0.45004879615358584
3,799,13.450000000000117,81,0,0.44959874735743227
3,800,8.850000000000108,83,0,0.4491491486100748
3,801,17.950000000000102,81,0,0.44869999946146477
3,802,320.99999999999903,260,1,0.4482512994620033
3,803,16.40000000000012,82,0,0.4478030481625413
3,804,72.65000000000028,157,0,0.44735524511437874
3,805,19.45000000000013,81,0,0.4469078898692644
3,806,127.89999999999965,192,0,0.4464609819793951
3,807,73.10000000000022,118,0,0.44601452099741573
3,808,22.45000000000013,81,0,0.4455685064764183
3,809,14.950000000000095,81,0,0.4451229379699419
3,810,73.10000000000021,118,0,0.44467781503197196
3,811,11.900000000000105,82,0,0.44423313721693997
3,812,316.1499999999992,267,1,0.44378890407972305
3,813,16.45000000000013,81,0,0.44334511517564335
3,814,10.400000000000112,82,0,0.4429017700604677
3,815,67.05000000000022,119,0,0.44245886829040726
3,816,70.20000000000024,116,0,0.44201640942211684
3,817,16.250000000000128,85,0,0.44157439301269474
3,818,14.90000000000012,82,0,0.44113281861968207
3,819,13.450000000000102,81,0,0.4406916858010624
3,820,76.10000000000024,118,0,0.4402509941152613
3,821,17.950000000000117,81,0,0.43981074312114604
3,822,309.0999999999992,228,1,0.4393709323780249
3,823,19.350000000000122,83,0,0.4389315614456469
3,824,20.850000000000108,83,0,0.43849262988420123
3,825,13.200000000000102,86,0,0.438054137254317
3,826,129.1499999999997,197,0,0.4376160831170627
3,827,8.950000000000102,81,0,0.43717846703394564
3,828,323.79999999999893,264,1,0.4367412885669117
3,829,11.900000000000098,82,0,0.4363045472783448
3,830,13.40000000000012,82,0,0.43586824273106645
3,831,13.45000000000013,81,0,0.4354323744883354
3,832,14.900000000000134,82,0,0.43499694211384704
3,833,16.350000000000094,83,0,0.4345619451717332
3,834,121.74999999999962,195,0,0.43412738322656147
3,835,126.34999999999964,193,0,0.4336932558433349
3,836,19.450000000000102,81,0,0.43325956258749154
3,837,10.350000000000136,83,0,0.43282630302490405
3,838,10.450000000000095,81,0,0.43239347672187917
3,839,11.850000000000108,83,0,0.4319610832451573
3,840,8.900000000000098,82,0,0.43152912216191214
3,841,130.74999999999966,195,0,0.4310975930397502
3,842,19.30000000000011,84,0,0.43066649544671043
3,843,11.800000000000104,84,0,0.4302358289512637
3,844,19.2500000000001,85,0,0.4298055931223125
3,845,14.950000000000074,81,0,0.42937578752919014
3,846,65.60000000000024,118,0,0.4289464117416609
3,847,16.450000000000117,81,0,0.42851746532991924
3,848,75.90000000000025,122,0,0.42808894786458934
3,849,14.850000000000108,83,0,0.42766085891672473
3,850,11.950000000000074,81,0,0.427233198057808
3,851,8.950000000000095,81,0,0.4268059648597502
3,852,19.400000000000134,82,0,0.4263791588948904
3,853,10.300000000000118,84,0,0.42595277973599555
3,854,11.70000000000011,86,0,0.42552682695625954
3,855,20.950000000000102,81,0,0.4251013001293033
3,856,69.85000000000025,123,0,0.424676198829174
3,857,316.69999999999914,256,1,0.4242515226303448
3,858,22.40000000000009,82,0,0.42382727110771445
3,859,77.15000000000025,157,0,0.4234034438366067
3,860,124.44999999999966,231,0,0.4229800403927701
3,861,20.90000000000009,82,0,0.42255706035237733
3,862,11.950000000000088,81,0,0.42213450329202495
3,863,11.900000000000112,82,0,0.4217123687887329
3,864,73.00000000000023,120,0,0.4212906564199442
3,865,129.2499999999996,195,0,0.42086936576352424
3,866,129.1999999999997,196,0,0.4204484963977607
3,867,70.00000000000023,120,0,0.42002804790136294
3,868,19.350000000000122,83,0,0.4196080198534616
3,869,16.200000000000117,86,0,0.4191884118336081
3,870,119.89999999999965,202,0,0.41876922342177453
3,871,11.800000000000125,84,0,0.41835045419835276
3,872,22.45000000000013,81,0,0.4179321037441544
3,873,17.90000000000009,82,0,0.41751417164041027
3,874,71.70000000000023,116,0,0.41709665746876984
3,875,70.15000000000022,117,0,0.4166795608113011
3,876,17.90000000000012,82,0,0.41626288125048977
3,877,68.45000000000023,121,0,0.41584661836923925
3,878,70.10000000000022,118,0,0.41543077175087
3,879,130.7499999999996,195,0,0.41501534097911913
3,880,10.350000000000108,83,0,0.41460032563814003
3,881,17.850000000000108,83,0,0.4141857253125019
3,882,313.64999999999935,227,1,0.41377153958718943
3,883,316.7999999999994,224,1,0.4133577680476022
3,884,73.10000000000024,118,0,0.4129444102795546
3,885,11.950000000000081,81,0,0.412531465869275
3,886,11.950000000000095,81,0,0.41211893440340575
3,887,127.7999999999996,194,0,0.41170681546900234
3,888,13.300000000000125,84,0,0.41129510865353336
3,889,68.65000000000022,117,0,0.41088381354487985
3,890,14.850000000000122,83,0,0.410472929731335
3,891,70.10000000000022,118,0,0.41006245680160364
3,892,11.900000000000098,82,0,0.40965239434480205
3,893,20.70000000000013,86,0,0.40924274195045723
3,894,312.34999999999917,223,1,0.40883349920850676
3,895,68.50000000000021,120,0,0.40842466570929825
3,896,127.49999999999953,200,0,0.40801624104358897
3,897,71.55000000000024,119,0,0.4076082248025454
3,898,22.450000000000117,81,0,0.4072006165777428
3,899,20.900000000000105,82,0,0.4067934159611651
3,900,16.450000000000117,81,0,0.4063866225452039
3,901,123.34999999999961,193,0,0.4059802359226587
3,902,8.900000000000098,82,0,0.40557425568673605
3,903,124.59999999999961,198,0,0.40516868143104934
3,904,70.1500000000002,117,0,0.4047635127496183
3,905,315.14999999999947,257,1,0.4043587492368687
3,906,14.950000000000117,81,0,0.4039543904876318
3,907,22.450000000000117,81,0,0.4035504360971442
3,908,19.400000000000105,82,0,0.40314688566104706
3,909,22.250000000000128,85,0,0.402743738775386
3,910,127.69999999999975,196,0,0.4023409950366106
3,911,20.900000000000134,82,0,0.401938654041574
3,912,16.450000000000102,81,0,0.4015367153875324
3,913,321.4999999999993,220,1,0.4011351786721449
3,914,315.7999999999994,214,1,0.40073404349347275
3,915,10.450000000000095,81,0,0.40033330944997925
3,916,76.20000000000022,116,0,0.39993297614052925
3,917,124.49999999999962,200,0,0.3995330431643887
3,918,68.65000000000023,117,0,0.39913351012122433
3,919,19.45000000000013,81,0,0.3987343766111031
3,920,20.950000000000117,81,0,0.398335642234492
3,921,22.450000000000117,81,0,0.3979373065922575
3,922,74.30000000000022,124,0,0.39753936928566525
3,923,66.95000000000023,121,0,0.3971418299163796
3,924,8.950000000000095,81,0,0.3967446880864632
3,925,22.350000000000122,83,0,0.3963479433983767
3,926,16.450000000000117,81,0,0.3959515954549783
3,927,79.10000000000022,118,0,0.39555564385952335
3,928,19.450000000000102,81,0,0.39516008821566384
3,929,123.24999999999964,195,0,0.3947649281274482
3,930,70.00000000000024,120,0,0.3943701631993207
3,931,322.34999999999883,263,1,0.3939757930361214
3,932,77.3000000000003,154,0,0.3935818172430853
3,933,22.30000000000011,84,0,0.3931882354258422
3,934,323.7999999999993,234,1,0.39279504719041636
3,935,308.8999999999992,232,1,0.39240225214322594
3,936,13.450000000000117,81,0,0.39200984989108273
3,937,16.400000000000105,82,0,0.39161784004119166
3,938,75.95000000000024,121,0,0.39122622220115044
3,939,74.65000000000022,117,0,0.3908349959789493
3,940,19.45000000000013,81,0,0.3904441609829703
3,941,69.7000000000003,156,0,0.3900537168219873
3,942,19.400000000000105,82,0,0.3896636631051653
3,943,16.450000000000102,81,0,0.38927399944206015
3,944,69.95000000000023,121,0,0.3888847254426181
3,945,20.950000000000088,81,0,0.38849584071717547
3,946,20.80000000000011,84,0,0.3881073448764583
3,947,70.10000000000024,118,0,0.3877192375315819
3,948,13.450000000000102,81,0,0.3873315182940503
3,949,19.45000000000013,81,0,0.38694418677575626
3,950,126.34999999999958,193,0,0.3865572425889805
3,951,13.250000000000114,85,0,0.38617068534639154
3,952,71.35000000000022,123,0,0.38578451466104513
3,953,314.14999999999924,217,1,0.3853987301463841
3,954,318.14999999999924,227,1,0.3850133314162377
3,955,19.450000000000102,81,0,0.3846283180848215
3,956,14.95000000000013,81,0,0.3842436897667367
3,957,16.400000000000105,82,0,0.3838594460769699
3,958,76.05000000000022,119,0,0.38347558663089293
3,959,19.350000000000136,83,0,0.38309211104426205
3,960,16.350000000000122,83,0,0.3827090189332178
3,961,71.60000000000024,118,0,0.38232630991428457
3,962,11.900000000000098,82,0,0.38194398360437026
3,963,8.950000000000095,81,0,0.3815620396207659
3,964,67.20000000000023,116,0,0.38118047758114515
3,965,17.900000000000077,82,0,0.380799297103564
3,966,19.450000000000102,81,0,0.3804184978064605
3,967,14.900000000000055,82,0,0.380038079308654
3,968,70.15000000000023,117,0,0.3796580412293454
3,969,126.3999999999996,192,0,0.379278383188116
3,970,77.65000000000023,117,0,0.3788991048049279
3,971,22.45000000000013,81,0,0.37852020570012296
3,972,321.34999999999917,223,1,0.37814168549442284
3,973,77.65000000000012,117,0,0.3777635438089284
3,974,70.10000000000022,118,0,0.3773857802651195
3,975,312.24999999999926,225,1,0.37700839448485435
3,976,71.65000000000022,117,0,0.3766313860903695
3,977,22.350000000000108,83,0,0.37625475470427916
3,978,317.2999999999993,214,1,0.3758784999495749
3,979,16.450000000000102,81,0,0.3755026214496253
3,980,22.40000000000012,82,0,0.3751271188281757
3,981,313.8499999999992,223,1,0.3747519917093475
3,982,19.45000000000013,81,0,0.37437723971763814
3,983,74.70000000000022,116,0,0.37400286247792053
3,984,77.40000000000022,122,0,0.3736288596154426
3,985,64.20000000000022,116,0,0.37325523075582717
3,986,10.400000000000091,82,0,0.37288197552507135
3,987,124.84999999999967,193,0,0.37250909354954626
3,988,70.00000000000024,120,0,0.37213658445599673
3,989,129.24999999999955,195,0,0.3717644478715407
3,990,10.450000000000095,81,0,0.3713926834236692
3,991,70.00000000000023,120,0,0.37102129074024554
3,992,70.05000000000024,119,0,0.3706502694495053
3,993,13.350000000000094,83,0,0.3702796191800558
3,994,126.59999999999964,158,0,0.36990933956087574
3,995,77.60000000000024,118,0,0.36953943022131486
3,996,121.74999999999964,195,0,0.3691698907910935
3,997,73.00000000000023,120,0,0.3688007209003024
3,998,8.950000000000095,81,0,0.36843192017940213
3,999,17.850000000000122,83,0,0.36806348825922275
3,1000,67.20000000000022,116,0,0.3676954247709635
3,1001,79.00000000000021,120,0,0.36732772934619257
3,1002,10.450000000000102,81,0,0.3669604016168464
3,1003,22.45000000000013,81,0,0.3665934412152296
3,1004,65.70000000000023,116,0,0.3662268477740143
3,1005,67.10000000000022,118,0,0.36586062092624033
3,1006,10.300000000000097,84,0,0.3654947603053141
3,1007,19.350000000000122,83,0,0.36512926554500874
3,1008,65.70000000000023,116,0,0.36476413627946375
3,1009,76.20000000000022,116,0,0.3643993721431843
3,1010,66.85000000000026,123,0,0.36403497277104113
3,1011,19.450000000000102,81,0,0.3636709377982701
3,1012,73.00000000000021,120,0,0.3633072668604718
3,1013,73.10000000000022,118,0,0.36294395959361136
3,1014,71.65000000000023,117,0,0.36258101563401773
3,1015,69.95000000000023,121,0,0.3622184346183837
3,1016,19.300000000000125,84,0,0.36185621618376534
3,1017,14.80000000000011,84,0,0.36149435996758156
3,1018,16.450000000000102,81,0,0.361132865607614
3,1019,68.60000000000021,118,0,0.36077173274200636
3,1020,68.55000000000024,119,0,0.36041096100926434
3,1021,79.05000000000021,119,0,0.3600505500482551
3,1022,71.45000000000022,121,0,0.35969049949820686
3,1023,22.450000000000117,81,0,0.3593308089987087
3,1024,19.400000000000105,82,0,0.35897147818971
3,1025,70.15000000000022,117,0,0.3586125067115203
3,1026,16.450000000000102,81,0,0.35825389420480874
3,1027,68.70000000000023,116,0,0.35789564031060395
3,1028,70.15000000000023,117,0,0.35753774467029337
3,1029,22.450000000000102,81,0,0.3571802069256231
3,1030,11.950000000000074,81,0,0.3568230267186975
3,1031,70.10000000000021,118,0,0.3564662036919788
3,1032,70.10000000000024,118,0,0.35610973748828684
3,1033,77.60000000000018,118,0,0.35575362775079855
3,1034,322.89999999999924,222,1,0.35539787412304774
3,1035,124.7999999999996,194,0,0.3550424762489247
3,1036,67.00000000000024,120,0,0.3546874337726758
3,1037,73.00000000000023,120,0,0.35433274633890316
3,1038,68.45000000000022,121,0,0.35397841359256427
3,1039,74.70000000000023,116,0,0.3536244351789717
3,1040,330.449999999999,221,1,0.35327081074379274
3,1041,68.55000000000022,119,0,0.352917539933049
3,1042,76.00000000000026,120,0,0.3525646223931159
3,1043,127.74999999999953,195,0,0.3522120577707228
3,1044,20.950000000000088,81,0,0.3518598457129521
3,1045,70.00000000000021,120,0,0.35150798586723914
3,1046,76.10000000000022,118,0,0.3511564778813719
3,1047,73.15000000000023,117,0,0.3508053214034905
3,1048,66.90000000000023,122,0,0.35045451608208705
3,1049,20.800000000000125,84,0,0.350104061566005
3,1050,77.70000000000023,116,0,0.349753957504439
3,1051,79.10000000000022,118,0,0.3494042035469346
3,1052,328.6999999999991,226,1,0.3490547993433876
3,1053,79.20000000000023,116,0,0.34870574454404424
3,1054,314.0999999999992,218,1,0.3483570387995002
3,1055,317.24999999999926,215,1,0.3480086817607007
3,1056,71.70000000000023,116,0,0.34766067307894
3,1057,73.10000000000024,118,0,0.34731301240586104
3,1058,11.900000000000105,82,0,0.3469656993934552
3,1059,71.65000000000023,117,0,0.3466187336940617
3,1060,65.70000000000022,116,0,0.34627211496036764
3,1061,70.15000000000023,117,0,0.3459258428454073
3,1062,10.450000000000117,81,0,0.34557991700256185
3,1063,22.450000000000117,81,0,0.3452343370855593
3,1064,127.94999999999958,191,0,0.34488910274847373
3,1065,131.24999999999966,155,0,0.34454421364572524
3,1066,74.70000000000023,116,0,0.3441996694320795
3,1067,13.450000000000102,81,0,0.34385546976264747
3,1068,129.2999999999996,194,0,0.34351161429288485
3,1069,73.20000000000024,116,0,0.34316810267859194
3,1070,17.90000000000012,82,0,0.34282493457591334
3,1071,77.65000000000023,117,0,0.3424821096413374
3,1072,74.65000000000023,117,0,0.3421396275316961
3,1073,71.70000000000022,116,0,0.34179748790416437
3,1074,77.6500000000002,117,0,0.3414556904162602
3,1075,17.800000000000082,84,0,0.34111423472584396
3,1076,74.65000000000022,117,0,0.34077312049111813
3,1077,16.45000000000013,81,0,0.340432347370627
3,1078,13.450000000000117,81,0,0.34009191502325636
3,1079,323.0499999999992,219,1,0.3397518231082331
3,1080,74.70000000000023,116,0,0.33941207128512485
3,1081,20.90000000000012,82,0,0.3390726592138397
3,1082,79.0500000000002,119,0,0.3387335865546259
3,1083,71.40000000000025,122,0,0.33839485296807126
3,1084,65.65000000000025,117,0,0.3380564581151032
3,1085,14.900000000000084,82,0,0.33771840165698813
3,1086,73.15000000000023,117,0,0.33738068325533116
3,1087,76.15000000000022,117,0,0.3370433025720758
3,1088,316.6499999999992,227,1,0.33670625926950376
3,1089,17.950000000000102,81,0,0.33636955301023425
3,1090,68.60000000000025,118,0,0.336033183457224
3,1091,319.69999999999925,226,1,0.3356971502737668
3,1092,74.45000000000024,121,0,0.335361453123493
3,1093,21.950000000000117,91,0,0.3350260916703695
3,1094,74.70000000000022,116,0,0.33469106557869915
3,1095,77.65000000000023,117,0,0.33435637451312045
3,1096,13.30000000000011,84,0,0.3340220181386073
3,1097,22.45000000000013,81,0,0.33368799612046873
3,1098,20.700000000000145,86,0,0.33335430812434824
3,1099,76.10000000000022,118,0,0.3330209538162239
3,1100,22.350000000000122,83,0,0.33268793286240766
3,1101,78.85000000000024,123,0,0.33235524492954527
3,1102,22.350000000000136,83,0,0.33202288968461574
3,1103,70.05000000000024,119,0,0.33169086679493115
3,1104,321.6499999999992,217,1,0.33135917592813624
3,1105,77.60000000000024,118,0,0.3310278167522081
3,1106,20.850000000000108,83,0,0.3306967889354559
3,1107,65.65000000000022,117,0,0.33036609214652046
3,1108,17.95000000000013,81,0,0.3300357260543739
3,1109,76.10000000000024,118,0,0.32970569032831953
3,1110,65.60000000000024,118,0,0.3293759846379912
3,1111,71.55000000000024,119,0,0.3290466086533532
3,1112,79.15000000000019,117,0,0.3287175620446999
3,1113,74.50000000000024,120,0,0.32838884448265515
3,1114,20.900000000000105,82,0,0.3280604556381725
3,1115,67.15000000000022,117,0,0.32773239518253433
3,1116,79.20000000000023,116,0,0.3274046627873518
3,1117,17.950000000000088,81,0,0.32707725812456445
3,1118,16.40000000000012,82,0,0.32675018086643987
3,1119,74.70000000000022,116,0,0.32642343068557345
3,1120,317.0999999999993,218,1,0.3260970072548879
3,1121,71.65000000000025,117,0,0.325770910247633
3,1122,17.900000000000105,82,0,0.32544513933738534
3,1123,70.1500000000002,117,0,0.3251196941980479
3,1124,74.70000000000023,116,0,0.32479457450384985
3,1125,77.65000000000022,117,0,0.324469779929346
3,1126,22.400000000000134,82,0,0.32414531014941667
3,1127,64.00000000000024,120,0,0.32382116483926726
3,1128,22.450000000000102,81,0,0.323497343674428
3,1129,76.15000000000022,117,0,0.3231738463307536
3,1130,122.2499999999997,155,0,0.32285067248442284
3,1131,74.65000000000022,117,0,0.3225278218119384
3,1132,127.84999999999953,193,0,0.3222052939901265
3,1133,16.45000000000013,81,0,0.32188308869613635
3,1134,70.15000000000023,117,0,0.3215612056074402
3,1135,129.39999999999947,192,0,0.3212396444018328
3,1136,17.850000000000094,83,0,0.32091840475743094
3,1137,22.45000000000013,81,0,0.3205974863526735
3,1138,20.950000000000117,81,0,0.32027688886632083
3,1139,62.600000000000236,118,0,0.3199566119774545
3,1140,74.60000000000024,118,0,0.31963665536547703
3,1141,68.60000000000024,118,0,0.31931701871011153
3,1142,67.10000000000022,118,0,0.3189977016914014
3,1143,67.05000000000022,119,0,0.31867870398971
3,1144,71.45000000000022,121,0,0.31836002528572027
3,1145,321.5999999999992,218,1,0.31804166526043454
3,1146,77.15000000000028,157,0,0.3177236235951741
3,1147,16.450000000000102,81,0,0.3174058999715789
3,1148,71.60000000000024,118,0,0.31708849407160733
3,1149,73.00000000000024,120,0,0.31677140557753575
3,1150,324.29999999999916,224,1,0.31645463417195824
3,1151,71.70000000000022,116,0,0.3161381795377863
3,1152,74.70000000000024,116,0,0.3158220413582485
3,1153,71.35000000000022,123,0,0.3155062193168902
3,1154,70.00000000000024,120,0,0.31519071309757335
3,1155,318.64999999999924,217,1,0.3148755223844758
3,1156,70.1500000000002,117,0,0.31456064686209134
3,1157,76.05000000000014,119,0,0.31424608621522926
3,1158,74.50000000000024,120,0,0.31393184012901404
3,1159,126.7499999999997,155,0,0.31361790828888503
3,1160,68.7000000000002,116,0,0.31330429038059615
3,1161,79.20000000000024,116,0,0.31299098609021553
3,1162,67.00000000000023,120,0,0.3126779951041253
3,1163,11.950000000000102,81,0,0.31236531710902116
3,1164,76.15000000000023,117,0,0.3120529517919121
3,1165,327.5999999999992,218,1,0.3117408988401202
3,1166,71.65000000000023,117,0,0.31142915794128007
3,1167,318.5999999999992,218,1,0.31111772878333877
3,1168,74.55000000000022,119,0,0.3108066110545554
3,1169,70.2000000000002,116,0,0.3104958044435009
3,1170,79.20000000000014,116,0,0.3101853086390574
3,1171,327.04999999999916,229,1,0.30987512333041833
3,1172,70.00000000000023,120,0,0.3095652482070879
3,1173,76.05000000000024,119,0,0.30925568295888084
3,1174,10.450000000000117,81,0,0.308946427275922
3,1175,67.15000000000023,117,0,0.30863748084864606
3,1176,79.10000000000024,118,0,0.3083288433677974
3,1177,20.950000000000117,81,0,0.30802051452442963
3,1178,20.950000000000102,81,0,0.3077124940099052
3,1179,13.450000000000088,81,0,0.3074047815158953
3,1180,68.70000000000023,116,0,0.30709737673437937
3,1181,19.350000000000108,83,0,0.30679027935764497
3,1182,68.55000000000022,119,0,0.3064834890782873
3,1183,68.65000000000023,117,0,0.306177005589209
3,1184,73.15000000000022,117,0,0.3058708285836198
3,1185,309.3999999999992,222,1,0.30556495775503617
3,1186,122.29999999999968,154,0,0.30525939279728115
3,1187,67.00000000000021,120,0,0.30495413340448385
3,1188,71.55000000000022,119,0,0.3046491792710794
3,1189,125.09999999999975,158,0,0.3043445300918083
3,1190,76.10000000000024,118,0,0.30404018556171647
3,1191,69.90000000000023,122,0,0.30373614537615473
3,1192,68.70000000000023,116,0,0.3034324092307786
3,1193,70.15000000000023,117,0,0.3031289768215478
3,1194,71.65000000000022,117,0,0.30282584784472627
3,1195,73.20000000000023,116,0,0.3025230219968815
3,1196,74.65000000000023,117,0,0.3022204989748846
3,1197,71.70000000000023,116,0,0.30191827847590974
3,1198,68.70000000000023,116,0,0.3016163601974338
3,1199,79.20000000000017,116,0,0.3013147438372364
3,1200,77.65000000000023,117,0,0.3010134290933992
3,1201,71.50000000000024,120,0,0.3007124156643058
3,1202,70.20000000000023,116,0,0.30041170324864147
3,1203,68.70000000000022,116,0,0.30011129154539284
3,1204,71.55000000000021,119,0,0.29981118025384745
3,1205,73.20000000000022,116,0,0.2995113690735936
3,1206,321.19999999999914,226,1,0.29921185770452
3,1207,326.949999999999,231,1,0.2989126458468155
3,1208,68.45000000000023,121,0,0.2986137332009687
3,1209,70.20000000000022,116,0,0.29831511946776773
3,1210,318.6499999999993,217,1,0.29801680434829997
3,1211,76.15000000000023,117,0,0.29771878754395165
3,1212,70.20000000000023,116,0,0.29742106875640767
3,1213,76.10000000000024,118,0,0.29712364768765126
3,1214,71.70000000000023,116,0,0.2968265240399636
3,1215,17.950000000000117,81,0,0.2965296975159237
3,1216,65.60000000000021,118,0,0.29623316781840775
3,1217,71.40000000000022,122,0,0.29593693465058934
3,1218,65.50000000000023,120,0,0.29564099771593877
3,1219,79.10000000000015,118,0,0.2953453567182228
3,1220,70.20000000000023,116,0,0.2950500113615046
3,1221,70.15000000000022,117,0,0.2947549613501431
3,1222,74.65000000000023,117,0,0.294460206388793
3,1223,68.65000000000022,117,0,0.2941657461824042
3,1224,316.79999999999916,224,1,0.2938715804362218
3,1225,68.65000000000022,117,0,0.2935777088557856
3,1226,315.19999999999914,226,1,0.2932841311469298
3,1227,127.9499999999996,191,0,0.2929908470157829
3,1228,71.55000000000022,119,0,0.2926978561687671
3,1229,73.15000000000023,117,0,0.29240515831259833
3,1230,70.20000000000023,116,0,0.29211275315428575
3,1231,71.35000000000024,123,0,0.2918206404011315
3,1232,316.54999999999916,229,1,0.29152881976073036
3,1233,68.55000000000025,119,0,0.2912372909409696
3,1234,11.850000000000108,83,0,0.2909460536500286
3,1235,131.2499999999996,155,0,0.2906551075963786
3,1236,70.00000000000023,120,0,0.2903644524887822
3,1237,70.15000000000022,117,0,0.2900740880362934
3,1238,70.20000000000023,116,0,0.28978401394825715
3,1239,70.0500000000002,119,0,0.2894942299343089
3,1240,326.9999999999992,230,1,0.2892047357043746
3,1241,67.05000000000024,119,0,0.28891553096867023
3,1242,77.60000000000012,118,0,0.2886266154377016
3,1243,71.7000000000002,116,0,0.28833798882226386
3,1244,70.20000000000022,116,0,0.2880496508334416
3,1245,71.70000000000022,116,0,0.28776160118260813
3,1246,70.10000000000022,118,0,0.2874738395814255
3,1247,73.15000000000023,117,0,0.2871863657418441
3,1248,67.20000000000023,116,0,0.28689917937610226
3,1249,73.05000000000022,119,0,0.2866122801967262
3,1250,77.6500000000001,117,0,0.28632566791652947
3,1251,313.94999999999914,221,1,0.28603934224861294
3,1252,129.64999999999964,157,0,0.2857533029063643
3,1253,76.10000000000022,118,0,0.28546754960345794
3,1254,71.70000000000023,116,0,0.2851820820538545
3,1255,125.0999999999997,158,0,0.2848968999718006
3,1256,74.60000000000024,118,0,0.2846120030718288
3,1257,329.199999999999,216,1,0.284327391068757
3,1258,128.29999999999973,154,0,0.2840430636776882
3,1259,68.20000000000026,126,0,0.28375902061401054
3,1260,71.70000000000022,116,0,0.28347526159339653
3,1261,319.7499999999992,225,1,0.28319178633180314
3,1262,320.149999999999,217,1,0.28290859454547135
3,1263,65.65000000000022,117,0,0.28262568595092585
3,1264,70.15000000000022,117,0,0.2823430602649749
3,1265,318.64999999999935,217,1,0.28206071720470993
3,1266,68.60000000000024,118,0,0.2817786564875052
3,1267,76.10000000000022,118,0,0.28149687783101773
3,1268,123.7499999999997,155,0,0.2812153809531867
3,1269,330.4499999999989,221,1,0.28093416557223355
3,1270,77.55000000000024,119,0,0.2806532314066613
3,1271,71.65000000000023,117,0,0.2803725781752547
3,1272,68.65000000000023,117,0,0.2800922055970794
3,1273,128.29999999999973,154,0,0.2798121133914823
3,1274,74.65000000000023,117,0,0.2795323012780908
3,1275,70.15000000000023,117,0,0.2792527689768127
3,1276,73.15000000000023,117,0,0.2789735162078359
3,1277,132.74999999999966,155,0,0.2786945426916281
3,1278,327.19999999999914,226,1,0.27841584814893644
3,1279,327.44999999999914,221,1,0.2781374323007875
3,1280,68.70000000000023,116,0,0.27785929486848676
3,1281,71.45000000000023,121,0,0.27758143557361825
3,1282,75.80000000000025,124,0,0.27730385413804465
3,1283,70.15000000000022,117,0,0.2770265502839066
3,1284,65.65000000000022,117,0,0.2767495237336227
3,1285,20.950000000000102,81,0,0.2764727742098891
3,1286,71.70000000000023,116,0,0.2761963014356792
3,1287,14.850000000000108,83,0,0.27592010513424353
3,1288,73.20000000000023,116,0,0.2756441850291093
3,1289,128.24999999999966,155,0,0.2753685408440802
3,1290,129.5499999999996,159,0,0.2750931723032361
3,1291,5.000000000000121,70,0,0.27481807913093287
3,1292,76.05000000000024,119,0,0.27454326105180193
3,1293,74.60000000000021,118,0,0.2742687177907501
3,1294,71.70000000000024,116,0,0.2739944490729594
3,1295,71.65000000000022,117,0,0.27372045462388644
3,1296,73.05000000000022,119,0,0.2734467341692626
3,1297,70.15000000000023,117,0,0.27317328743509334
3,1298,19.40000000000012,82,0,0.27290011414765825
3,1299,19.350000000000122,83,0,0.2726272140335106
3,1300,73.1500000000002,117,0,0.27235458681947705
3,1301,70.00000000000021,120,0,0.2720822322326576
3,1302,329.84999999999917,233,1,0.2718101500004249
3,1303,68.60000000000024,118,0,0.27153833985042447
3,1304,62.7000000000002,116,0,0.27126680151057403
3,1305,320.24999999999903,215,1,0.27099553470906346
3,1306,68.30000000000022,124,0,0.2707245391743544
3,1307,22.350000000000108,83,0,0.27045381463518003
3,1308,129.79999999999967,154,0,0.27018336082054484
3,1309,71.70000000000022,116,0,0.2699131774597243
3,1310,127.94999999999955,191,0,0.2696432642822646
3,1311,126.74999999999964,155,0,0.26937362101798235
3,1312,67.00000000000023,120,0,0.26910424739696437
3,1313,129.64999999999958,157,0,0.2688351431495674
3,1314,68.65000000000023,117,0,0.26856630800641784
3,1315,73.10000000000024,118,0,0.2682977416984114
3,1316,64.20000000000022,116,0,0.268029443956713
3,1317,77.65000000000022,117,0,0.2677614145127563
3,1318,64.15000000000023,117,0,0.2674936530982436
3,1319,68.65000000000023,117,0,0.26722615944514533
3,1320,71.55000000000022,119,0,0.2669589332857002
3,1321,68.70000000000023,116,0,0.2666919743524145
3,1322,70.20000000000022,116,0,0.26642528237806207
3,1323,68.50000000000023,120,0,0.266158857095684
3,1324,71.70000000000023,116,0,0.2658926982385883
3,1325,64.05000000000022,119,0,0.26562680554034973
3,1326,74.60000000000024,118,0,0.26536117873480936
3,1327,74.50000000000024,120,0,0.26509581755607453
3,1328,77.65000000000022,117,0,0.26483072173851846
3,1329,72.95000000000023,121,0,0.26456589101677996
3,1330,70.20000000000023,116,0,0.2643013251257632
3,1331,76.15000000000023,117,0,0.2640370238006374
3,1332,70.10000000000022,118,0,0.2637729867768368
3,1333,65.70000000000023,116,0,0.26350921379006
3,1334,70.20000000000023,116,0,0.26324570457626995
3,1335,68.65000000000023,117,0,0.2629824588716937
3,1336,74.60000000000022,118,0,0.262719476412822
3,1337,71.65000000000022,117,0,0.2624567569364092
3,1338,66.90000000000025,122,0,0.26219430017947276
3,1339,68.60000000000024,118,0,0.2619321058792933
3,1340,71.60000000000022,118,0,0.261670173773414
3,1341,74.70000000000023,116,0,0.2614085035996406
3,1342,128.1999999999996,156,0,0.26114709509604095
3,1343,74.70000000000023,116,0,0.2608859480009449
3,1344,68.55000000000024,119,0,0.26062506205294395
3,1345,73.20000000000022,116,0,0.260364436990891
3,1346,71.70000000000023,116,0,0.2601040725539001
3,1347,70.15000000000022,117,0,0.2598439684813462
3,1348,73.15000000000023,117,0,0.2595841245128649
3,1349,73.05000000000022,119,0,0.259324540388352
3,1350,19.450000000000117,81,0,0.25906521584796366
3,1351,74.65000000000023,117,0,0.2588061506321157
3,1352,79.05000000000024,119,0,0.2585473444814836
3,1353,71.70000000000022,116,0,0.2582887971370021
3,1354,67.05000000000024,119,0,0.2580305083398651
3,1355,77.65000000000023,117,0,0.2577724778315252
3,1356,76.10000000000022,118,0,0.25751470535369364
3,1357,65.60000000000021,118,0,0.25725719064833996
3,1358,73.10000000000022,118,0,0.2569999334576916
3,1359,74.65000000000022,117,0,0.25674293352423394
3,1360,74.60000000000024,118,0,0.2564861905907097
3,1361,71.70000000000023,116,0,0.256229704400119
3,1362,66.90000000000023,122,0,0.25597347469571885
3,1363,74.70000000000023,116,0,0.25571750122102316
3,1364,74.55000000000022,119,0,0.25546178371980216
3,1365,73.20000000000023,116,0,0.25520632193608234
3,1366,128.2499999999996,155,0,0.25495111561414624
3,1367,77.55000000000024,119,0,0.2546961644985321
3,1368,323.199999999999,216,1,0.2544414683340336
3,1369,70.20000000000022,116,0,0.25418702686569955
3,1370,62.40000000000023,122,0,0.25393283983883386
3,1371,321.39999999999856,252,1,0.25367890699899504
3,1372,76.20000000000023,116,0,0.253425228091996
3,1373,77.60000000000018,118,0,0.253171802863904
3,1374,64.15000000000023,117,0,0.2529186310610401
3,1375,10.450000000000124,81,0,0.2526657124299791
3,1376,76.10000000000024,118,0,0.2524130467175491
3,1377,128.2499999999996,155,0,0.2521606336708316
3,1378,67.0500000000002,119,0,0.25190847303716074
3,1379,20.850000000000108,83,0,0.25165656456412355
3,1380,67.1500000000002,117,0,0.25140490799955945
3,1381,70.05000000000024,119,0,0.25115350309155987
3,1382,74.70000000000017,116,0,0.2509023495884683
3,1383,129.74999999999966,155,0,0.25065144723887983
3,1384,70.10000000000025,118,0,0.25040079579164093
3,1385,76.20000000000013,116,0,0.2501503949958493
3,1386,70.20000000000022,116,0,0.24990024460085344
3,1387,70.15000000000023,117,0,0.24965034435625258
3,1388,125.2499999999997,155,0,0.24940069401189632
3,1389,129.79999999999967,154,0,0.24915129331788444
3,1390,311.0499999999993,189,1,0.24890214202456656
3,1391,76.20000000000023,116,0,0.248653239882542
3,1392,74.45000000000024,121,0,0.24840458664265946
3,1393,76.20000000000023,116,0,0.2481561820560168
3,1394,129.69999999999976,156,0,0.2479080258739608
3,1395,74.55000000000022,119,0,0.24766011784808684
3,1396,327.7499999999987,245,1,0.24741245773023876
3,1397,125.29999999999974,154,0,0.24716504527250852
3,1398,73.05000000000022,119,0,0.24691788022723601
3,1399,68.50000000000023,120,0,0.24667096234700878
3,1400,79.2000000000002,116,0,0.24642429138466176
3,1401,74.70000000000023,116,0,0.2461778670932771
3,1402,79.15000000000013,117,0,0.24593168922618383
3,1403,74.70000000000023,116,0,0.24568575753695765
3,1404,71.60000000000024,118,0,0.2454400717794207
3,1405,73.20000000000022,116,0,0.24519463170764128
3,1406,74.65000000000022,117,0,0.24494943707593364
3,1407,122.29999999999977,154,0,0.24470448763885772
3,1408,74.70000000000023,116,0,0.24445978315121886
3,1409,79.00000000000018,120,0,0.24421532336806764
3,1410,79.15000000000022,117,0,0.24397110804469957
3,1411,70.20000000000023,116,0,0.24372713693665488
3,1412,126.7499999999997,155,0,0.24348340979971822
3,1413,79.15000000000023,117,0,0.2432399263899185
3,1414,62.65000000000022,117,0,0.2429966864635286
3,1415,76.20000000000023,116,0,0.24275368977706507
3,1416,64.20000000000023,116,0,0.24251093608728802
3,1417,65.55000000000024,119,0,0.24226842515120073
3,1418,260.349999999982,1713,0,0.24202615672604952
3,1419,326.24999999999903,215,1,0.24178413056932346
3,1420,316.8999999999992,222,1,0.24154234643875414
3,1421,76.20000000000023,116,0,0.24130080409231539
3,1422,22.450000000000117,81,0,0.24105950328822306
3,1423,79.10000000000015,118,0,0.24081844378493483
3,1424,76.15000000000025,117,0,0.2405776253411499
3,1425,67.20000000000023,116,0,0.24033704771580874
3,1426,67.05000000000022,119,0,0.24009671066809293
3,1427,76.15000000000025,117,0,0.23985661395742483
3,1428,79.15000000000019,117,0,0.2396167573434674
3,1429,70.1500000000002,117,0,0.23937714058612394
3,1430,128.1499999999997,157,0,0.23913776344553783
3,1431,76.20000000000022,116,0,0.2388986256820923
3,1432,65.65000000000022,117,0,0.2386597270564102
3,1433,68.70000000000022,116,0,0.23842106732935378
3,1434,79.15000000000016,117,0,0.23818264626202443
3,1435,70.00000000000023,120,0,0.2379444636157624
3,1436,79.20000000000017,116,0,0.23770651915214663
3,1437,70.20000000000022,116,0,0.2374688126329945
3,1438,76.10000000000024,118,0,0.23723134382036148
3,1439,77.70000000000023,116,0,0.23699411247654112
3,1440,76.20000000000023,116,0,0.23675711836406457
3,1441,77.70000000000022,116,0,0.2365203612457005
3,1442,70.15000000000023,117,0,0.2362838408844548
3,1443,128.24999999999972,155,0,0.23604755704357036
3,1444,74.60000000000024,118,0,0.2358115094865268
3,1445,129.69999999999953,156,0,0.23557569797704025
3,1446,76.15000000000023,117,0,0.2353401222790632
3,1447,68.65000000000023,117,0,0.23510478215678413
3,1448,71.60000000000024,118,0,0.23486967737462733
3,1449,79.15000000000022,117,0,0.2346348076972527
3,1450,79.20000000000012,116,0,0.23440017288955545
3,1451,77.70000000000023,116,0,0.2341657727166659
3,1452,20.950000000000102,81,0,0.2339316069439492
3,1453,77.7000000000002,116,0,0.23369767533700525
3,1454,74.70000000000022,116,0,0.23346397766166824
3,1455,77.60000000000022,118,0,0.23323051368400657
3,1456,71.55000000000024,119,0,0.23299728317032256
3,1457,73.20000000000022,116,0,0.23276428588715223
3,1458,20.95000000000013,81,0,0.23253152160126508
3,1459,68.60000000000024,118,0,0.23229899007966381
3,1460,73.15000000000023,117,0,0.23206669108958414
3,1461,68.70000000000023,116,0,0.23183462439849456
3,1462,77.70000000000022,116,0,0.23160278977409607
3,1463,71.65000000000023,117,0,0.23137118698432196
3,1464,74.55000000000024,119,0,0.23113981579733764
3,1465,74.70000000000023,116,0,0.2309086759815403
3,1466,77.55000000000024,119,0,0.23067776730555875
3,1467,74.65000000000023,117,0,0.23044708953825319
3,1468,66.95000000000024,121,0,0.23021664244871493
3,1469,68.65000000000023,117,0,0.22998642580626621
3,1470,71.65000000000025,117,0,0.22975643938045995
3,1471,67.15000000000022,117,0,0.2295266829410795
3,1472,122.29999999999977,154,0,0.22929715625813843
3,1473,122.24999999999976,155,0,0.2290678591018803
3,1474,76.15000000000023,117,0,0.22883879124277842
3,1475,73.05000000000022,119,0,0.22860995245153565
3,1476,131.1999999999997,156,0,0.22838134249908412
3,1477,71.50000000000024,120,0,0.22815296115658504
3,1478,19.350000000000108,83,0,0.22792480819542846
3,1479,328.9499999999959,491,0,0.22769688338723304
3,1480,71.65000000000023,117,0,0.22746918650384582
3,1481,73.10000000000024,118,0,0.22724171731734197
3,1482,79.15000000000022,117,0,0.22701447560002463
3,1483,79.2000000000002,116,0,0.2267874611244246
3,1484,70.20000000000023,116,0,0.22656067366330018
3,1485,71.65000000000023,117,0,0.22633411298963688
3,1486,76.05000000000022,119,0,0.22610777887664724
3,1487,79.15000000000022,117,0,0.22588167109777058
3,1488,310.4499999999994,201,1,0.2256557894266728
3,1489,77.70000000000023,116,0,0.22543013363724612
3,1490,125.24999999999964,155,0,0.22520470350360888
3,1491,70.10000000000024,118,0,0.2249794988001053
3,1492,73.20000000000022,116,0,0.2247545193013052
3,1493,321.4499999999992,221,1,0.22452976478200387
3,1494,79.1500000000002,117,0,0.22430523501722185
3,1495,129.74999999999966,155,0,0.22408092978220462
3,1496,70.00000000000024,120,0,0.2238568488524224
3,1497,74.60000000000024,118,0,0.22363299200356998
3,1498,65.65000000000023,117,0,0.22340935901156642
3,1499,76.15000000000023,117,0,0.22318594965255484
3,1500,70.05000000000024,119,0,0.22296276370290227
3,1501,70.20000000000023,116,0,0.22273980093919937
3,1502,68.65000000000023,117,0,0.22251706113826017
3,1503,70.15000000000022,117,0,0.2222945440771219
3,1504,79.15000000000022,117,0,0.22207224953304477
3,1505,68.60000000000024,118,0,0.22185017728351172
3,1506,73.15000000000023,117,0,0.2216283271062282
3,1507,74.65000000000023,117,0,0.22140669877912197
3,1508,76.1500000000002,117,0,0.22118529208034285
3,1509,126.69999999999969,156,0,0.2209641067882625
3,1510,76.1500000000002,117,0,0.22074314268147424
3,1511,126.74999999999964,155,0,0.22052239953879277
3,1512,73.05000000000021,119,0,0.22030187713925398
3,1513,74.60000000000024,118,0,0.22008157526211472
3,1514,74.65000000000023,117,0,0.2198614936868526
3,1515,77.55000000000022,119,0,0.21964163219316574
3,1516,323.1499999999992,217,1,0.21942199056097256
3,1517,65.65000000000023,117,0,0.2192025685704116
3,1518,68.65000000000022,117,0,0.21898336600184118
3,1519,76.10000000000024,118,0,0.21876438263583933
3,1520,65.60000000000024,118,0,0.21854561825320348
3,1521,79.20000000000023,116,0,0.21832707263495027
3,1522,73.15000000000023,117,0,0.21810874556231533
3,1523,79.10000000000024,118,0,0.217890636816753
3,1524,77.65000000000025,117,0,0.21767274617993623
3,1525,69.80000000000024,124,0,0.2174550734337563
3,1526,71.65000000000022,117,0,0.21723761836032254
3,1527,74.55000000000024,119,0,0.21702038074196223
3,1528,74.65000000000023,117,0,0.21680336036122028
3,1529,71.55000000000022,119,0,0.21658655700085905
3,1530,327.3999999999989,222,1,0.2163699704438582
3,1531,74.65000000000023,117,0,0.21615360047341434
3,1532,79.10000000000012,118,0,0.21593744687294092
3,1533,73.20000000000023,116,0,0.21572150942606796
3,1534,66.60000000000028,128,0,0.2155057879166419
3,1535,68.70000000000023,116,0,0.21529028212872525
3,1536,67.20000000000022,116,0,0.21507499184659654
3,1537,67.05000000000022,119,0,0.21485991685474995
3,1538,68.60000000000024,118,0,0.2146450569378952
3,1539,79.15000000000013,117,0,0.21443041188095732
3,1540,324.8999999999993,182,1,0.21421598146907636
3,1541,70.10000000000024,118,0,0.21400176548760727
3,1542,77.60000000000024,118,0,0.21378776372211966
3,1543,77.70000000000023,116,0,0.21357397595839755
3,1544,129.79999999999967,154,0,0.21336040198243916
3,1545,70.20000000000024,116,0,0.21314704158045672
3,1546,131.29999999999967,154,0,0.21293389453887626
3,1547,324.9499999999993,181,1,0.21272096064433738
3,1548,74.65000000000025,117,0,0.21250823968369303
3,1549,324.74999999999903,215,1,0.21229573144400934
3,1550,129.44999999999976,161,0,0.21208343571256533
3,1551,131.29999999999973,154,0,0.21187135227685275
3,1552,74.40000000000023,122,0,0.2116594809245759
3,1553,79.20000000000014,116,0,0.21144782144365132
3,1554,70.20000000000023,116,0,0.21123637362220768
3,1555,68.70000000000023,116,0,0.21102513724858546
3,1556,79.20000000000014,116,0,0.21081411211133688
3,1557,70.15000000000022,117,0,0.21060329799922556
3,1558,128.29999999999967,154,0,0.21039269470122635
3,1559,131.29999999999967,154,0,0.21018230200652513
3,1560,77.70000000000023,116,0,0.2099721197045186
3,1561,79.2000000000002,116,0,0.20976214758481407
3,1562,74.70000000000023,116,0,0.20955238543722926
3,1563,74.40000000000025,122,0,0.20934283305179202
3,1564,79.20000000000012,116,0,0.20913349021874023
3,1565,79.2000000000002,116,0,0.2089243567285215
3,1566,324.84999999999934,183,1,0.20871543237179296
3,1567,74.55000000000024,119,0,0.20850671693942116
3,1568,71.55000000000024,119,0,0.20829821022248174
3,1569,128.2999999999996,154,0,0.20808991201225926
3,1570,129.79999999999973,154,0,0.207881822100247
3,1571,126.79999999999966,154,0,0.20767394027814676
3,1572,76.20000000000023,116,0,0.2074662663378686
3,1573,126.74999999999973,155,0,0.20725880007153075
3,1574,79.15000000000016,117,0,0.20705154127145922
3,1575,79.20000000000017,116,0,0.20684448973018776
3,1576,310.94999999999925,191,1,0.20663764524045758
3,1577,125.29999999999968,154,0,0.20643100759521713
3,1578,132.7999999999996,154,0,0.20622457658762192
3,1579,79.15000000000022,117,0,0.2060183520110343
3,1580,71.60000000000024,118,0,0.20581233365902327
3,1581,77.70000000000023,116,0,0.20560652132536425
3,1582,73.15000000000022,117,0,0.20540091480403888
3,1583,129.79999999999973,154,0,0.20519551388923485
3,1584,79.15000000000022,117,0,0.20499031837534562
3,1585,70.15000000000022,117,0,0.20478532805697028
3,1586,79.10000000000024,118,0,0.2045805427289133
3,1587,79.10000000000022,118,0,0.20437596218618437
3,1588,126.74999999999964,155,0,0.2041715862239982
3,1589,314.2999999999993,184,1,0.2039674146377742
3,1590,79.05000000000022,119,0,0.20376344722313644
3,1591,129.79999999999973,154,0,0.2035596837759133
3,1592,129.79999999999967,154,0,0.20335612409213738
3,1593,128.1999999999997,156,0,0.20315276796804524
3,1594,77.70000000000019,116,0,0.2029496152000772
3,1595,77.60000000000018,118,0,0.20274666558487714
3,1596,79.2000000000002,116,0,0.20254391891929227
3,1597,129.79999999999967,154,0,0.20234137500037297
3,1598,128.29999999999973,154,0,0.20213903362537258
3,1599,73.15000000000023,117,0,0.2019368945917472
3,1600,132.59999999999968,158,0,0.20173495769715546
3,1601,311.1499999999994,187,1,0.2015332227394583
3,1602,126.74999999999962,155,0,0.20133168951671884
3,1603,77.7000000000002,116,0,0.20113035782720212
3,1604,125.29999999999966,154,0,0.20092922746937492
3,1605,131.29999999999973,154,0,0.20072829824190555
3,1606,123.69999999999966,156,0,0.20052756994366364
3,1607,131.29999999999967,154,0,0.20032704237371998
3,1608,70.20000000000023,116,0,0.20012671533134627
3,1609,67.10000000000024,118,0,0.19992658861601492
3,1610,79.2000000000002,116,0,0.19972666202739892
3,1611,73.20000000000023,116,0,0.19952693536537153
3,1612,132.74999999999966,155,0,0.19932740843000615
3,1613,126.69999999999966,156,0,0.19912808102157614
3,1614,70.20000000000023,116,0,0.19892895294055457
3,1615,128.29999999999967,154,0,0.19873002398761402
3,1616,126.79999999999966,154,0,0.1985312939636264
3,1617,324.599999999999,218,1,0.19833276266966277
3,1618,79.15000000000019,117,0,0.1981344299069931
3,1619,328.4999999999963,470,0,0.1979362954770861
3,1620,76.20000000000023,116,0,0.197738359181609
3,1621,129.7999999999996,154,0,0.1975406208224274
3,1622,74.60000000000025,118,0,0.197343080201605
3,1623,74.55000000000022,119,0,0.19714573712140337
3,1624,5.400000000000091,62,0,0.19694859138428197
3,1625,73.15000000000022,117,0,0.1967516427928977
3,1626,70.20000000000023,116,0,0.1965548911501048
3,1627,77.70000000000022,116,0,0.19635833625895469
3,1628,74.70000000000023,116,0,0.19616197792269574
3,1629,126.69999999999966,156,0,0.19596581594477305
3,1630,129.79999999999967,154,0,0.19576985012882828
3,1631,68.70000000000023,116,0,0.19557408027869944
3,1632,125.19999999999969,156,0,0.19537850619842073
3,1633,79.20000000000014,116,0,0.19518312769222232
3,1634,77.70000000000023,116,0,0.19498794456453009
3,1635,74.65000000000023,117,0,0.19479295661996557
3,1636,126.79999999999968,154,0,0.1945981636633456
3,1637,310.8499999999993,193,1,0.19440356549968224
3,1638,128.29999999999973,154,0,0.19420916193418256
3,1639,128.29999999999967,154,0,0.19401495277224837
3,1640,71.70000000000022,116,0,0.19382093781947612
3,1641,326.29999999999933,184,1,0.19362711688165665
3,1642,67.20000000000023,116,0,0.193433489764775
3,1643,131.24999999999972,155,0,0.19324005627501023
3,1644,128.29999999999973,154,0,0.1930468162187352
3,1645,128.1999999999997,156,0,0.19285376940251647
3,1646,129.7999999999996,154,0,0.19266091563311397
3,1647,79.15000000000022,117,0,0.19246825471748086
3,1648,129.7999999999996,154,0,0.1922757864627634
3,1649,126.54999999999974,159,0,0.1920835106763006
3,1650,77.70000000000023,116,0,0.19189142716562432
3,1651,74.70000000000023,116,0,0.1916995357384587
3,1652,131.2499999999996,155,0,0.19150783620272022
3,1653,126.69999999999966,156,0,0.1913163283665175
3,1654,14.90000000000012,82,0,0.19112501203815097
3,1655,129.74999999999966,155,0,0.1909338870261128
3,1656,132.74999999999977,155,0,0.19074295313908668
3,1657,70.20000000000023,116,0,0.1905522101859476
3,1658,79.15000000000022,117,0,0.19036165797576166
3,1659,74.70000000000023,116,0,0.1901712963177859
3,1660,70.20000000000023,116,0,0.1899811250214681
3,1661,128.24999999999972,155,0,0.18979114389644663
3,1662,67.15000000000022,117,0,0.1896013527525502
3,1663,128.29999999999973,154,0,0.18941175139979763
3,1664,73.10000000000024,118,0,0.18922233964839782
3,1665,131.29999999999967,154,0,0.18903311730874942
3,1666,323.29999999999933,184,1,0.18884408419144066
3,1667,70.05000000000021,119,0,0.1886552401072492
3,1668,73.15000000000023,117,0,0.18846658486714196
3,1669,123.79999999999968,154,0,0.1882781182822748
3,1670,310.9499999999993,191,1,0.18808984016399252
3,1671,68.65000000000023,117,0,0.18790175032382853
3,1672,326.3999999999993,182,1,0.1877138485735047
3,1673,129.79999999999967,154,0,0.1875261347249312
3,1674,73.20000000000023,116,0,0.1873386085902063
3,1675,67.10000000000024,118,0,0.18715126998161608
3,1676,128.29999999999967,154,0,0.18696411871163446
3,1677,125.29999999999968,154,0,0.18677715459292282
3,1678,126.7999999999996,154,0,0.1865903774383299
3,1679,129.79999999999967,154,0,0.18640378706089158
3,1680,326.54999999999933,179,1,0.1862173832738307
3,1681,71.70000000000022,116,0,0.18603116589055688
3,1682,326.199999999999,216,1,0.18584513472466632
3,1683,125.24999999999973,155,0,0.18565928958994166
3,1684,76.10000000000024,118,0,0.18547363030035172
3,1685,67.20000000000023,116,0,0.18528815667005136
3,1686,71.65000000000023,117,0,0.1851028685133813
3,1687,125.29999999999968,154,0,0.18491776564486792
3,1688,76.20000000000019,116,0,0.18473284787922306
3,1689,79.2000000000002,116,0,0.18454811503134383
3,1690,125.14999999999974,157,0,0.18436356691631248
3,1691,128.2999999999996,154,0,0.18417920334939616
3,1692,326.3999999999993,182,1,0.18399502414604677
3,1693,76.20000000000023,116,0,0.18381102912190073
3,1694,323.4499999999993,181,1,0.18362721809277882
3,1695,128.19999999999976,156,0,0.18344359087468604
3,1696,128.2999999999996,154,0,0.18326014728381135
3,1697,320.2999999999993,184,1,0.18307688713652753
3,1698,126.79999999999966,154,0,0.182893810249391
3,1699,76.15000000000022,117,0,0.1827109164391416
3,1700,128.2999999999996,154,0,0.18252820552270246
3,1701,79.10000000000021,118,0,0.18234567731717977
3,1702,73.20000000000022,116,0,0.1821633316398626
3,1703,326.59999999999934,178,1,0.18198116830822272
3,1704,68.55000000000024,119,0,0.1817991871399145
3,1705,130.94999999999976,161,0,0.18161738795277457
3,1706,70.10000000000024,118,0,0.1814357705648218
3,1707,79.20000000000017,116,0,0.18125433479425698
3,1708,125.29999999999968,154,0,0.18107308045946272
3,1709,129.79999999999967,154,0,0.18089200737900324
3,1710,126.6999999999996,156,0,0.18071111537162424
3,1711,73.10000000000025,118,0,0.1805304042562526
3,1712,129.79999999999967,154,0,0.18034987385199636
3,1713,326.64999999999935,177,1,0.18016952397814437
3,1714,129.79999999999967,154,0,0.17998935445416622
3,1715,323.39999999999924,182,1,0.17980936509971204
3,1716,74.65000000000023,117,0,0.17962955573461234
3,1717,318.9999999999993,180,1,0.17944992617887773
3,1718,128.2999999999996,154,0,0.17927047625269885
3,1719,129.74999999999972,155,0,0.17909120577644616
3,1720,129.74999999999972,155,0,0.17891211457066972
3,1721,324.7999999999993,184,1,0.17873320245609906
3,1722,132.74999999999972,155,0,0.17855446925364296
3,1723,129.7999999999996,154,0,0.17837591478438933
3,1724,318.79999999999933,184,1,0.17819753886960493
3,1725,128.2999999999996,154,0,0.17801934133073533
3,1726,74.70000000000024,116,0,0.17784132198940458
3,1727,128.29999999999967,154,0,0.1776634806674152
3,1728,128.29999999999967,154,0,0.17748581718674777
3,1729,323.4999999999993,180,1,0.17730833136956103
3,1730,65.70000000000023,116,0,0.17713102303819148
3,1731,73.15000000000022,117,0,0.1769538920151533
3,1732,318.84999999999934,183,1,0.17677693812313813
3,1733,328.09999999999934,178,1,0.17660016118501498
3,1734,79.20000000000023,116,0,0.17642356102382997
3,1735,68.65000000000023,117,0,0.17624713746280615
3,1736,126.79999999999963,154,0,0.17607089032534334
3,1737,129.69999999999965,156,0,0.175894819435018
3,1738,132.64999999999975,157,0,0.17571892461558297
3,1739,326.5499999999993,179,1,0.1755432056909674
3,1740,129.79999999999967,154,0,0.17536766248527644
3,1741,126.74999999999964,155,0,0.17519229482279117
3,1742,126.79999999999968,154,0,0.17501710252796837
3,1743,125.2499999999997,155,0,0.1748420854254404
3,1744,320.19999999999936,186,1,0.17466724334001496
3,1745,326.4999999999994,180,1,0.17449257609667496
3,1746,73.15000000000023,117,0,0.1743180835205783
3,1747,317.2499999999993,185,1,0.1741437654370577
3,1748,310.94999999999925,191,1,0.17396962167162064
3,1749,68.65000000000023,117,0,0.173795652049949
3,1750,125.29999999999968,154,0,0.17362185639789907
3,1751,65.65000000000022,117,0,0.17344823454150116
3,1752,129.79999999999973,154,0,0.17327478630695967
3,1753,128.2499999999996,155,0,0.1731015115206527
3,1754,129.79999999999967,154,0,0.17292841000913206
3,1755,73.20000000000023,116,0,0.17275548159912293
3,1756,79.2000000000002,116,0,0.17258272611752382
3,1757,129.74999999999966,155,0,0.17241014339140628
3,1758,324.9499999999993,181,1,0.1722377332480149
3,1759,326.3499999999965,423,0,0.17206549551476688
3,1760,128.14999999999964,157,0,0.1718934300192521
3,1761,129.79999999999973,154,0,0.17172153658923286
3,1762,71.70000000000023,116,0,0.17154981505264363
3,1763,129.79999999999973,154,0,0.17137826523759098
3,1764,125.29999999999968,154,0,0.1712068869723534
3,1765,131.19999999999965,156,0,0.17103568008538103
3,1766,330.4499999999992,191,1,0.17086464440529564
3,1767,79.2000000000002,116,0,0.17069377976089034
3,1768,125.29999999999971,154,0,0.17052308598112945
3,1769,131.19999999999965,156,0,0.17035256289514833
3,1770,79.05000000000025,119,0,0.17018221033225317
3,1771,128.19999999999965,156,0,0.17001202812192093
3,1772,324.8499999999993,183,1,0.169842016093799
3,1773,79.20000000000017,116,0,0.1696721740777052
3,1774,68.65000000000022,117,0,0.1695025019036275
3,1775,126.79999999999968,154,0,0.1693329994017239
3,1776,129.79999999999973,154,0,0.16916366640232217
3,1777,125.29999999999974,154,0,0.16899450273591984
3,1778,129.79999999999973,154,0,0.16882550823318393
3,1779,79.2000000000002,116,0,0.16865668272495074
3,1780,79.1500000000002,117,0,0.1684880260422258
3,1781,326.3499999999993,183,1,0.16831953801618357
3,1782,125.14999999999971,157,0,0.16815121847816739
3,1783,129.79999999999967,154,0,0.16798306725968923
3,1784,128.29999999999973,154,0,0.16781508419242955
3,1785,77.65000000000022,117,0,0.16764726910823713
3,1786,128.24999999999966,155,0,0.1674796218391289
3,1787,326.1999999999993,186,1,0.16731214221728977
3,1788,128.29999999999967,154,0,0.16714483007507247
3,1789,70.20000000000023,116,0,0.1669776852449974
3,1790,126.79999999999963,154,0,0.1668107075597524
3,1791,77.65000000000019,117,0,0.16664389685219266
3,1792,128.29999999999973,154,0,0.16647725295534047
3,1793,128.29999999999967,154,0,0.16631077570238512
3,1794,79.20000000000012,116,0,0.16614446492668272
3,1795,128.2999999999996,154,0,0.16597832046175603
3,1796,126.79999999999966,154,0,0.16581234214129428
3,1797,129.79999999999967,154,0,0.16564652979915298
3,1798,131.29999999999967,154,0,0.16548088326935384
3,1799,125.29999999999971,154,0,0.1653154023860845
3,1800,324.8999999999993,182,1,0.1651500869836984
3,1801,74.70000000000024,116,0,0.1649849368967147
3,1802,126.74999999999967,155,0,0.164819951959818
3,1803,73.15000000000023,117,0,0.16465513200785817
3,1804,126.74999999999964,155,0,0.1644904768758503
3,1805,126.79999999999974,154,0,0.16432598639897444
3,1806,323.3499999999993,183,1,0.16416166041257546
3,1807,326.24999999999926,185,1,0.16399749875216288
3,1808,65.70000000000023,116,0,0.16383350125341073
3,1809,128.1999999999996,156,0,0.16366966775215733
3,1810,128.29999999999973,154,0,0.16350599808440516
3,1811,79.20000000000023,116,0,0.16334249208632076
3,1812,128.29999999999967,154,0,0.16317914959423443
3,1813,131.2999999999996,154,0,0.1630159704446402
3,1814,125.29999999999974,154,0,0.16285295447419557
3,1815,126.79999999999971,154,0,0.16269010151972138
3,1816,128.29999999999967,154,0,0.16252741141820165
3,1817,129.7499999999996,155,0,0.16236488400678345
3,1818,131.2499999999996,155,0,0.16220251912277667
3,1819,131.24999999999966,155,0,0.1620403166036539
3,1820,326.5999999999993,178,1,0.16187827628705023
3,1821,128.29999999999973,154,0,0.16171639801076318
3,1822,318.9999999999993,180,1,0.1615546816127524
3,1823,129.74999999999966,155,0,0.16139312693113966
3,1824,129.7499999999996,155,0,0.16123173380420852
3,1825,128.14999999999958,157,0,0.16107050207040433
3,1826,77.65000000000023,117,0,0.16090943156833393
3,1827,125.2499999999997,155,0,0.1607485221367656
3,1828,327.8499999999993,183,1,0.16058777361462884
3,1829,126.79999999999968,154,0,0.1604271858410142
3,1830,128.29999999999967,154,0,0.16026675865517317
3,1831,128.2999999999996,154,0,0.160106491896518
3,1832,128.29999999999967,154,0,0.15994638540462147
3,1833,128.29999999999973,154,0,0.15978643901921685
3,1834,123.79999999999963,154,0,0.15962665258019765
3,1835,129.79999999999973,154,0,0.15946702592761744
3,1836,129.79999999999973,154,0,0.15930755890168982
3,1837,71.70000000000023,116,0,0.15914825134278812
3,1838,321.9999999999994,180,1,0.15898910309144534
3,1839,73.15000000000025,117,0,0.1588301139883539
3,1840,326.2999999999993,184,1,0.15867128387436555
3,1841,327.8499999999993,183,1,0.15851261259049118
3,1842,327.8999999999993,182,1,0.1583540999779007
3,1843,68.65000000000023,117,0,0.1581957458779228
3,1844,76.05000000000022,119,0,0.15803755013204487
3,1845,126.74999999999976,155,0,0.15787951258191282
3,1846,126.79999999999974,154,0,0.1577216330693309
3,1847,125.24999999999962,155,0,0.15756391143626158
3,1848,74.65000000000023,117,0,0.15740634752482532
3,1849,126.79999999999966,154,0,0.1572489411773005
3,1850,314.59999999999934,178,1,0.1570916922361232
3,1851,126.74999999999967,155,0,0.15693460054388708
3,1852,323.34999999999934,183,1,0.1567776659433432
3,1853,126.39999999999948,162,0,0.15662088827739984
3,1854,129.74999999999966,155,0,0.15646426738912245
3,1855,128.2999999999996,154,0,0.1563078031217333
3,1856,129.79999999999967,154,0,0.15615149531861158
3,1857,129.3499999999995,163,0,0.15599534382329297
3,1858,79.20000000000014,116,0,0.15583934847946967
3,1859,325.09999999999934,178,1,0.15568350913099022
3,1860,122.24999999999976,155,0,0.15552782562185924
3,1861,325.09999999999934,178,1,0.15537229779623737
3,1862,126.79999999999968,154,0,0.15521692549844113
3,1863,326.54999999999933,179,1,0.15506170857294269
3,1864,326.39999999999935,182,1,0.15490664686436975
3,1865,326.6499999999993,177,1,0.15475174021750537
3,1866,131.29999999999973,154,0,0.15459698847728787
3,1867,125.29999999999968,154,0,0.1544423914888106
3,1868,128.2999999999996,154,0,0.15428794909732177
3,1869,320.4999999999993,180,1,0.15413366114822444
3,1870,323.59999999999934,178,1,0.15397952748707622
3,1871,128.24999999999966,155,0,0.15382554795958914
3,1872,317.64999999999935,177,1,0.15367172241162955
3,1873,320.54999999999933,179,1,0.15351805068921792
3,1874,334.5499999999965,439,0,0.1533645326385287
3,1875,326.39999999999935,182,1,0.15321116810589017
3,1876,324.7999999999992,184,1,0.1530579569377843
3,1877,326.39999999999935,182,1,0.1529048989808465
3,1878,324.79999999999933,184,1,0.15275199408186566
3,1879,126.79999999999966,154,0,0.15259924208778378
3,1880,129.7999999999996,154,0,0.15244664284569598
3,1881,131.0499999999996,159,0,0.15229419620285028
3,1882,125.24999999999967,155,0,0.15214190200664743
3,1883,326.4999999999993,180,1,0.15198976010464077
3,1884,126.74999999999967,155,0,0.15183777034453613
3,1885,326.54999999999933,179,1,0.1516859325741916
3,1886,326.54999999999933,179,1,0.1515342466416174
3,1887,329.0999999999992,188,1,0.1513827123949758
3,1888,128.24999999999966,155,0,0.15123132968258082
3,1889,324.79999999999933,184,1,0.15108009835289823
3,1890,125.29999999999966,154,0,0.15092901825454533
3,1891,126.79999999999963,154,0,0.15077808923629077
3,1892,129.7999999999996,154,0,0.15062731114705447
3,1893,323.5499999999993,179,1,0.1504766838359074
3,1894,79.2000000000002,116,0,0.15032620715207148
3,1895,128.29999999999967,154,0,0.1501758809449194
3,1896,326.29999999999933,184,1,0.15002570506397447
3,1897,320.3999999999993,182,1,0.1498756793589105
3,1898,129.74999999999966,155,0,0.14972580367955157
3,1899,126.79999999999974,154,0,0.14957607787587202
3,1900,129.7499999999996,155,0,0.14942650179799613
3,1901,326.2999999999993,184,1,0.14927707529619813
3,1902,128.2999999999996,154,0,0.14912779822090194
3,1903,122.24999999999973,155,0,0.14897867042268104
3,1904,320.4999999999993,180,1,0.14882969175225835
3,1905,320.39999999999935,182,1,0.1486808620605061
3,1906,326.4999999999994,180,1,0.14853218119844558
3,1907,323.59999999999934,178,1,0.14838364901724713
3,1908,326.54999999999933,179,1,0.14823526536822987
3,1909,128.29999999999967,154,0,0.14808703010286164
3,1910,77.70000000000023,116,0,0.1479389430727588
3,1911,128.29999999999967,154,0,0.14779100412968604
3,1912,126.79999999999966,154,0,0.14764321312555637
3,1913,326.5499999999994,179,1,0.14749556991243082
3,1914,128.29999999999967,154,0,0.1473480743425184
3,1915,320.59999999999934,178,1,0.14720072626817587
3,1916,327.9499999999993,181,1,0.1470535255419077
3,1917,320.44999999999925,181,1,0.1469064720163658
3,1918,126.64999999999974,157,0,0.14675956554434944
3,1919,326.4999999999993,180,1,0.14661280597880508
3,1920,326.4999999999993,180,1,0.14646619317282628
3,1921,320.4499999999993,181,1,0.14631972697965345
3,1922,129.79999999999967,154,0,0.1461734072526738
3,1923,329.64999999999935,177,1,0.14602723384542113
3,1924,123.64999999999971,157,0,0.14588120661157572
3,1925,68.70000000000023,116,0,0.14573532540496414
3,1926,126.69999999999963,156,0,0.14558959007955918
3,1927,122.29999999999966,154,0,0.1454440004894796
3,1928,129.79999999999967,154,0,0.14529855648899012
3,1929,79.20000000000023,116,0,0.14515325793250114
3,1930,131.1999999999996,156,0,0.14500810467456865
3,1931,132.79999999999973,154,0,0.14486309656989407
3,1932,128.24999999999966,155,0,0.1447182334733242
3,1933,324.8999999999993,182,1,0.14457351523985087
3,1934,128.1999999999997,156,0,0.14442894172461102
3,1935,328.0999999999993,178,1,0.1442845127828864
3,1936,326.64999999999935,177,1,0.1441402282701035
3,1937,128.24999999999966,155,0,0.1439960880418334
3,1938,126.79999999999971,154,0,0.14385209195379156
3,1939,321.8999999999993,182,1,0.14370823986183776
3,1940,129.74999999999966,155,0,0.1435645316219759
3,1941,127.89999999999957,162,0,0.14342096709035393
3,1942,71.70000000000023,116,0,0.14327754612326357
3,1943,128.24999999999966,155,0,0.14313426857714032
3,1944,70.20000000000022,116,0,0.14299113430856317
3,1945,325.44999999999675,411,0,0.1428481431742546
3,1946,77.70000000000023,116,0,0.14270529503108034
3,1947,129.79999999999973,154,0,0.14256258973604927
3,1948,320.59999999999934,178,1,0.14242002714631322
3,1949,128.29999999999967,154,0,0.1422776071191669
3,1950,323.59999999999934,178,1,0.14213532951204774
3,1951,129.79999999999967,154,0,0.1419931941825357
3,1952,131.29999999999967,154,0,0.14185120098835316
3,1953,126.79999999999966,154,0,0.1417093497873648
3,1954,79.15000000000019,117,0,0.14156764043757744
3,1955,326.5499999999993,179,1,0.14142607279713987
3,1956,125.29999999999971,154,0,0.14128464672434274
3,1957,126.74999999999964,155,0,0.1411433620776184
3,1958,131.29999999999967,154,0,0.14100221871554078
3,1959,128.2499999999996,155,0,0.14086121649682523
3,1960,129.7999999999996,154,0,0.14072035528032842
3,1961,77.70000000000023,116,0,0.1405796349250481
3,1962,129.74999999999966,155,0,0.14043905529012304
3,1963,129.79999999999973,154,0,0.14029861623483292
3,1964,129.59999999999968,158,0,0.1401583176185981
3,1965,320.39999999999935,182,1,0.1400181593009795
3,1966,128.29999999999967,154,0,0.1398781411416785
3,1967,326.6499999999993,177,1,0.13973826300053682
3,1968,131.29999999999967,154,0,0.13959852473753628
3,1969,125.29999999999963,154,0,0.13945892621279873
3,1970,325.0999999999994,178,1,0.13931946728658592
3,1971,131.29999999999967,154,0,0.13918014781929933
3,1972,126.74999999999964,155,0,0.13904096767148003
3,1973,320.1999999999992,186,1,0.13890192670380855
3,1974,323.34999999999934,183,1,0.13876302477710473
3,1975,320.4999999999993,180,1,0.13862426175232762
3,1976,321.9999999999993,180,1,0.1384856374905753
3,1977,125.29999999999968,154,0,0.13834715185308472
3,1978,128.29999999999973,154,0,0.13820880470123162
3,1979,324.64999999999924,187,1,0.1380705958965304
3,1980,323.3499999999992,183,1,0.13793252530063388
3,1981,129.74999999999966,155,0,0.13779459277533324
3,1982,323.59999999999934,178,1,0.1376567981825579
3,1983,323.54999999999933,179,1,0.13751914138437535
3,1984,125.2999999999996,154,0,0.13738162224299097
3,1985,126.79999999999968,154,0,0.13724424062074797
3,1986,318.79999999999933,184,1,0.13710699638012722
3,1987,325.84999999999917,193,1,0.1369698893837471
3,1988,326.4999999999993,180,1,0.13683291949436335
3,1989,123.79999999999977,154,0,0.13669608657486898
3,1990,131.24999999999966,155,0,0.1365593904882941
3,1991,126.7499999999997,155,0,0.1364228310978058
3,1992,125.24999999999967,155,0,0.13628640826670801
3,1993,320.34999999999934,183,1,0.1361501218584413
3,1994,323.29999999999933,184,1,0.13601397173658286
3,1995,128.24999999999966,155,0,0.1358779577648463
3,1996,320.6499999999993,177,1,0.13574207980708144
3,1997,320.44999999999936,181,1,0.13560633772727437
3,1998,126.64999999999962,157,0,0.1354707313895471
3,1999,318.94999999999936,181,1,0.13533526065815754
3,2000,126.7999999999996,154,0,0.1351999253974994
3,2001,129.7999999999996,154,0,0.13506472547210188
3,2002,65.70000000000024,116,0,0.1349296607466298
3,2003,326.3499999999993,183,1,0.13479473108588316
3,2004,320.24999999999926,185,1,0.13465993635479728
3,2005,128.29999999999967,154,0,0.13452527641844247
3,2006,129.7999999999996,154,0,0.13439075114202403
3,2007,132.79999999999967,154,0,0.134256360390882
3,2008,318.9999999999993,180,1,0.13412210403049113
3,2009,126.74999999999967,155,0,0.13398798192646064
3,2010,126.79999999999968,154,0,0.13385399394453418
3,2011,128.29999999999973,154,0,0.13372013995058965
3,2012,128.29999999999967,154,0,0.13358641981063907
3,2013,132.6999999999996,156,0,0.13345283339082842
3,2014,129.69999999999965,156,0,0.13331938055743758
3,2015,70.10000000000024,118,0,0.13318606117688014
3,2016,128.2999999999996,154,0,0.13305287511570327
3,2017,320.54999999999933,179,1,0.13291982224058757
3,2018,128.2999999999996,154,0,0.13278690241834698
3,2019,129.7999999999996,154,0,0.13265411551592862
3,2020,329.64999999999935,177,1,0.13252146140041268
3,2021,125.29999999999963,154,0,0.13238893993901227
3,2022,126.74999999999964,155,0,0.13225655099907327
3,2023,328.14999999999935,177,1,0.1321242944480742
3,2024,310.99999999999926,190,1,0.13199217015362613
3,2025,129.7999999999996,154,0,0.1318601779834725
3,2026,125.29999999999971,154,0,0.13172831780548902
3,2027,126.79999999999966,154,0,0.13159658948768352
3,2028,129.74999999999972,155,0,0.13146499289819583
3,2029,318.9999999999993,180,1,0.13133352790529762
3,2030,320.4999999999993,180,1,0.13120219437739233
3,2031,323.44999999999936,181,1,0.13107099218301493
3,2032,311.6499999999994,177,1,0.13093992119083192
3,2033,332.59999999999934,178,1,0.13080898126964108
3,2034,129.79999999999973,154,0,0.13067817228837145
3,2035,125.09999999999972,158,0,0.13054749411608307
3,2036,128.29999999999956,154,0,0.13041694662196698
3,2037,326.4999999999993,180,1,0.13028652967534501
3,2038,129.69999999999976,156,0,0.13015624314566968
3,2039,319.0999999999993,178,1,0.130026086902524
3,2040,320.5499999999993,179,1,0.1298960608156215
3,2041,324.7999999999993,184,1,0.12976616475480587
3,2042,129.74999999999966,155,0,0.12963639859005108
3,2043,323.54999999999933,179,1,0.12950676219146104
3,2044,128.24999999999972,155,0,0.1293772554292696
3,2045,325.0499999999994,179,1,0.1292478781738403
3,2046,328.9999999999988,220,1,0.12911863029566648
3,2047,128.29999999999967,154,0,0.12898951166537082
3,2048,123.79999999999971,154,0,0.12886052215370544
3,2049,326.4499999999993,181,1,0.12873166163155172
3,2050,325.1499999999993,177,1,0.12860292996992018
3,2051,126.74999999999962,155,0,0.12847432703995026
3,2052,326.34999999999934,183,1,0.12834585271291032
3,2053,128.29999999999967,154,0,0.12821750686019742
3,2054,327.74999999999926,185,1,0.12808928935333722
3,2055,320.19999999999925,186,1,0.12796120006398387
3,2056,326.54999999999933,179,1,0.1278332388639199
3,2057,126.74999999999964,155,0,0.12770540562505597
3,2058,316.09999999999934,178,1,0.1275777002194309
3,2059,323.4499999999993,181,1,0.12745012251921148
3,2060,129.79999999999973,154,0,0.12732267239669226
3,2061,128.24999999999966,155,0,0.12719534972429558
3,2062,327.8999999999993,182,1,0.12706815437457128
3,2063,326.5499999999994,179,1,0.1269410862201967
3,2064,324.94999999999936,181,1,0.1268141451339765
3,2065,328.0499999999994,179,1,0.12668733098884255
3,2066,125.29999999999966,154,0,0.12656064365785372
3,2067,129.74999999999966,155,0,0.12643408301419587
3,2068,131.24999999999972,155,0,0.12630764893118168
3,2069,129.59999999999962,158,0,0.1261813412822505
3,2070,327.84999999999934,183,1,0.12605515994096825
3,2071,123.79999999999963,154,0,0.12592910478102728
3,2072,126.79999999999971,154,0,0.12580317567624627
3,2073,325.09999999999934,178,1,0.12567737250057
3,2074,131.29999999999967,154,0,0.12555169512806943
3,2075,128.24999999999966,155,0,0.12542614343294137
3,2076,327.69999999999925,186,1,0.12530071728950842
3,2077,328.69999999999675,406,0,0.12517541657221892
3,2078,326.3499999999993,183,1,0.1250502411556467
3,2079,126.74999999999962,155,0,0.12492519091449104
3,2080,317.59999999999934,178,1,0.12480026572357655
3,2081,326.54999999999933,179,1,0.12467546545785298
3,2082,324.94999999999936,181,1,0.12455078999239512
3,2083,129.79999999999967,154,0,0.12442623920240273
3,2084,128.24999999999966,155,0,0.12430181296320032
3,2085,326.3499999999993,183,1,0.12417751115023712
3,2086,322.04999999999933,179,1,0.12405333363908688
3,2087,131.19999999999965,156,0,0.1239292803054478
3,2088,128.24999999999966,155,0,0.12380535102514234
3,2089,320.4999999999993,180,1,0.1236815456741172
3,2090,131.29999999999967,154,0,0.12355786412844308
3,2091,324.8499999999993,183,1,0.12343430626431463
3,2092,71.70000000000023,116,0,0.12331087195805032
3,2093,325.09999999999934,178,1,0.12318756108609227
3,2094,326.4999999999993,180,1,0.12306437352500618
3,2095,126.79999999999968,154,0,0.12294130915148117
3,2096,328.14999999999935,177,1,0.12281836784232969
3,2097,129.79999999999967,154,0,0.12269554947448735
3,2098,320.64999999999935,177,1,0.12257285392501287
3,2099,328.0499999999994,179,1,0.12245028107108785
3,2100,317.4999999999994,180,1,0.12232783079001676
3,2101,126.79999999999963,154,0,0.12220550295922675
3,2102,126.79999999999966,154,0,0.12208329745626752
3,2103,129.69999999999965,156,0,0.12196121415881125
3,2104,326.4499999999993,181,1,0.12183925294465245
3,2105,321.9499999999993,181,1,0.1217174136917078
3,2106,128.29999999999967,154,0,0.12159569627801609
3,2107,323.34999999999934,183,1,0.12147410058173808
3,2108,126.79999999999966,154,0,0.12135262648115634
3,2109,326.2999999999992,184,1,0.12123127385467519
3,2110,317.4499999999993,181,1,0.12111004258082052
3,2111,128.29999999999967,154,0,0.1209889325382397
3,2112,322.04999999999933,179,1,0.12086794360570145
3,2113,328.0499999999993,179,1,0.12074707566209575
3,2114,320.59999999999934,178,1,0.12062632858643366
3,2115,324.8499999999993,183,1,0.12050570225784722
3,2116,79.20000000000017,116,0,0.12038519655558938
3,2117,125.29999999999971,154,0,0.12026481135903379
3,2118,326.4499999999993,181,1,0.12014454654767476
3,2119,328.09999999999934,178,1,0.12002440200112709
3,2120,129.7999999999996,154,0,0.11990437759912596
3,2121,325.04999999999933,179,1,0.11978447322152684
3,2122,125.14999999999957,157,0,0.11966468874830531
3,2123,129.79999999999967,154,0,0.11954502405955701
3,2124,132.39999999999952,162,0,0.11942547903549745
3,2125,324.9999999999993,180,1,0.11930605355646196
3,2126,327.9999999999993,180,1,0.11918674750290549
3,2127,79.10000000000024,118,0,0.11906756075540259
3,2128,325.14999999999935,177,1,0.11894849319464719
3,2129,131.29999999999967,154,0,0.11882954470145254
3,2130,326.5999999999993,178,1,0.11871071515675109
3,2131,126.79999999999968,154,0,0.11859200444159435
3,2132,327.7999999999993,184,1,0.11847341243715274
3,2133,125.24999999999967,155,0,0.1183549390247156
3,2134,324.9499999999993,181,1,0.11823658408569088
3,2135,131.2999999999996,154,0,0.11811834750160519
3,2136,126.74999999999967,155,0,0.11800022915410358
3,2137,327.9999999999993,180,1,0.11788222892494947
3,2138,131.29999999999967,154,0,0.11776434669602452
3,2139,324.9999999999993,180,1,0.1176465823493285
3,2140,320.4999999999993,180,1,0.11752893576697916
3,2141,129.74999999999977,155,0,0.11741140683121218
3,2142,326.54999999999933,179,1,0.11729399542438097
3,2143,331.1499999999993,177,1,0.11717670142895659
3,2144,128.2999999999996,154,0,0.11705952472752763
3,2145,326.4499999999993,181,1,0.1169424652028001
3,2146,321.89999999999935,182,1,0.1168255227375973
3,2147,126.74999999999976,155,0,0.1167086972148597
3,2148,326.6499999999993,177,1,0.11659198851764484
3,2149,328.0499999999994,179,1,0.1164753965291272
3,2150,322.09999999999934,178,1,0.11635892113259806
3,2151,324.79999999999933,184,1,0.11624256221146546
3,2152,328.14999999999935,177,1,0.116126319649254
3,2153,326.59999999999934,178,1,0.11601019332960474
3,2154,326.54999999999933,179,1,0.11589418313627514
3,2155,323.5999999999993,178,1,0.11577828895313887
3,2156,326.2999999999993,184,1,0.11566251066418573
3,2157,328.04999999999933,179,1,0.11554684815352155
3,2158,126.74999999999967,155,0,0.11543130130536802
3,2159,326.54999999999933,179,1,0.11531587000406265
3,2160,326.54999999999933,179,1,0.1152005541340586
3,2161,323.59999999999934,178,1,0.11508535357992454
3,2162,326.3499999999993,183,1,0.11497026822634461
3,2163,128.24999999999966,155,0,0.11485529795811826
3,2164,338.5499999999973,359,0,0.11474044266016015
3,2165,317.5999999999994,178,1,0.11462570221749999
3,2166,126.6499999999996,157,0,0.11451107651528249
3,2167,312.14999999999947,167,1,0.11439656543876721
3,2168,326.59999999999934,178,1,0.11428216887332844
3,2169,328.09999999999934,178,1,0.11416788670445512
3,2170,324.8999999999993,182,1,0.11405371881775066
3,2171,326.4499999999993,181,1,0.11393966509893291
3,2172,323.4999999999993,180,1,0.11382572543383399
3,2173,126.74999999999964,155,0,0.11371189970840015
3,2174,326.4999999999993,180,1,0.11359818780869176
3,2175,326.34999999999934,183,1,0.11348458962088306
3,2176,128.2999999999996,154,0,0.11337110503126219
3,2177,129.79999999999967,154,0,0.11325773392623092
3,2178,325.14999999999935,177,1,0.1131444761923047
3,2179,324.8499999999993,183,1,0.11303133171611239
3,2180,129.7999999999996,154,0,0.11291830038439628
3,2181,327.84999999999934,183,1,0.11280538208401188
3,2182,325.14999999999935,177,1,0.11269257670192787
3,2183,326.4499999999993,181,1,0.11257988412522593
3,2184,125.29999999999966,154,0,0.1124673042411007
3,2185,324.84999999999934,183,1,0.1123548369368596
3,2186,325.09999999999934,178,1,0.11224248209992274
3,2187,318.8499999999993,183,1,0.11213023961782281
3,2188,326.2999999999993,184,1,0.11201810937820499
3,2189,323.39999999999935,182,1,0.11190609126882678
3,2190,325.09999999999934,178,1,0.11179418517755796
3,2191,326.59999999999934,178,1,0.1116823909923804
3,2192,128.29999999999973,154,0,0.11157070860138803
3,2193,328.04999999999933,179,1,0.11145913789278664
3,2194,128.29999999999973,154,0,0.11134767875489385
3,2195,125.29999999999963,154,0,0.11123633107613895
3,2196,327.8499999999993,183,1,0.11112509474506281
3,2197,329.4499999999993,181,1,0.11101396965031775
3,2198,326.64999999999935,177,1,0.11090295568066744
3,2199,325.14999999999935,177,1,0.11079205272498677
3,2200,329.4499999999993,181,1,0.11068126067226178
3,2201,319.14999999999935,177,1,0.11057057941158951
3,2202,131.29999999999967,154,0,0.11046000883217792
3,2203,330.9999999999972,360,0,0.11034954882334574
3,2204,325.09999999999934,178,1,0.1102391992745224
3,2205,129.74999999999972,155,0,0.11012896007524788
3,2206,128.29999999999967,154,0,0.11001883111517263
3,2207,327.99999999999926,180,1,0.10990881228405747
3,2208,126.79999999999968,154,0,0.10979890347177342
3,2209,328.14999999999935,177,1,0.10968910456830164
3,2210,126.74999999999964,155,0,0.10957941546373333
3,2211,325.1499999999993,177,1,0.1094698360482696
3,2212,317.5999999999994,178,1,0.10936036621222132
3,2213,323.5999999999993,178,1,0.10925100584600911
3,2214,324.9999999999994,180,1,0.1091417548401631
3,2215,328.1499999999993,177,1,0.10903261308532293
3,2216,326.34999999999934,183,1,0.1089235804722376
3,2217,329.3499999999993,183,1,0.10881465689176537
3,2218,319.04999999999933,179,1,0.1087058422348736
3,2219,325.09999999999934,178,1,0.10859713639263872
3,2220,131.1999999999997,156,0,0.10848853925624609
3,2221,323.5499999999993,179,1,0.10838005071698985
3,2222,324.8999999999993,182,1,0.10827167066627286
3,2223,128.29999999999973,154,0,0.10816339899560658
3,2224,126.79999999999963,154,0,0.10805523559661097
3,2225,324.9999999999993,180,1,0.10794718036101436
3,2226,126.74999999999962,155,0,0.10783923318065335
3,2227,129.7999999999996,154,0,0.10773139394747269
3,2228,329.54999999999933,179,1,0.10762366255352522
3,2229,325.04999999999933,179,1,0.1075160388909717
3,2230,129.7999999999996,154,0,0.10740852285208072
3,2231,128.24999999999972,155,0,0.10730111432922863
3,2232,326.3999999999993,182,1,0.1071938132148994
3,2233,326.54999999999933,179,1,0.1070866194016845
3,2234,321.84999999999934,183,1,0.10697953278228281
3,2235,128.2999999999996,154,0,0.10687255324950053
3,2236,330.5999999999975,338,0,0.10676568069625103
3,2237,323.34999999999934,183,1,0.10665891501555477
3,2238,326.4999999999994,180,1,0.10655225610053921
3,2239,325.1499999999994,177,1,0.10644570384443867
3,2240,128.14999999999964,157,0,0.10633925814059424
3,2241,331.0999999999993,178,1,0.10623291888245365
3,2242,329.54999999999933,179,1,0.1061266859635712
3,2243,128.29999999999967,154,0,0.10602055927760762
3,2244,326.2999999999993,184,1,0.10591453871833001
3,2245,328.1499999999993,177,1,0.10580862417961168
3,2246,123.7499999999997,155,0,0.10570281555543207
3,2247,132.74999999999966,155,0,0.10559711273987664
3,2248,123.79999999999963,154,0,0.10549151562713677
3,2249,326.64999999999935,177,1,0.10538602411150963
3,2250,128.24999999999966,155,0,0.10528063808739813
3,2251,132.79999999999967,154,0,0.10517535744931072
3,2252,320.3999999999993,182,1,0.10507018209186142
3,2253,314.5999999999994,178,1,0.10496511190976955
3,2254,326.3499999999993,183,1,0.10486014679785978
3,2255,323.24999999999926,185,1,0.10475528665106192
3,2256,325.0999999999993,178,1,0.10465053136441085
3,2257,328.14999999999935,177,1,0.10454588083304645
3,2258,327.89999999999935,182,1,0.1044413349522134
3,2259,323.59999999999934,178,1,0.10433689361726119
3,2260,325.09999999999934,178,1,0.10423255672364393
3,2261,326.4999999999993,180,1,0.10412832416692028
3,2262,129.7999999999996,154,0,0.10402419584275335
3,2263,326.54999999999933,179,1,0.1039201716469106
3,2264,321.94999999999936,181,1,0.10381625147526369
3,2265,319.0999999999994,178,1,0.10371243522378842
3,2266,126.79999999999968,154,0,0.10360872278856463
3,2267,128.29999999999967,154,0,0.10350511406577606
3,2268,125.29999999999963,154,0,0.10340160895171029
3,2269,317.59999999999934,178,1,0.10329820734275857
3,2270,128.2999999999996,154,0,0.10319490913541582
3,2271,128.29999999999967,154,0,0.1030917142262804
3,2272,323.64999999999935,177,1,0.10298862251205412
3,2273,326.39999999999935,182,1,0.10288563388954207
3,2274,129.69999999999965,156,0,0.10278274825565252
3,2275,125.2999999999996,154,0,0.10267996550739687
3,2276,323.5999999999993,178,1,0.10257728554188948
3,2277,319.14999999999935,177,1,0.1024747082563476
3,2278,329.3999999999993,182,1,0.10237223354809125
3,2279,325.1499999999993,177,1,0.10226986131454316
3,2280,320.64999999999935,177,1,0.10216759145322861
3,2281,323.4999999999993,180,1,0.10206542386177538
3,2282,125.29999999999957,154,0,0.1019633584379136
3,2283,323.54999999999933,179,1,0.10186139507947568
3,2284,326.4499999999993,181,1,0.1017595336843962
3,2285,129.79999999999967,154,0,0.10165777415071181
3,2286,126.79999999999966,154,0,0.1015561163765611
3,2287,131.29999999999967,154,0,0.10145456026018454
3,2288,320.59999999999934,178,1,0.10135310569992435
3,2289,327.9999999999993,180,1,0.10125175259422443
3,2290,326.64999999999935,177,1,0.10115050084163021
3,2291,329.4999999999993,180,1,0.10104935034078859
3,2292,329.54999999999933,179,1,0.1009483009904478
3,2293,329.4999999999993,180,1,0.10084735268945735
3,2294,328.04999999999933,179,1,0.10074650533676789
3,2295,129.69999999999965,156,0,0.10064575883143112
3,2296,323.54999999999933,179,1,0.1005451130725997
3,2297,332.54999999999933,179,1,0.1004445679595271
3,2298,325.0499999999993,179,1,0.10034412339156756
3,2299,125.29999999999957,154,0,0.100243779268176
3,2300,326.3499999999993,183,1,0.10014353548890782
3,2301,326.34999999999934,183,1,0.10004339195341891
3,2302,328.04999999999933,179,1,0.09994334856146549
3,2303,326.59999999999934,178,1,0.09984340521290402
3,2304,327.8999999999993,182,1,0.09974356180769112
3,2305,129.39999999999952,162,0,0.09964381824588342
3,2306,128.1999999999997,156,0,0.09954417442763754
3,2307,326.54999999999933,179,1,0.0994446302532099
3,2308,326.4999999999993,180,1,0.09934518562295669
3,2309,131.2499999999996,155,0,0.09924584043733373
3,2310,123.79999999999968,154,0,0.0991465945968964
3,2311,323.5499999999994,179,1,0.0990474480022995
3,2312,323.2499999999994,185,1,0.09894840055429721
3,2313,329.34999999999934,183,1,0.09884945215374291
3,2314,324.9499999999993,181,1,0.09875060270158917
3,2315,325.1499999999993,177,1,0.09865185209888758
3,2316,320.39999999999935,182,1,0.0985532002467887
3,2317,326.54999999999933,179,1,0.0984546470465419
3,2318,320.3499999999993,183,1,0.09835619239949536
3,2319,326.54999999999933,179,1,0.09825783620709587
3,2320,326.54999999999933,179,1,0.09815957837088878
3,2321,328.09999999999934,178,1,0.09806141879251788
3,2322,125.29999999999968,154,0,0.09796335737372537
3,2323,326.54999999999933,179,1,0.09786539401635165
3,2324,128.2499999999996,155,0,0.0977675286223353
3,2325,323.54999999999933,179,1,0.09766976109371296
3,2326,325.04999999999933,179,1,0.09757209133261925
3,2327,328.04999999999933,179,1,0.09747451924128663
3,2328,326.59999999999934,178,1,0.09737704472204534
3,2329,323.4999999999994,180,1,0.0972796676773233
3,2330,328.0999999999994,178,1,0.09718238800964597
3,2331,126.79999999999971,154,0,0.09708520562163633
3,2332,128.1999999999997,156,0,0.09698812041601469
3,2333,328.04999999999933,179,1,0.09689113229559868
3,2334,328.1499999999993,177,1,0.09679424116330308
3,2335,326.54999999999933,179,1,0.09669744692213977
3,2336,323.54999999999933,179,1,0.09660074947521763
3,2337,128.24999999999966,155,0,0.09650414872574241
3,2338,125.29999999999968,154,0,0.09640764457701667
3,2339,128.29999999999973,154,0,0.09631123693243965
3,2340,326.54999999999933,179,1,0.09621492569550721
3,2341,326.49999999999926,180,1,0.09611871076981171
3,2342,129.64999999999964,157,0,0.0960225920590419
3,2343,123.79999999999966,154,0,0.09592656946698286
3,2344,129.79999999999973,154,0,0.09583064289751587
3,2345,326.39999999999935,182,1,0.09573481225461836
3,2346,326.3999999999993,182,1,0.09563907744236373
3,2347,132.64999999999964,157,0,0.09554343836492137
3,2348,326.4499999999993,181,1,0.09544789492655645
3,2349,327.94999999999936,181,1,0.09535244703162989
3,2350,131.29999999999973,154,0,0.09525709458459826
3,2351,328.0499999999994,179,1,0.09516183749001367
3,2352,320.3499999999993,183,1,0.09506667565252365
3,2353,126.79999999999966,154,0,0.09497160897687112
3,2354,326.14999999999935,187,1,0.09487663736789426
3,2355,326.59999999999934,178,1,0.09478176073052637
3,2356,326.64999999999935,177,1,0.09468697896979585
3,2357,326.39999999999935,182,1,0.09459229199082606
3,2358,324.7999999999993,184,1,0.09449769969883523
3,2359,312.1499999999994,167,1,0.09440320199913639
3,2360,321.84999999999934,183,1,0.09430879879713726
3,2361,125.29999999999971,154,0,0.09421448999834012
3,2362,334.69999999999743,346,0,0.09412027550834177
3,2363,128.29999999999967,154,0,0.09402615523283343
3,2364,125.29999999999963,154,0,0.0939321290776006
3,2365,326.54999999999933,179,1,0.093838196948523
3,2366,321.9499999999993,181,1,0.09374435875157447
3,2367,326.64999999999935,177,1,0.09365061439282289
3,2368,326.5999999999994,178,1,0.09355696377843006
3,2369,128.29999999999967,154,0,0.09346340681465164
3,2370,326.54999999999933,179,1,0.09336994340783698
3,2371,326.59999999999934,178,1,0.09327657346442915
3,2372,326.5499999999993,179,1,0.09318329689096472
3,2373,323.64999999999935,177,1,0.09309011359407375
3,2374,328.14999999999935,177,1,0.09299702348047968
3,2375,122.29999999999977,154,0,0.0929040264569992
3,2376,326.5999999999993,178,1,0.09281112243054221
3,2377,328.0999999999994,178,1,0.09271831130811167
3,2378,326.4999999999993,180,1,0.09262559299680356
3,2379,326.64999999999935,177,1,0.09253296740380676
3,2380,328.1499999999993,177,1,0.09244043443640296
3,2381,123.64999999999962,157,0,0.09234799400196655
3,2382,129.79999999999967,154,0,0.09225564600796458
3,2383,334.49999999999704,380,0,0.09216339036195662
3,2384,128.29999999999967,154,0,0.09207122697159466
3,2385,320.4999999999994,180,1,0.09197915574462306
3,2386,317.59999999999934,178,1,0.09188717658887845
3,2387,326.64999999999935,177,1,0.09179528941228957
3,2388,326.64999999999935,177,1,0.09170349412287727
3,2389,126.79999999999971,154,0,0.0916117906287544
3,2390,129.79999999999967,154,0,0.09152017883812565
3,2391,325.09999999999934,178,1,0.09142865865928752
3,2392,125.24999999999967,155,0,0.09133723000062824
3,2393,332.59999999999934,178,1,0.09124589277062761
3,2394,325.0999999999993,178,1,0.09115464687785699
3,2395,126.79999999999968,154,0,0.09106349223097913
3,2396,323.6499999999994,177,1,0.09097242873874815
3,2397,326.5999999999993,178,1,0.0908814563100094
3,2398,128.2499999999996,155,0,0.0907905748536994
3,2399,126.79999999999968,154,0,0.0906997842788457
3,2400,326.4499999999993,181,1,0.09060908449456685
3,2401,129.79999999999967,154,0,0.09051847541007228
3,2402,326.54999999999933,179,1,0.09042795693466221
3,2403,129.79999999999967,154,0,0.09033752897772755
3,2404,326.3999999999993,182,1,0.09024719144874982
3,2405,326.54999999999933,179,1,0.09015694425730107
3,2406,129.7999999999996,154,0,0.09006678731304377
3,2407,319.0999999999994,178,1,0.08997672052573072
3,2408,328.09999999999934,178,1,0.08988674380520499
3,2409,326.4999999999994,180,1,0.08979685706139978
3,2410,131.19999999999965,156,0,0.08970706020433838
3,2411,329.59999999999934,178,1,0.08961735314413405
3,2412,325.1499999999993,177,1,0.08952773579098991
3,2413,328.1499999999993,177,1,0.08943820805519892
3,2414,323.1499999999993,187,1,0.08934876984714372
3,2415,326.3499999999993,183,1,0.08925942107729658
3,2416,333.0999999999977,318,0,0.08917016165621929
3,2417,326.64999999999935,177,1,0.08908099149456307
3,2418,331.14999999999935,177,1,0.08899191050306851
3,2419,327.89999999999935,182,1,0.08890291859256544
3,2420,328.14999999999935,177,1,0.08881401567397287
3,2421,126.7999999999996,154,0,0.0887252016582989
3,2422,323.29999999999933,184,1,0.0886364764566406
3,2423,326.59999999999934,178,1,0.08854783998018396
3,2424,323.64999999999935,177,1,0.08845929214020377
3,2425,326.5499999999994,179,1,0.08837083284806357
3,2426,329.59999999999934,178,1,0.08828246201521552
3,2427,324.8999999999993,182,1,0.0881941795532003
3,2428,326.59999999999934,178,1,0.0881059853736471
3,2429,326.6499999999993,177,1,0.08801787938827345
3,2430,329.6499999999993,177,1,0.08792986150888517
3,2431,327.9999999999993,180,1,0.08784193164737629
3,2432,325.1499999999993,177,1,0.08775408971572891
3,2433,329.4999999999993,180,1,0.08766633562601318
3,2434,326.64999999999935,177,1,0.08757866929038717
3,2435,125.29999999999968,154,0,0.08749109062109678
3,2436,326.54999999999933,179,1,0.08740359953047568
3,2437,323.59999999999934,178,1,0.0873161959309452
3,2438,326.54999999999933,179,1,0.08722887973501425
3,2439,129.79999999999967,154,0,0.08714165085527924
3,2440,324.9999999999993,180,1,0.08705450920442395
3,2441,326.4999999999993,180,1,0.08696745469521953
3,2442,326.3999999999993,182,1,0.08688048724052432
3,2443,326.4999999999993,180,1,0.08679360675328379
3,2444,327.9499999999993,181,1,0.0867068131465305
3,2445,320.64999999999935,177,1,0.08662010633338398
3,2446,126.79999999999963,154,0,0.0865334862270506
3,2447,326.59999999999934,178,1,0.08644695274082355
3,2448,329.6499999999993,177,1,0.08636050578808273
3,2449,129.79999999999967,154,0,0.08627414528229464
3,2450,320.4999999999993,180,1,0.08618787113701235
3,2451,126.79999999999971,154,0,0.08610168326587533
3,2452,328.14999999999935,177,1,0.08601558158260945
3,2453,329.5499999999994,179,1,0.08592956600102684
3,2454,323.64999999999935,177,1,0.08584363643502582
3,2455,312.0999999999995,168,1,0.08575779279859079
3,2456,323.54999999999933,179,1,0.0856720350057922
3,2457,328.0999999999993,178,1,0.0855863629707864
3,2458,326.59999999999934,178,1,0.0855007766078156
3,2459,323.39999999999935,182,1,0.08541527583120778
3,2460,128.2999999999996,154,0,0.08532986055537657
3,2461,320.54999999999933,179,1,0.0852445306948212
3,2462,129.7499999999996,155,0,0.08515928616412638
3,2463,323.64999999999935,177,1,0.08507412687796226
3,2464,319.04999999999933,179,1,0.0849890527510843
3,2465,125.29999999999971,154,0,0.08490406369833321
3,2466,326.4499999999993,181,1,0.08481915963463488
3,2467,323.64999999999935,177,1,0.08473434047500024
3,2468,326.64999999999935,177,1,0.08464960613452524
3,2469,326.4999999999993,180,1,0.08456495652839072
3,2470,323.4999999999993,180,1,0.08448039157186232
3,2471,326.3499999999993,183,1,0.08439591118029047
3,2472,326.59999999999934,178,1,0.08431151526911018
3,2473,328.09999999999934,178,1,0.08422720375384107
3,2474,327.8999999999993,182,1,0.08414297655008723
3,2475,326.64999999999935,177,1,0.08405883357353715
3,2476,328.04999999999933,179,1,0.0839747747399636
3,2477,326.5499999999993,179,1,0.08389079996522364
3,2478,326.64999999999935,177,1,0.08380690916525842
3,2479,325.04999999999933,179,1,0.08372310225609315
3,2480,328.04999999999933,179,1,0.08363937915383707
3,2481,326.59999999999934,178,1,0.08355573977468322
3,2482,330.8499999999993,183,1,0.08347218403490854
3,2483,326.3999999999993,182,1,0.08338871185087363
3,2484,326.4999999999993,180,1,0.08330532313902275
3,2485,329.5999999999993,178,1,0.08322201781588373
3,2486,323.44999999999936,181,1,0.08313879579806785
3,2487,325.0999999999993,178,1,0.08305565700226979
3,2488,328.14999999999935,177,1,0.08297260134526752
3,2489,323.3999999999993,182,1,0.08288962874392225
3,2490,326.54999999999933,179,1,0.08280673911517833
3,2491,326.5999999999993,178,1,0.08272393237606315
3,2492,328.1499999999993,177,1,0.0826412084436871
3,2493,323.5499999999994,179,1,0.08255856723524341
3,2494,323.3999999999993,182,1,0.08247600866800817
3,2495,325.14999999999935,177,1,0.08239353265934016
3,2496,326.34999999999934,183,1,0.08231113912668082
3,2497,332.5999999999993,178,1,0.08222882798755414
3,2498,329.54999999999933,179,1,0.08214659915956658
3,2499,326.24999999999926,185,1,0.08206445256040702
3,2500,326.64999999999935,177,1,0.08198238810784661
3,2501,324.9499999999993,181,1,0.08190040571973876
3,2502,327.9999999999993,180,1,0.08181850531401902
3,2503,326.4999999999993,180,1,0.081736686808705
3,2504,323.3999999999993,182,1,0.08165495012189629
3,2505,326.5999999999993,178,1,0.08157329517177439
3,2506,327.84999999999934,183,1,0.08149172187660261
3,2507,329.4499999999993,181,1,0.08141023015472601
3,2508,326.54999999999933,179,1,0.08132881992457128
3,2509,327.8999999999993,182,1,0.0812474911046467
3,2510,326.4499999999993,181,1,0.08116624361354205
3,2511,326.3499999999993,183,1,0.08108507736992851
3,2512,326.59999999999934,178,1,0.08100399229255859
3,2513,320.4499999999993,181,1,0.08092298830026602
3,2514,128.2999999999996,154,0,0.08084206531196575
3,2515,331.0999999999993,178,1,0.08076122324665379
3,2516,324.8999999999993,182,1,0.08068046202340713
3,2517,326.59999999999934,178,1,0.08059978156138373
3,2518,326.39999999999935,182,1,0.08051918177982234
3,2519,329.59999999999934,178,1,0.08043866259804251
3,2520,331.1499999999993,177,1,0.08035822393544446
3,2521,332.6499999999993,177,1,0.08027786571150902
3,2522,323.5999999999993,178,1,0.08019758784579752
3,2523,328.04999999999933,179,1,0.08011739025795171
3,2524,325.14999999999935,177,1,0.08003727286769376
3,2525,329.4999999999993,180,1,0.07995723559482606
3,2526,326.3999999999993,182,1,0.07987727835923124
3,2527,128.29999999999967,154,0,0.07979740108087201
3,2528,327.7499999999993,185,1,0.07971760367979114
3,2529,326.6499999999993,177,1,0.07963788607611134
3,2530,328.14999999999935,177,1,0.07955824819003524
3,2531,324.89999999999935,182,1,0.0794786899418452
3,2532,326.64999999999935,177,1,0.07939921125190336
3,2533,129.74999999999966,155,0,0.07931981204065146
3,2534,325.04999999999933,179,1,0.0792404922286108
3,2535,323.4999999999993,180,1,0.0791612517363822
3,2536,325.14999999999935,177,1,0.07908209048464582
3,2537,326.64999999999935,177,1,0.07900300839416118
3,2538,5.050000000000118,69,0,0.07892400538576702
3,2539,327.9999999999993,180,1,0.07884508138038125
3,2540,326.64999999999935,177,1,0.07876623629900087
3,2541,129.74999999999966,155,0,0.07868747006270187
3,2542,128.2999999999996,154,0,0.07860878259263916
3,2543,123.79999999999963,154,0,0.07853017381004652
3,2544,320.4999999999993,180,1,0.07845164363623648
3,2545,326.64999999999935,177,1,0.07837319199260025
3,2546,325.0999999999993,178,1,0.07829481880060765
3,2547,327.84999999999934,183,1,0.07821652398180705
3,2548,327.9999999999994,180,1,0.07813830745782524
3,2549,125.29999999999966,154,0,0.07806016915036741
3,2550,326.4499999999993,181,1,0.07798210898121705
3,2551,326.34999999999934,183,1,0.07790412687223583
3,2552,337.9499999999975,341,0,0.07782622274536359
3,2553,323.54999999999933,179,1,0.07774839652261822
3,2554,326.54999999999933,179,1,0.0776706481260956
3,2555,131.29999999999967,154,0,0.0775929774779695
3,2556,326.6499999999993,177,1,0.07751538450049153
3,2557,131.29999999999973,154,0,0.07743786911599104
3,2558,326.64999999999935,177,1,0.07736043124687506
3,2559,324.8499999999993,183,1,0.07728307081562819
3,2560,326.64999999999935,177,1,0.07720578774481256
3,2561,320.29999999999933,184,1,0.07712858195706775
3,2562,325.1499999999993,177,1,0.07705145337511068
3,2563,321.9499999999993,181,1,0.07697440192173557
3,2564,325.04999999999933,179,1,0.07689742751981384
3,2565,129.79999999999967,154,0,0.07682053009229402
3,2566,326.6499999999993,177,1,0.07674370956220172
3,2567,331.0999999999993,178,1,0.07666696585263952
3,2568,129.79999999999967,154,0,0.07659029888678688
3,2569,317.6499999999994,177,1,0.07651370858790009
3,2570,326.6499999999993,177,1,0.07643719487931219
3,2571,131.29999999999967,154,0,0.07636075768443289
3,2572,321.9999999999994,180,1,0.07628439692674846
3,2573,324.94999999999936,181,1,0.07620811252982171
3,2574,328.09999999999934,178,1,0.07613190441729188
3,2575,325.14999999999935,177,1,0.07605577251287458
3,2576,328.1499999999993,177,1,0.0759797167403617
3,2577,322.14999999999935,177,1,0.07590373702362134
3,2578,323.54999999999933,179,1,0.07582783328659772
3,2579,128.1999999999997,156,0,0.07575200545331112
3,2580,326.59999999999934,178,1,0.0756762534478578
3,2581,325.1499999999993,177,1,0.07560057719440995
3,2582,324.84999999999934,183,1,0.07552497661721554
3,2583,323.3499999999993,183,1,0.07544945164059833
3,2584,128.2999999999996,154,0,0.07537400218895772
3,2585,328.04999999999933,179,1,0.07529862818676876
3,2586,327.9999999999993,180,1,0.07522332955858199
3,2587,326.4999999999993,180,1,0.0751481062290234
3,2588,323.54999999999933,179,1,0.07507295812279438
3,2589,123.79999999999963,154,0,0.07499788516467158
3,2590,326.4999999999993,180,1,0.07492288727950691
3,2591,326.59999999999934,178,1,0.0748479643922274
3,2592,326.64999999999935,177,1,0.07477311642783518
3,2593,327.9499999999993,181,1,0.07469834331140734
3,2594,323.59999999999934,178,1,0.07462364496809594
3,2595,324.9999999999993,180,1,0.07454902132312784
3,2596,327.89999999999935,182,1,0.0744744723018047
3,2597,326.5499999999993,179,1,0.0743999978295029
3,2598,328.14999999999935,177,1,0.0743255978316734
3,2599,326.64999999999935,177,1,0.07425127223384173
3,2600,329.64999999999935,177,1,0.07417702096160789
3,2601,326.39999999999935,182,1,0.07410284394064628
3,2602,332.6499999999993,177,1,0.07402874109670564
3,2603,324.84999999999934,183,1,0.07395471235560894
3,2604,325.09999999999934,178,1,0.07388075764325333
3,2605,326.34999999999934,183,1,0.07380687688561008
3,2606,328.04999999999933,179,1,0.07373307000872446
3,2607,325.0999999999993,178,1,0.07365933693871574
3,2608,324.9499999999993,181,1,0.07358567760177702
3,2609,326.59999999999934,178,1,0.07351209192417524
3,2610,326.64999999999935,177,1,0.07343857983225106
3,2611,326.4999999999993,180,1,0.07336514125241882
3,2612,326.4999999999994,180,1,0.0732917761111664
3,2613,326.4999999999994,180,1,0.07321848433505523
3,2614,326.4999999999993,180,1,0.07314526585072018
3,2615,326.59999999999934,178,1,0.07307212058486945
3,2616,329.5999999999993,178,1,0.07299904846428458
3,2617,326.59999999999934,178,1,0.0729260494158203
3,2618,328.14999999999935,177,1,0.07285312336640448
3,2619,327.84999999999934,183,1,0.07278027024303808
3,2620,128.24999999999966,155,0,0.07270748997279504
3,2621,326.3999999999993,182,1,0.07263478248282225
3,2622,338.49999999999727,360,0,0.07256214770033943
3,2623,327.89999999999935,182,1,0.0724895855526391
3,2624,326.59999999999934,178,1,0.07241709596708645
3,2625,323.4999999999993,180,1,0.07234467887111937
3,2626,331.1499999999993,177,1,0.07227233419224825
3,2627,325.14999999999935,177,1,0.07220006185805601
3,2628,123.79999999999968,154,0,0.07212786179619796
3,2629,323.54999999999933,179,1,0.07205573393440176
3,2630,328.09999999999934,178,1,0.07198367820046736
3,2631,326.54999999999933,179,1,0.0719116945222669
3,2632,326.39999999999935,182,1,0.07183978282774463
3,2633,331.0999999999993,178,1,0.07176794304491688
3,2634,326.24999999999926,185,1,0.07169617510187196
3,2635,327.9999999999993,180,1,0.07162447892677008
3,2636,326.59999999999934,178,1,0.07155285444784332
3,2637,328.04999999999933,179,1,0.07148130159339547
3,2638,128.29999999999967,154,0,0.07140982029180207
3,2639,328.1499999999993,177,1,0.07133841047151027
3,2640,329.6499999999993,177,1,0.07126707206103876
3,2641,326.49999999999926,180,1,0.07119580498897772
3,2642,325.14999999999935,177,1,0.07112460918398875
3,2643,326.34999999999934,183,1,0.07105348457480476
3,2644,327.79999999999933,184,1,0.07098243109022996
3,2645,323.54999999999933,179,1,0.07091144865913973
3,2646,326.59999999999934,178,1,0.07084053721048059
3,2647,329.5999999999993,178,1,0.0707696966732701
3,2648,325.04999999999933,179,1,0.07069892697659683
3,2649,323.54999999999933,179,1,0.07062822804962023
3,2650,329.54999999999933,179,1,0.0705575998215706
3,2651,328.14999999999935,177,1,0.07048704222174904
3,2652,327.8999999999993,182,1,0.07041655517952729
3,2653,326.5499999999993,179,1,0.07034613862434776
3,2654,328.1499999999993,177,1,0.07027579248572341
3,2655,326.59999999999934,178,1,0.07020551669323769
3,2656,327.84999999999934,183,1,0.07013531117654445
3,2657,331.64999999999907,197,1,0.07006517586536791
3,2658,129.74999999999972,155,0,0.06999511068950254
3,2659,328.14999999999935,177,1,0.06992511557881304
3,2660,329.4999999999993,180,1,0.06985519046323423
3,2661,324.8999999999993,182,1,0.06978533527277099
3,2662,329.64999999999935,177,1,0.06971554993749822
3,2663,328.14999999999935,177,1,0.06964583438756072
3,2664,327.9999999999994,180,1,0.06957618855317316
3,2665,326.34999999999934,183,1,0.06950661236461998
3,2666,323.5499999999993,179,1,0.06943710575225537
3,2667,328.0999999999993,178,1,0.06936766864650311
3,2668,326.6499999999993,177,1,0.06929830097785661
3,2669,329.64999999999935,177,1,0.06922900267687875
3,2670,326.54999999999933,179,1,0.06915977367420187
3,2671,332.6499999999993,177,1,0.06909061390052766
3,2672,329.6499999999993,177,1,0.06902152328662714
3,2673,326.6499999999993,177,1,0.06895250176334052
3,2674,317.39999999999935,182,1,0.06888354926157718
3,2675,326.5999999999993,178,1,0.0688146657123156
3,2676,327.7999999999993,184,1,0.06874585104660329
3,2677,331.1499999999993,177,1,0.06867710519555668
3,2678,328.14999999999935,177,1,0.06860842809036113
3,2679,328.14999999999935,177,1,0.06853981966227077
3,2680,326.64999999999935,177,1,0.06847127984260849
3,2681,326.54999999999933,179,1,0.06840280856276588
3,2682,323.64999999999935,177,1,0.06833440575420312
3,2683,329.29999999999933,184,1,0.06826607134844892
3,2684,326.34999999999934,183,1,0.06819780527710047
3,2685,332.6499999999993,177,1,0.06812960747182337
3,2686,323.64999999999935,177,1,0.06806147786435154
3,2687,328.09999999999934,178,1,0.06799341638648719
3,2688,328.0999999999994,178,1,0.06792542297010071
3,2689,326.5999999999993,178,1,0.06785749754713061
3,2690,318.9499999999993,181,1,0.06778964004958347
3,2691,324.99999999999926,180,1,0.06772185040953389
3,2692,329.6499999999993,177,1,0.06765412855912437
3,2693,328.09999999999934,178,1,0.06758647443056524
3,2694,326.34999999999934,183,1,0.06751888795613468
3,2695,324.94999999999925,181,1,0.06745136906817856
3,2696,325.14999999999935,177,1,0.06738391769911038
3,2697,326.3999999999993,182,1,0.06731653378141127
3,2698,326.59999999999934,178,1,0.06724921724762986
3,2699,345.0499999999977,319,0,0.06718196803038223
3,2700,325.0999999999994,178,1,0.06711478606235186
3,2701,331.0999999999993,178,1,0.06704767127628951
3,2702,325.09999999999934,178,1,0.06698062360501322
3,2703,326.6499999999993,177,1,0.06691364298140821
3,2704,326.4999999999994,180,1,0.06684672933842681
3,2705,328.09999999999934,178,1,0.06677988260908838
3,2706,326.4499999999993,181,1,0.06671310272647929
3,2707,329.64999999999935,177,1,0.06664638962375281
3,2708,319.09999999999934,178,1,0.06657974323412906
3,2709,325.14999999999935,177,1,0.06651316349089494
3,2710,325.04999999999933,179,1,0.06644665032740404
3,2711,326.6499999999993,177,1,0.06638020367707664
3,2712,326.4999999999994,180,1,0.06631382347339956
3,2713,328.14999999999935,177,1,0.06624750964992616
3,2714,324.94999999999936,181,1,0.06618126214027624
3,2715,325.0999999999993,178,1,0.06611508087813596
3,2716,328.04999999999933,179,1,0.06604896579725783
3,2717,328.04999999999933,179,1,0.06598291683146057
3,2718,328.09999999999934,178,1,0.0659169339146291
3,2719,325.04999999999933,179,1,0.06585101698071448
3,2720,125.29999999999963,154,0,0.06578516596373377
3,2721,312.34999999999945,163,1,0.06571938079777004
3,2722,128.2999999999996,154,0,0.06565366141697226
3,2723,328.1499999999993,177,1,0.06558800775555529
3,2724,326.6499999999993,177,1,0.06552241974779974
3,2725,329.64999999999935,177,1,0.06545689732805193
3,2726,328.14999999999935,177,1,0.06539144043072388
3,2727,131.2999999999996,154,0,0.06532604899029316
3,2728,329.64999999999935,177,1,0.06526072294130288
3,2729,326.4999999999993,180,1,0.06519546221836157
3,2730,342.89999999999753,332,0,0.06513026675614321
3,2731,326.6499999999993,177,1,0.06506513648938707
3,2732,328.1499999999993,177,1,0.06500007135289768
3,2733,326.59999999999934,178,1,0.06493507128154478
3,2734,327.9999999999993,180,1,0.06487013621026325
3,2735,328.09999999999934,178,1,0.06480526607405299
3,2736,332.6499999999993,177,1,0.06474046080797893
3,2737,328.1499999999993,177,1,0.06467572034717095
3,2738,326.3999999999993,182,1,0.06461104462682378
3,2739,326.54999999999933,179,1,0.06454643358219696
3,2740,329.64999999999935,177,1,0.06448188714861476
3,2741,328.1499999999993,177,1,0.06441740526146615
3,2742,326.6499999999993,177,1,0.06435298785620469
3,2743,326.64999999999935,177,1,0.06428863486834849
3,2744,343.6999999999977,316,0,0.06422434623348014
3,2745,131.2999999999996,154,0,0.06416012188724667
3,2746,326.34999999999934,183,1,0.06409596176535942
3,2747,326.64999999999935,177,1,0.06403186580359406
3,2748,328.0999999999993,178,1,0.06396783393779047
3,2749,329.64999999999935,177,1,0.06390386610385268
3,2750,326.59999999999934,178,1,0.06383996223774882
3,2751,329.6499999999993,177,1,0.06377612227551108
3,2752,129.7499999999996,155,0,0.06371234615323557
3,2753,325.14999999999935,177,1,0.06364863380708233
3,2754,326.24999999999926,185,1,0.06358498517327525
3,2755,328.0499999999993,179,1,0.06352140018810197
3,2756,331.1499999999993,177,1,0.06345787878791387
3,2757,329.64999999999935,177,1,0.06339442090912595
3,2758,331.14999999999935,177,1,0.06333102648821683
3,2759,331.14999999999935,177,1,0.06326769546172861
3,2760,326.6499999999993,177,1,0.06320442776626688
3,2761,341.5499999999972,359,0,0.06314122333850061
3,2762,323.64999999999935,177,1,0.06307808211516211
3,2763,326.49999999999926,180,1,0.06301500403304695
3,2764,328.1499999999993,177,1,0.0629519890290139
3,2765,326.54999999999933,179,1,0.06288903703998489
3,2766,329.64999999999935,177,1,0.0628261480029449
3,2767,323.59999999999934,178,1,0.06276332185494196
3,2768,328.14999999999935,177,1,0.06270055853308702
3,2769,331.1499999999993,177,1,0.06263785797455393
3,2770,329.64999999999935,177,1,0.06257522011657937
3,2771,329.4999999999993,180,1,0.0625126448964628
3,2772,329.5999999999993,178,1,0.062450132251566336
3,2773,328.09999999999934,178,1,0.062387682119314766
3,2774,326.64999999999935,177,1,0.06232529443719545
3,2775,329.3499999999993,183,1,0.06226296914275825
3,2776,329.6499999999993,177,1,0.06220070617361549
3,2777,329.54999999999933,179,1,0.062138505467441874
3,2778,329.59999999999934,178,1,0.06207636696197443
3,2779,326.4999999999993,180,1,0.062014290595012456
3,2780,329.64999999999935,177,1,0.06195227630441744
3,2781,323.49999999999926,180,1,0.06189032402811302
3,2782,128.29999999999973,154,0,0.06182843370408491
3,2783,126.79999999999966,154,0,0.061766605270380824
3,2784,329.6499999999993,177,1,0.061704838665110444
3,2785,331.1499999999993,177,1,0.06164313382644533
3,2786,329.64999999999935,177,1,0.06158149069261889
3,2787,328.1499999999993,177,1,0.06151990920192627
3,2788,126.79999999999963,154,0,0.06145838929272435
3,2789,327.9999999999993,180,1,0.061396930903431624
3,2790,329.64999999999935,177,1,0.061335533972528195
3,2791,329.59999999999934,178,1,0.061274198438555666
3,2792,326.4499999999993,181,1,0.06121292424011711
3,2793,329.4999999999993,180,1,0.06115171131587699
3,2794,322.1499999999993,177,1,0.06109055960456111
3,2795,329.6499999999993,177,1,0.06102946904495655
3,2796,329.64999999999935,177,1,0.06096843957591159
3,2797,329.6499999999993,177,1,0.06090747113633568
3,2798,332.59999999999934,178,1,0.06084656366519934
3,2799,329.64999999999935,177,1,0.06078571710153414
3,2800,323.54999999999933,179,1,0.06072493138443261
3,2801,326.5999999999993,178,1,0.060664206453048174
3,2802,328.1499999999993,177,1,0.06060354224659512
3,2803,126.79999999999966,154,0,0.06054293870434853
3,2804,328.5999999999991,198,1,0.06048239576564418
3,2805,326.64999999999935,177,1,0.06042191336987854
3,2806,329.5999999999993,178,1,0.06036149145650866
3,2807,326.64999999999935,177,1,0.06030112996505215
3,2808,321.9999999999993,180,1,0.0602408288350871
3,2809,320.4999999999994,180,1,0.06018058800625201
3,2810,329.44999999999936,181,1,0.06012040741824576
3,2811,323.64999999999935,177,1,0.06006028701082751
3,2812,331.0999999999993,178,1,0.060000226723816684
3,2813,331.04999999999933,179,1,0.059940226497092866
3,2814,319.14999999999935,177,1,0.05988028627059577
3,2815,329.6499999999993,177,1,0.05982040598432518
3,2816,329.64999999999935,177,1,0.05976058557834085
3,2817,332.5999999999993,178,1,0.05970082499276251
3,2818,329.64999999999935,177,1,0.059641124167769746
3,2819,329.6499999999993,177,1,0.059581483043601974
3,2820,320.5499999999994,179,1,0.05952190156055837
3,2821,323.64999999999935,177,1,0.05946237965899782
3,2822,329.64999999999935,177,1,0.05940291727933882
3,2823,326.54999999999933,179,1,0.05934351436205949
3,2824,329.64999999999935,177,1,0.05928417084769743
3,2825,329.4999999999994,180,1,0.05922488667684973
3,2826,329.6499999999993,177,1,0.05916566179017289
3,2827,328.0499999999993,179,1,0.059106496128382716
3,2828,329.6499999999993,177,1,0.05904738963225433
3,2829,329.64999999999935,177,1,0.058988342242622074
3,2830,331.1499999999993,177,1,0.058929353900379455
3,2831,329.6499999999993,177,1,0.058870424546479075
3,2832,126.79999999999963,154,0,0.0588115541219326
3,2833,329.64999999999935,177,1,0.05875274256781066
3,2834,329.64999999999935,177,1,0.058693989825242855
3,2835,331.1499999999993,177,1,0.058635295835417614
3,2836,325.14999999999935,177,1,0.058576660539582194
3,2837,131.29999999999967,154,0,0.058518083879042615
3,2838,128.2999999999996,154,0,0.05845956579516357
3,2839,328.0499999999994,179,1,0.05840110622936841
3,2840,325.0999999999993,178,1,0.05834270512313904
3,2841,329.64999999999935,177,1,0.058284362418015906
3,2842,322.04999999999933,179,1,0.05822607805559789
3,2843,323.59999999999934,178,1,0.05816785197754229
3,2844,320.59999999999934,178,1,0.05810968412556475
3,2845,128.29999999999967,154,0,0.058051574441439185
3,2846,329.59999999999934,178,1,0.05799352286699774
3,2847,329.5499999999993,179,1,0.057935529344130744
3,2848,329.54999999999933,179,1,0.05787759381478661
3,2849,329.4999999999993,180,1,0.057819716220971824
3,2850,329.4999999999993,180,1,0.05776189650475085
3,2851,329.4999999999993,180,1,0.0577041346082461
3,2852,343.34999999999764,323,0,0.05764643047363786
3,2853,329.6499999999993,177,1,0.05758878404316422
3,2854,329.6499999999993,177,1,0.05753119525912106
3,2855,329.59999999999934,178,1,0.05747366406386194
3,2856,329.6499999999993,177,1,0.057416190399798075
3,2857,329.34999999999934,183,1,0.05735877420939828
3,2858,331.0499999999993,179,1,0.05730141543518888
3,2859,326.4999999999993,180,1,0.05724411401975369
3,2860,329.6499999999993,177,1,0.057186869905733934
3,2861,329.59999999999934,178,1,0.0571296830358282
3,2862,325.1499999999993,177,1,0.05707255335279238
3,2863,329.4999999999993,180,1,0.057015480799439584
3,2864,322.0999999999993,178,1,0.05695846531864014
3,2865,325.04999999999933,179,1,0.0569015068533215
3,2866,329.54999999999933,179,1,0.05684460534646818
3,2867,329.64999999999935,177,1,0.05678776074112171
3,2868,329.49999999999926,180,1,0.056730972980380594
3,2869,322.14999999999935,177,1,0.05667424200740021
3,2870,325.0999999999993,178,1,0.05661756776539281
3,2871,329.64999999999935,177,1,0.05656095019762742
3,2872,326.3999999999993,182,1,0.056504389247429794
3,2873,329.5999999999993,178,1,0.05644788485818236
3,2874,322.14999999999935,177,1,0.05639143697332418
3,2875,329.6499999999993,177,1,0.05633504553635086
3,2876,328.1499999999993,177,1,0.05627871049081451
3,2877,329.64999999999935,177,1,0.0562224317803237
3,2878,329.2499999999992,185,1,0.056166209348543376
3,2879,329.5999999999993,178,1,0.056110043139194835
3,2880,325.14999999999935,177,1,0.05605393309605564
3,2881,332.6499999999993,177,1,0.055997879162959584
3,2882,329.54999999999933,179,1,0.055941881283796624
3,2883,344.89999999999765,322,0,0.055885939402512824
3,2884,326.54999999999933,179,1,0.05583005346311031
3,2885,323.54999999999933,179,1,0.0557742234096472
3,2886,328.14999999999935,177,1,0.055718449186237556
3,2887,329.54999999999933,179,1,0.055662730737051316
3,2888,328.0499999999993,179,1,0.055607068006314264
3,2889,128.24999999999966,155,0,0.05555146093830795
3,2890,329.5999999999993,178,1,0.05549590947736964
3,2891,323.5999999999994,178,1,0.05544041356789227
3,2892,328.14999999999935,177,1,0.05538497315432438
3,2893,329.59999999999934,178,1,0.05532958818117005
3,2894,324.84999999999934,183,1,0.05527425859298888
3,2895,329.64999999999935,177,1,0.05521898433439589
3,2896,325.0499999999993,179,1,0.0551637653500615
3,2897,329.59999999999934,178,1,0.05510860158471143
3,2898,329.64999999999935,177,1,0.05505349298312672
3,2899,329.5999999999993,178,1,0.054998439490143596
3,2900,329.64999999999935,177,1,0.05494344105065345
3,2901,326.6499999999993,177,1,0.05488849760960279
3,2902,326.64999999999935,177,1,0.05483360911199319
3,2903,328.09999999999934,178,1,0.0547787755028812
3,2904,328.14999999999935,177,1,0.054723996727378314
3,2905,329.6499999999993,177,1,0.054669272730650934
3,2906,328.0999999999994,178,1,0.05461460345792028
3,2907,329.54999999999933,179,1,0.054559988854462366
3,2908,323.54999999999933,179,1,0.054505428865607906
3,2909,128.2999999999996,154,0,0.0544509234367423
3,2910,329.5999999999993,178,1,0.05439647251330556
3,2911,323.59999999999934,178,1,0.054342076040792255
3,2912,345.54999999999745,339,0,0.054287733964751464
3,2913,323.59999999999934,178,1,0.054233446230786714
3,2914,331.1499999999993,177,1,0.054179212784555925
3,2915,329.64999999999935,177,1,0.05412503357177137
3,2916,329.6499999999993,177,1,0.0540709085381996
3,2917,325.09999999999934,178,1,0.0540168376296614
3,2918,326.6499999999993,177,1,0.053962820792031733
3,2919,123.79999999999966,154,0,0.053908857971239704
3,2920,329.5999999999993,178,1,0.05385494911326846
3,2921,329.64999999999935,177,1,0.0538010941641552
3,2922,325.14999999999935,177,1,0.05374729306999104
3,2923,329.64999999999935,177,1,0.05369354577692105
3,2924,331.1499999999993,177,1,0.053639852231144126
3,2925,329.59999999999934,178,1,0.053586212378912985
3,2926,329.4499999999993,181,1,0.05353262616653407
3,2927,329.64999999999935,177,1,0.053479093540367534
3,2928,329.6499999999993,177,1,0.05342561444682717
3,2929,331.1499999999993,177,1,0.05337218883238034
3,2930,329.44999999999936,181,1,0.053318816643547956
3,2931,329.4999999999993,180,1,0.05326549782690441
3,2932,346.2499999999976,325,0,0.053212232329077506
3,2933,329.6499999999993,177,1,0.05315902009674843
3,2934,332.6499999999993,177,1,0.05310586107665168
3,2935,326.4999999999994,180,1,0.05305275521557503
3,2936,326.4999999999994,180,1,0.052999702460359455
3,2937,329.6499999999993,177,1,0.052946702757899096
3,2938,329.64999999999935,177,1,0.0528937560551412
3,2939,329.3499999999993,183,1,0.05284086229908606
3,2940,329.54999999999933,179,1,0.05278802143678697
3,2941,331.14999999999935,177,1,0.052735233415350184
3,2942,344.99999999999767,320,0,0.052682498181934836
3,2943,329.6499999999993,177,1,0.052629815683752905
3,2944,329.64999999999935,177,1,0.05257718586806915
3,2945,328.09999999999934,178,1,0.05252460868220108
3,2946,326.64999999999935,177,1,0.05247208407351888
3,2947,328.14999999999935,177,1,0.052419611989445364
3,2948,325.04999999999933,179,1,0.05236719237745592
3,2949,323.64999999999935,177,1,0.05231482518507846
3,2950,323.59999999999934,178,1,0.052262510359893384
3,2951,324.94999999999936,181,1,0.05221024784953349
3,2952,328.0999999999993,178,1,0.05215803760168396
3,2953,326.39999999999935,182,1,0.052105879564082275
3,2954,326.4499999999993,181,1,0.05205377368451819
3,2955,326.4499999999993,181,1,0.052001719910833674
3,2956,326.59999999999934,178,1,0.05194971819092284
3,2957,324.8999999999993,182,1,0.05189776847273191
3,2958,326.39999999999935,182,1,0.05184587070425918
3,2959,325.04999999999933,179,1,0.05179402483355492
3,2960,326.5499999999994,179,1,0.05174223080872137
3,2961,323.64999999999935,177,1,0.05169048857791265
3,2962,326.6499999999993,177,1,0.051638798089334734
3,2963,326.5499999999994,179,1,0.051587159291245396
3,2964,326.54999999999933,179,1,0.05153557213195415
3,2965,326.64999999999935,177,1,0.0514840365598222
3,2966,326.64999999999935,177,1,0.05143255252326238
3,2967,325.0999999999993,178,1,0.05138111997073912
3,2968,326.59999999999934,178,1,0.05132973885076838
3,2969,323.59999999999934,178,1,0.05127840911191761
3,2970,323.5999999999993,178,1,0.05122713070280569
3,2971,326.6499999999993,177,1,0.05117590357210289
3,2972,326.59999999999934,178,1,0.05112472766853079
3,2973,325.04999999999933,179,1,0.05107360294086226
3,2974,328.14999999999935,177,1,0.051022529337921396
3,2975,350.89999999999765,322,0,0.05097150680858348
3,2976,312.34999999999945,163,1,0.05092053530177489
3,2977,326.6499999999993,177,1,0.050869614766473115
3,2978,323.5999999999993,178,1,0.05081874515170664
3,2979,329.6499999999993,177,1,0.050767926406554933
3,2980,322.14999999999935,177,1,0.05071715848014838
3,2981,326.6499999999993,177,1,0.050666441321668226
3,2982,326.6499999999993,177,1,0.050615774880346555
3,2983,326.44999999999925,181,1,0.05056515910546621
3,2984,326.54999999999933,179,1,0.05051459394636074
3,2985,312.04999999999944,169,1,0.050464079352414384
3,2986,326.64999999999935,177,1,0.05041361527306197
3,2987,323.4499999999993,181,1,0.05036320165778891
3,2988,323.6499999999993,177,1,0.05031283845613112
3,2989,326.4999999999994,180,1,0.05026252561767499
3,2990,323.59999999999934,178,1,0.05021226309205731
3,2991,326.64999999999935,177,1,0.05016205082896526
3,2992,326.64999999999935,177,1,0.05011188877813629
3,2993,321.94999999999936,181,1,0.05006177688935816
3,2994,326.5999999999993,178,1,0.0500117151124688
3,2995,328.14999999999935,177,1,0.04996170339735633
3,2996,326.64999999999935,177,1,0.04996170339735633
3,2997,326.5999999999993,178,1,0.04996170339735633
3,2998,326.64999999999935,177,1,0.04996170339735633
3,2999,326.54999999999933,179,1,0.04996170339735633
3,3000,323.4499999999993,181,1,0.04996170339735633
3,3001,328.1499999999993,177,1,0.04996170339735633
3,3002,324.9499999999993,181,1,0.04996170339735633
3,3003,323.54999999999933,179,1,0.04996170339735633
3,3004,325.09999999999934,178,1,0.04996170339735633
3,3005,331.1499999999993,177,1,0.04996170339735633
3,3006,331.1499999999993,177,1,0.04996170339735633
3,3007,326.54999999999933,179,1,0.04996170339735633
3,3008,326.4499999999993,181,1,0.04996170339735633
3,3009,323.5499999999993,179,1,0.04996170339735633
3,3010,331.1499999999993,177,1,0.04996170339735633
3,3011,326.5499999999994,179,1,0.04996170339735633
3,3012,325.1499999999993,177,1,0.04996170339735633
3,3013,328.1499999999993,177,1,0.04996170339735633
3,3014,326.54999999999933,179,1,0.04996170339735633
3,3015,321.9999999999993,180,1,0.04996170339735633
3,3016,331.1499999999993,177,1,0.04996170339735633
3,3017,343.49999999999767,320,0,0.04996170339735633
3,3018,323.64999999999935,177,1,0.04996170339735633
3,3019,326.64999999999935,177,1,0.04996170339735633
3,3020,346.5499999999977,319,0,0.04996170339735633
3,3021,323.64999999999935,177,1,0.04996170339735633
3,3022,331.0999999999993,178,1,0.04996170339735633
3,3023,326.6499999999993,177,1,0.04996170339735633
3,3024,325.0999999999993,178,1,0.04996170339735633
3,3025,329.5999999999993,178,1,0.04996170339735633
3,3026,325.09999999999934,178,1,0.04996170339735633
3,3027,324.7999999999993,184,1,0.04996170339735633
3,3028,326.59999999999934,178,1,0.04996170339735633
3,3029,326.64999999999935,177,1,0.04996170339735633
3,3030,326.6499999999993,177,1,0.04996170339735633
3,3031,326.5499999999993,179,1,0.04996170339735633
3,3032,322.1499999999993,177,1,0.04996170339735633
3,3033,332.6499999999993,177,1,0.04996170339735633
3,3034,331.09999999999934,178,1,0.04996170339735633
3,3035,329.6499999999993,177,1,0.04996170339735633
3,3036,325.1499999999993,177,1,0.04996170339735633
3,3037,326.64999999999935,177,1,0.04996170339735633
3,3038,323.6499999999993,177,1,0.04996170339735633
3,3039,328.0999999999993,178,1,0.04996170339735633
3,3040,322.1499999999993,177,1,0.04996170339735633
3,3041,128.29999999999967,154,0,0.04996170339735633
3,3042,344.5999999999976,328,0,0.04996170339735633
3,3043,325.04999999999933,179,1,0.04996170339735633
3,3044,323.64999999999935,177,1,0.04996170339735633
3,3045,328.04999999999933,179,1,0.04996170339735633
3,3046,326.5999999999993,178,1,0.04996170339735633
3,3047,329.59999999999934,178,1,0.04996170339735633
3,3048,326.64999999999935,177,1,0.04996170339735633
3,3049,326.64999999999935,177,1,0.04996170339735633
3,3050,326.6499999999993,177,1,0.04996170339735633
3,3051,323.39999999999924,182,1,0.04996170339735633
3,3052,328.1499999999993,177,1,0.04996170339735633
3,3053,326.6499999999993,177,1,0.04996170339735633
3,3054,325.1499999999993,177,1,0.04996170339735633
3,3055,323.64999999999935,177,1,0.04996170339735633
3,3056,326.59999999999934,178,1,0.04996170339735633
3,3057,323.5999999999994,178,1,0.04996170339735633
3,3058,325.1499999999993,177,1,0.04996170339735633
3,3059,323.39999999999935,182,1,0.04996170339735633
3,3060,326.6499999999993,177,1,0.04996170339735633
3,3061,325.14999999999935,177,1,0.04996170339735633
3,3062,323.64999999999935,177,1,0.04996170339735633
3,3063,326.3499999999993,183,1,0.04996170339735633
3,3064,332.6499999999993,177,1,0.04996170339735633
3,3065,326.64999999999935,177,1,0.04996170339735633
3,3066,325.1499999999993,177,1,0.04996170339735633
3,3067,320.59999999999934,178,1,0.04996170339735633
3,3068,328.09999999999934,178,1,0.04996170339735633
3,3069,326.59999999999934,178,1,0.04996170339735633
3,3070,326.54999999999933,179,1,0.04996170339735633
3,3071,325.14999999999935,177,1,0.04996170339735633
3,3072,326.6499999999993,177,1,0.04996170339735633
3,3073,331.1499999999993,177,1,0.04996170339735633
3,3074,326.64999999999935,177,1,0.04996170339735633
3,3075,323.4999999999993,180,1,0.04996170339735633
3,3076,323.49999999999926,180,1,0.04996170339735633
3,3077,323.5499999999993,179,1,0.04996170339735633
3,3078,323.4999999999993,180,1,0.04996170339735633
3,3079,326.64999999999935,177,1,0.04996170339735633
3,3080,326.64999999999935,177,1,0.04996170339735633
3,3081,325.0999999999993,178,1,0.04996170339735633
3,3082,326.4499999999993,181,1,0.04996170339735633
3,3083,325.09999999999934,178,1,0.04996170339735633
3,3084,325.0999999999993,178,1,0.04996170339735633
3,3085,322.1499999999993,177,1,0.04996170339735633
3,3086,323.64999999999935,177,1,0.04996170339735633
3,3087,324.9999999999994,180,1,0.04996170339735633
3,3088,349.7499999999977,315,0,0.04996170339735633
3,3089,326.64999999999935,177,1,0.04996170339735633
3,3090,320.4999999999993,180,1,0.04996170339735633
3,3091,326.64999999999935,177,1,0.04996170339735633
3,3092,325.14999999999935,177,1,0.04996170339735633
3,3093,328.14999999999935,177,1,0.04996170339735633
3,3094,326.4999999999993,180,1,0.04996170339735633
3,3095,330.9499999999993,181,1,0.04996170339735633
3,3096,325.14999999999935,177,1,0.04996170339735633
3,3097,324.8999999999993,182,1,0.04996170339735633
3,3098,326.64999999999935,177,1,0.04996170339735633
3,3099,325.1499999999993,177,1,0.04996170339735633
3,3100,350.7999999999976,324,0,0.04996170339735633
3,3101,326.64999999999935,177,1,0.04996170339735633
3,3102,326.5999999999993,178,1,0.04996170339735633
3,3103,323.5499999999993,179,1,0.04996170339735633
3,3104,326.64999999999935,177,1,0.04996170339735633
3,3105,322.14999999999935,177,1,0.04996170339735633
3,3106,326.64999999999935,177,1,0.04996170339735633
3,3107,325.0999999999993,178,1,0.04996170339735633
3,3108,326.64999999999935,177,1,0.04996170339735633
3,3109,320.5499999999993,179,1,0.04996170339735633
3,3110,319.09999999999934,178,1,0.04996170339735633
3,3111,332.6499999999993,177,1,0.04996170339735633
3,3112,328.0999999999993,178,1,0.04996170339735633
3,3113,326.6499999999993,177,1,0.04996170339735633
3,3114,325.14999999999935,177,1,0.04996170339735633
3,3115,326.5999999999993,178,1,0.04996170339735633
3,3116,323.64999999999935,177,1,0.04996170339735633
3,3117,320.59999999999934,178,1,0.04996170339735633
3,3118,323.54999999999933,179,1,0.04996170339735633
3,3119,324.9999999999993,180,1,0.04996170339735633
3,3120,326.59999999999934,178,1,0.04996170339735633
3,3121,325.14999999999935,177,1,0.04996170339735633
3,3122,324.79999999999933,184,1,0.04996170339735633
3,3123,324.89999999999935,182,1,0.04996170339735633
3,3124,326.64999999999935,177,1,0.04996170339735633
3,3125,325.14999999999935,177,1,0.04996170339735633
3,3126,326.64999999999935,177,1,0.04996170339735633
3,3127,326.6499999999993,177,1,0.04996170339735633
3,3128,325.0999999999993,178,1,0.04996170339735633
3,3129,320.54999999999933,179,1,0.04996170339735633
3,3130,326.6499999999993,177,1,0.04996170339735633
3,3131,321.9999999999993,180,1,0.04996170339735633
3,3132,328.1499999999993,177,1,0.04996170339735633
3,3133,326.5999999999993,178,1,0.04996170339735633
3,3134,125.29999999999957,154,0,0.04996170339735633
3,3135,332.6499999999993,177,1,0.04996170339735633
3,3136,325.1499999999993,177,1,0.04996170339735633
3,3137,325.14999999999935,177,1,0.04996170339735633
3,3138,325.14999999999935,177,1,0.04996170339735633
3,3139,325.14999999999935,177,1,0.04996170339735633
3,3140,326.59999999999934,178,1,0.04996170339735633
3,3141,325.1499999999993,177,1,0.04996170339735633
3,3142,322.04999999999933,179,1,0.04996170339735633
3,3143,326.59999999999934,178,1,0.04996170339735633
3,3144,326.6499999999993,177,1,0.04996170339735633
3,3145,352.2999999999976,324,0,0.04996170339735633
3,3146,325.09999999999934,178,1,0.04996170339735633
3,3147,326.49999999999926,180,1,0.04996170339735633
3,3148,326.64999999999935,177,1,0.04996170339735633
3,3149,326.64999999999935,177,1,0.04996170339735633
3,3150,323.3499999999993,183,1,0.04996170339735633
3,3151,326.59999999999934,178,1,0.04996170339735633
3,3152,352.2499999999976,325,0,0.04996170339735633
3,3153,351.2999999999974,344,0,0.04996170339735633
3,3154,326.64999999999935,177,1,0.04996170339735633
3,3155,326.6499999999993,177,1,0.04996170339735633
3,3156,320.54999999999933,179,1,0.04996170339735633
3,3157,325.09999999999934,178,1,0.04996170339735633
3,3158,326.54999999999933,179,1,0.04996170339735633
3,3159,326.59999999999934,178,1,0.04996170339735633
3,3160,326.54999999999933,179,1,0.04996170339735633
3,3161,329.6499999999993,177,1,0.04996170339735633
3,3162,323.59999999999934,178,1,0.04996170339735633
3,3163,329.6499999999993,177,1,0.04996170339735633
3,3164,351.0999999999977,318,0,0.04996170339735633
3,3165,323.2499999999993,185,1,0.04996170339735633
3,3166,326.64999999999935,177,1,0.04996170339735633
3,3167,325.04999999999933,179,1,0.04996170339735633
3,3168,323.4999999999993,180,1,0.04996170339735633
3,3169,323.54999999999933,179,1,0.04996170339735633
3,3170,131.2999999999996,154,0,0.04996170339735633
3,3171,326.64999999999935,177,1,0.04996170339735633
3,3172,353.0499999999975,339,0,0.04996170339735633
3,3173,323.54999999999933,179,1,0.04996170339735633
3,3174,325.14999999999935,177,1,0.04996170339735633
3,3175,355.39999999999765,322,0,0.04996170339735633
3,3176,358.34999999999764,323,0,0.04996170339735633
3,3177,326.64999999999935,177,1,0.04996170339735633
3,3178,326.5499999999993,179,1,0.04996170339735633
3,3179,331.1499999999993,177,1,0.04996170339735633
3,3180,326.64999999999935,177,1,0.04996170339735633
3,3181,331.1499999999993,177,1,0.04996170339735633
3,3182,325.14999999999935,177,1,0.04996170339735633
3,3183,350.7999999999976,324,0,0.04996170339735633
3,3184,326.5999999999994,178,1,0.04996170339735633
3,3185,320.44999999999925,181,1,0.04996170339735633
3,3186,326.59999999999934,178,1,0.04996170339735633
3,3187,328.14999999999935,177,1,0.04996170339735633
3,3188,329.34999999999934,183,1,0.04996170339735633
3,3189,329.4999999999993,180,1,0.04996170339735633
3,3190,325.14999999999935,177,1,0.04996170339735633
3,3191,128.2999999999996,154,0,0.04996170339735633
3,3192,345.04999999999734,349,0,0.04996170339735633
3,3193,326.64999999999935,177,1,0.04996170339735633
3,3194,329.6499999999993,177,1,0.04996170339735633
3,3195,323.34999999999934,183,1,0.04996170339735633
3,3196,324.8999999999993,182,1,0.04996170339735633
3,3197,326.6499999999993,177,1,0.04996170339735633
3,3198,320.64999999999935,177,1,0.04996170339735633
3,3199,331.04999999999933,179,1,0.04996170339735633
3,3200,329.64999999999935,177,1,0.04996170339735633
3,3201,329.5999999999993,178,1,0.04996170339735633
3,3202,325.14999999999935,177,1,0.04996170339735633
3,3203,353.6999999999976,326,0,0.04996170339735633
3,3204,329.39999999999935,182,1,0.04996170339735633
3,3205,329.64999999999935,177,1,0.04996170339735633
3,3206,329.4999999999994,180,1,0.04996170339735633
3,3207,126.79999999999957,154,0,0.04996170339735633
3,3208,329.6499999999993,177,1,0.04996170339735633
3,3209,325.04999999999933,179,1,0.04996170339735633
3,3210,328.14999999999935,177,1,0.04996170339735633
3,3211,323.6499999999993,177,1,0.04996170339735633
3,3212,329.5999999999993,178,1,0.04996170339735633
3,3213,324.9999999999993,180,1,0.04996170339735633
3,3214,331.1499999999993,177,1,0.04996170339735633
3,3215,328.14999999999935,177,1,0.04996170339735633
3,3216,325.14999999999935,177,1,0.04996170339735633
3,3217,326.64999999999935,177,1,0.04996170339735633
3,3218,332.6499999999993,177,1,0.04996170339735633
3,3219,355.5499999999977,319,0,0.04996170339735633
3,3220,326.59999999999934,178,1,0.04996170339735633
3,3221,329.5999999999993,178,1,0.04996170339735633
3,3222,329.64999999999935,177,1,0.04996170339735633
3,3223,325.1499999999993,177,1,0.04996170339735633
3,3224,325.04999999999933,179,1,0.04996170339735633
3,3225,325.04999999999933,179,1,0.04996170339735633
3,3226,326.64999999999935,177,1,0.04996170339735633
3,3227,328.1499999999993,177,1,0.04996170339735633
3,3228,352.44999999999766,321,0,0.04996170339735633
3,3229,312.4499999999995,161,1,0.04996170339735633
3,3230,325.14999999999935,177,1,0.04996170339735633
3,3231,325.14999999999935,177,1,0.04996170339735633
3,3232,326.64999999999935,177,1,0.04996170339735633
3,3233,325.09999999999934,178,1,0.04996170339735633
3,3234,325.09999999999934,178,1,0.04996170339735633
3,3235,328.0999999999993,178,1,0.04996170339735633
3,3236,331.0999999999993,178,1,0.04996170339735633
3,3237,326.54999999999933,179,1,0.04996170339735633
3,3238,326.3999999999993,182,1,0.04996170339735633
3,3239,326.6499999999993,177,1,0.04996170339735633
3,3240,355.6499999999977,317,0,0.04996170339735633
3,3241,325.14999999999935,177,1,0.04996170339735633
3,3242,325.09999999999934,178,1,0.04996170339735633
3,3243,324.69999999999936,186,1,0.04996170339735633
3,3244,323.49999999999926,180,1,0.04996170339735633
3,3245,326.64999999999935,177,1,0.04996170339735633
3,3246,325.1499999999993,177,1,0.04996170339735633
3,3247,329.64999999999935,177,1,0.04996170339735633
3,3248,331.1499999999993,177,1,0.04996170339735633
3,3249,331.1499999999993,177,1,0.04996170339735633
3,3250,354.0499999999977,319,0,0.04996170339735633
3,3251,331.0999999999993,178,1,0.04996170339735633
3,3252,326.5999999999994,178,1,0.04996170339735633
3,3253,323.6499999999993,177,1,0.04996170339735633
3,3254,354.6499999999975,337,0,0.04996170339735633
3,3255,326.64999999999935,177,1,0.04996170339735633
3,3256,329.59999999999934,178,1,0.04996170339735633
3,3257,329.6499999999993,177,1,0.04996170339735633
3,3258,325.09999999999934,178,1,0.04996170339735633
3,3259,323.64999999999935,177,1,0.04996170339735633
3,3260,323.64999999999935,177,1,0.04996170339735633
3,3261,326.6499999999993,177,1,0.04996170339735633
3,3262,323.64999999999935,177,1,0.04996170339735633
3,3263,323.3499999999993,183,1,0.04996170339735633
3,3264,329.54999999999933,179,1,0.04996170339735633
3,3265,326.6499999999993,177,1,0.04996170339735633
3,3266,323.59999999999934,178,1,0.04996170339735633
3,3267,325.14999999999935,177,1,0.04996170339735633
3,3268,323.64999999999935,177,1,0.04996170339735633
3,3269,328.14999999999935,177,1,0.04996170339735633
3,3270,329.59999999999934,178,1,0.04996170339735633
3,3271,323.6499999999993,177,1,0.04996170339735633
3,3272,328.14999999999935,177,1,0.04996170339735633
3,3273,329.59999999999934,178,1,0.04996170339735633
3,3274,353.1499999999975,337,0,0.04996170339735633
3,3275,340.5499999999977,319,0,0.04996170339735633
3,3276,323.4499999999993,181,1,0.04996170339735633
3,3277,325.14999999999935,177,1,0.04996170339735633
3,3278,323.59999999999934,178,1,0.04996170339735633
3,3279,323.5499999999993,179,1,0.04996170339735633
3,3280,323.6499999999993,177,1,0.04996170339735633
3,3281,129.74999999999966,155,0,0.04996170339735633
3,3282,351.44999999999743,341,0,0.04996170339735633
3,3283,129.7999999999996,154,0,0.04996170339735633
3,3284,326.5499999999994,179,1,0.04996170339735633
3,3285,326.64999999999935,177,1,0.04996170339735633
3,3286,328.09999999999934,178,1,0.04996170339735633
3,3287,323.6499999999993,177,1,0.04996170339735633
3,3288,323.59999999999934,178,1,0.04996170339735633
3,3289,323.64999999999935,177,1,0.04996170339735633
3,3290,323.6499999999993,177,1,0.04996170339735633
3,3291,329.5999999999993,178,1,0.04996170339735633
3,3292,323.64999999999935,177,1,0.04996170339735633
3,3293,323.5999999999993,178,1,0.04996170339735633
3,3294,326.54999999999933,179,1,0.04996170339735633
3,3295,325.14999999999935,177,1,0.04996170339735633
3,3296,323.5499999999993,179,1,0.04996170339735633
3,3297,329.59999999999934,178,1,0.04996170339735633
3,3298,326.59999999999934,178,1,0.04996170339735633
3,3299,332.6499999999993,177,1,0.04996170339735633
3,3300,325.14999999999935,177,1,0.04996170339735633
3,3301,328.09999999999934,178,1,0.04996170339735633
3,3302,326.64999999999935,177,1,0.04996170339735633
3,3303,359.99999999999767,320,0,0.04996170339735633
3,3304,325.14999999999935,177,1,0.04996170339735633
3,3305,329.6499999999993,177,1,0.04996170339735633
3,3306,326.64999999999935,177,1,0.04996170339735633
3,3307,323.54999999999933,179,1,0.04996170339735633
3,3308,328.1499999999993,177,1,0.04996170339735633
3,3309,332.54999999999933,179,1,0.04996170339735633
3,3310,326.64999999999935,177,1,0.04996170339735633
3,3311,332.6499999999993,177,1,0.04996170339735633
3,3312,325.1499999999993,177,1,0.04996170339735633
3,3313,324.8999999999993,182,1,0.04996170339735633
3,3314,326.59999999999934,178,1,0.04996170339735633
3,3315,323.64999999999935,177,1,0.04996170339735633
3,3316,328.1499999999993,177,1,0.04996170339735633
3,3317,325.14999999999935,177,1,0.04996170339735633
3,3318,125.29999999999968,154,0,0.04996170339735633
3,3319,323.6499999999993,177,1,0.04996170339735633
3,3320,329.5999999999993,178,1,0.04996170339735633
3,3321,323.64999999999935,177,1,0.04996170339735633
3,3322,323.6499999999993,177,1,0.04996170339735633
3,3323,328.1499999999993,177,1,0.04996170339735633
3,3324,329.64999999999935,177,1,0.04996170339735633
3,3325,323.64999999999935,177,1,0.04996170339735633
3,3326,329.64999999999935,177,1,0.04996170339735633
3,3327,329.6499999999993,177,1,0.04996170339735633
3,3328,327.89999999999924,182,1,0.04996170339735633
3,3329,323.4999999999994,180,1,0.04996170339735633
3,3330,329.59999999999934,178,1,0.04996170339735633
3,3331,323.64999999999935,177,1,0.04996170339735633
3,3332,360.94999999999754,331,0,0.04996170339735633
3,3333,329.64999999999935,177,1,0.04996170339735633
3,3334,129.7999999999996,154,0,0.04996170339735633
3,3335,326.5499999999993,179,1,0.04996170339735633
3,3336,326.64999999999935,177,1,0.04996170339735633
3,3337,326.64999999999935,177,1,0.04996170339735633
3,3338,320.64999999999935,177,1,0.04996170339735633
3,3339,322.14999999999935,177,1,0.04996170339735633
3,3340,328.1499999999993,177,1,0.04996170339735633
3,3341,325.14999999999935,177,1,0.04996170339735633
3,3342,327.8499999999993,183,1,0.04996170339735633
3,3343,326.5499999999993,179,1,0.04996170339735633
3,3344,323.6499999999993,177,1,0.04996170339735633
3,3345,326.54999999999933,179,1,0.04996170339735633
3,3346,323.5999999999994,178,1,0.04996170339735633
3,3347,329.64999999999935,177,1,0.04996170339735633
3,3348,325.0499999999994,179,1,0.04996170339735633
3,3349,326.59999999999934,178,1,0.04996170339735633
3,3350,326.6499999999993,177,1,0.04996170339735633
3,3351,311.9499999999994,171,1,0.04996170339735633
3,3352,325.04999999999933,179,1,0.04996170339735633
3,3353,326.64999999999935,177,1,0.04996170339735633
3,3354,320.34999999999934,183,1,0.04996170339735633
3,3355,328.1499999999993,177,1,0.04996170339735633
3,3356,327.9999999999993,180,1,0.04996170339735633
3,3357,332.5999999999993,178,1,0.04996170339735633
3,3358,328.0999999999993,178,1,0.04996170339735633
3,3359,349.04999999999757,329,0,0.04996170339735633
3,3360,129.79999999999967,154,0,0.04996170339735633
3,3361,332.6499999999993,177,1,0.04996170339735633
3,3362,328.1499999999993,177,1,0.04996170339735633
3,3363,324.9999999999993,180,1,0.04996170339735633
3,3364,325.1499999999993,177,1,0.04996170339735633
3,3365,323.64999999999935,177,1,0.04996170339735633
3,3366,323.39999999999924,182,1,0.04996170339735633
3,3367,326.5999999999993,178,1,0.04996170339735633
3,3368,325.14999999999935,177,1,0.04996170339735633
3,3369,325.14999999999935,177,1,0.04996170339735633
3,3370,328.09999999999934,178,1,0.04996170339735633
3,3371,358.34999999999764,323,0,0.04996170339735633
3,3372,325.14999999999935,177,1,0.04996170339735633
3,3373,325.04999999999933,179,1,0.04996170339735633
3,3374,328.1499999999993,177,1,0.04996170339735633
3,3375,325.14999999999935,177,1,0.04996170339735633
3,3376,326.64999999999935,177,1,0.04996170339735633
3,3377,324.9999999999993,180,1,0.04996170339735633
3,3378,323.6499999999993,177,1,0.04996170339735633
3,3379,324.9999999999993,180,1,0.04996170339735633
3,3380,328.1499999999993,177,1,0.04996170339735633
3,3381,325.0499999999993,179,1,0.04996170339735633
3,3382,324.94999999999936,181,1,0.04996170339735633
3,3383,340.34999999999764,323,0,0.04996170339735633
3,3384,325.09999999999934,178,1,0.04996170339735633
3,3385,360.1999999999977,316,0,0.04996170339735633
3,3386,323.44999999999925,181,1,0.04996170339735633
3,3387,328.1499999999993,177,1,0.04996170339735633
3,3388,323.64999999999935,177,1,0.04996170339735633
3,3389,325.04999999999933,179,1,0.04996170339735633
3,3390,325.14999999999935,177,1,0.04996170339735633
3,3391,325.14999999999935,177,1,0.04996170339735633
3,3392,326.5999999999993,178,1,0.04996170339735633
3,3393,329.54999999999933,179,1,0.04996170339735633
3,3394,323.59999999999934,178,1,0.04996170339735633
3,3395,328.14999999999935,177,1,0.04996170339735633
3,3396,326.6499999999993,177,1,0.04996170339735633
3,3397,323.59999999999934,178,1,0.04996170339735633
3,3398,325.1499999999993,177,1,0.04996170339735633
3,3399,325.14999999999935,177,1,0.04996170339735633
3,3400,329.54999999999933,179,1,0.04996170339735633
3,3401,325.14999999999935,177,1,0.04996170339735633
3,3402,324.9999999999994,180,1,0.04996170339735633
3,3403,323.64999999999935,177,1,0.04996170339735633
3,3404,329.64999999999935,177,1,0.04996170339735633
3,3405,344.09999999999786,308,0,0.04996170339735633
3,3406,326.64999999999935,177,1,0.04996170339735633
3,3407,331.1499999999993,177,1,0.04996170339735633
3,3408,325.0999999999993,178,1,0.04996170339735633
3,3409,329.59999999999934,178,1,0.04996170339735633
3,3410,325.1499999999993,177,1,0.04996170339735633
3,3411,324.8999999999993,182,1,0.04996170339735633
3,3412,325.0999999999994,178,1,0.04996170339735633
3,3413,328.14999999999935,177,1,0.04996170339735633
3,3414,324.8999999999993,182,1,0.04996170339735633
3,3415,323.64999999999935,177,1,0.04996170339735633
3,3416,325.14999999999935,177,1,0.04996170339735633
3,3417,326.64999999999935,177,1,0.04996170339735633
3,3418,328.04999999999933,179,1,0.04996170339735633
3,3419,326.64999999999935,177,1,0.04996170339735633
3,3420,325.0999999999993,178,1,0.04996170339735633
3,3421,324.94999999999936,181,1,0.04996170339735633
3,3422,326.64999999999935,177,1,0.04996170339735633
3,3423,324.84999999999934,183,1,0.04996170339735633
3,3424,323.4999999999993,180,1,0.04996170339735633
3,3425,328.1499999999993,177,1,0.04996170339735633
3,3426,325.04999999999933,179,1,0.04996170339735633
3,3427,329.64999999999935,177,1,0.04996170339735633
3,3428,323.59999999999934,178,1,0.04996170339735633
3,3429,353.94999999999766,321,0,0.04996170339735633
3,3430,323.49999999999926,180,1,0.04996170339735633
3,3431,361.44999999999766,321,0,0.04996170339735633
3,3432,329.5999999999993,178,1,0.04996170339735633
3,3433,326.64999999999935,177,1,0.04996170339735633
3,3434,324.9999999999993,180,1,0.04996170339735633
3,3435,352.39999999999765,322,0,0.04996170339735633
3,3436,319.1499999999993,177,1,0.04996170339735633
3,3437,324.9999999999993,180,1,0.04996170339735633
3,3438,345.1999999999977,316,0,0.04996170339735633
3,3439,326.64999999999935,177,1,0.04996170339735633
3,3440,325.14999999999935,177,1,0.04996170339735633
3,3441,328.14999999999935,177,1,0.04996170339735633
3,3442,323.59999999999934,178,1,0.04996170339735633
3,3443,328.14999999999935,177,1,0.04996170339735633
3,3444,347.0999999999978,308,0,0.04996170339735633
3,3445,323.6499999999993,177,1,0.04996170339735633
3,3446,326.59999999999934,178,1,0.04996170339735633
3,3447,332.5999999999993,178,1,0.04996170339735633
3,3448,323.6499999999994,177,1,0.04996170339735633
3,3449,329.64999999999935,177,1,0.04996170339735633
3,3450,329.64999999999935,177,1,0.04996170339735633
3,3451,126.79999999999971,154,0,0.04996170339735633
3,3452,331.1499999999993,177,1,0.04996170339735633
3,3453,329.5999999999993,178,1,0.04996170339735633
3,3454,328.04999999999933,179,1,0.04996170339735633
3,3455,329.54999999999933,179,1,0.04996170339735633
3,3456,326.3499999999993,183,1,0.04996170339735633
3,3457,329.44999999999936,181,1,0.04996170339735633
3,3458,329.4999999999993,180,1,0.04996170339735633
3,3459,329.5999999999993,178,1,0.04996170339735633
3,3460,325.0499999999994,179,1,0.04996170339735633
3,3461,328.14999999999935,177,1,0.04996170339735633
3,3462,323.6499999999993,177,1,0.04996170339735633
3,3463,129.7499999999996,155,0,0.04996170339735633
3,3464,325.14999999999935,177,1,0.04996170339735633
3,3465,326.64999999999935,177,1,0.04996170339735633
3,3466,325.1499999999993,177,1,0.04996170339735633
3,3467,326.64999999999935,177,1,0.04996170339735633
3,3468,349.49999999999767,320,0,0.04996170339735633
3,3469,324.9999999999993,180,1,0.04996170339735633
3,3470,323.64999999999935,177,1,0.04996170339735633
3,3471,326.54999999999933,179,1,0.04996170339735633
3,3472,320.54999999999933,179,1,0.04996170339735633
3,3473,332.5999999999993,178,1,0.04996170339735633
3,3474,326.64999999999935,177,1,0.04996170339735633
3,3475,325.09999999999934,178,1,0.04996170339735633
3,3476,323.5999999999993,178,1,0.04996170339735633
3,3477,324.9999999999993,180,1,0.04996170339735633
3,3478,322.0999999999993,178,1,0.04996170339735633
3,3479,328.09999999999934,178,1,0.04996170339735633
3,3480,329.6499999999993,177,1,0.04996170339735633
3,3481,324.9499999999993,181,1,0.04996170339735633
3,3482,323.5499999999993,179,1,0.04996170339735633
3,3483,354.7999999999975,334,0,0.04996170339735633
3,3484,326.64999999999935,177,1,0.04996170339735633
3,3485,325.1499999999993,177,1,0.04996170339735633
3,3486,332.49999999999926,180,1,0.04996170339735633
3,3487,354.2499999999977,315,0,0.04996170339735633
3,3488,-1.4499999999995126,199,0,0.04996170339735633
3,3489,326.6499999999993,177,1,0.04996170339735633
3,3490,329.4999999999993,180,1,0.04996170339735633
3,3491,325.14999999999935,177,1,0.04996170339735633
3,3492,325.14999999999935,177,1,0.04996170339735633
3,3493,326.6499999999993,177,1,0.04996170339735633
3,3494,323.6499999999993,177,1,0.04996170339735633
3,3495,329.64999999999935,177,1,0.04996170339735633
3,3496,323.64999999999935,177,1,0.04996170339735633
3,3497,126.79999999999966,154,0,0.04996170339735633
3,3498,323.6499999999993,177,1,0.04996170339735633
3,3499,324.9999999999994,180,1,0.04996170339735633
3,3500,328.09999999999934,178,1,0.04996170339735633
3,3501,325.09999999999934,178,1,0.04996170339735633
3,3502,323.64999999999935,177,1,0.04996170339735633
3,3503,324.84999999999934,183,1,0.04996170339735633
3,3504,320.54999999999933,179,1,0.04996170339735633
3,3505,326.5999999999993,178,1,0.04996170339735633
3,3506,332.6499999999993,177,1,0.04996170339735633
3,3507,329.64999999999935,177,1,0.04996170339735633
3,3508,329.4999999999993,180,1,0.04996170339735633
3,3509,332.6499999999993,177,1,0.04996170339735633
3,3510,325.14999999999935,177,1,0.04996170339735633
3,3511,325.04999999999933,179,1,0.04996170339735633
3,3512,323.64999999999935,177,1,0.04996170339735633
3,3513,326.6499999999993,177,1,0.04996170339735633
3,3514,328.0999999999993,178,1,0.04996170339735633
3,3515,323.59999999999934,178,1,0.04996170339735633
3,3516,323.54999999999933,179,1,0.04996170339735633
3,3517,332.6499999999993,177,1,0.04996170339735633
3,3518,326.34999999999934,183,1,0.04996170339735633
3,3519,323.54999999999933,179,1,0.04996170339735633
3,3520,323.64999999999935,177,1,0.04996170339735633
3,3521,328.1499999999993,177,1,0.04996170339735633
3,3522,323.4999999999993,180,1,0.04996170339735633
3,3523,328.1499999999993,177,1,0.04996170339735633
3,3524,332.6499999999993,177,1,0.04996170339735633
3,3525,323.5999999999993,178,1,0.04996170339735633
3,3526,325.09999999999934,178,1,0.04996170339735633
3,3527,325.1499999999993,177,1,0.04996170339735633
3,3528,326.64999999999935,177,1,0.04996170339735633
3,3529,326.64999999999935,177,1,0.04996170339735633
3,3530,323.6499999999993,177,1,0.04996170339735633
3,3531,325.14999999999935,177,1,0.04996170339735633
3,3532,326.6499999999993,177,1,0.04996170339735633
3,3533,325.1499999999993,177,1,0.04996170339735633
3,3534,325.09999999999934,178,1,0.04996170339735633
3,3535,325.14999999999935,177,1,0.04996170339735633
3,3536,325.14999999999935,177,1,0.04996170339735633
3,3537,328.14999999999935,177,1,0.04996170339735633
3,3538,325.14999999999935,177,1,0.04996170339735633
3,3539,77.70000000000024,116,0,0.04996170339735633
3,3540,326.6499999999993,177,1,0.04996170339735633
3,3541,326.64999999999935,177,1,0.04996170339735633
3,3542,323.54999999999933,179,1,0.04996170339735633
3,3543,323.64999999999935,177,1,0.04996170339735633
3,3544,328.1499999999993,177,1,0.04996170339735633
3,3545,325.04999999999933,179,1,0.04996170339735633
3,3546,323.5999999999994,178,1,0.04996170339735633
3,3547,323.59999999999934,178,1,0.04996170339735633
3,3548,332.6499999999993,177,1,0.04996170339735633
3,3549,320.4999999999993,180,1,0.04996170339735633
3,3550,126.79999999999963,154,0,0.04996170339735633
3,3551,323.64999999999935,177,1,0.04996170339735633
3,3552,325.0999999999993,178,1,0.04996170339735633
3,3553,323.39999999999935,182,1,0.04996170339735633
3,3554,323.64999999999935,177,1,0.04996170339735633
3,3555,322.1499999999993,177,1,0.04996170339735633
3,3556,326.64999999999935,177,1,0.04996170339735633
3,3557,326.64999999999935,177,1,0.04996170339735633
3,3558,328.14999999999935,177,1,0.04996170339735633
3,3559,323.4999999999993,180,1,0.04996170339735633
3,3560,326.5999999999993,178,1,0.04996170339735633
3,3561,323.59999999999934,178,1,0.04996170339735633
3,3562,324.9999999999993,180,1,0.04996170339735633
3,3563,323.4999999999993,180,1,0.04996170339735633
3,3564,324.9999999999994,180,1,0.04996170339735633
3,3565,323.64999999999935,177,1,0.04996170339735633
3,3566,325.14999999999935,177,1,0.04996170339735633
3,3567,323.3999999999993,182,1,0.04996170339735633
3,3568,323.44999999999925,181,1,0.04996170339735633
3,3569,323.64999999999935,177,1,0.04996170339735633
3,3570,323.4999999999993,180,1,0.04996170339735633
3,3571,356.89999999999765,322,0,0.04996170339735633
3,3572,325.14999999999935,177,1,0.04996170339735633
3,3573,325.14999999999935,177,1,0.04996170339735633
3,3574,325.1499999999993,177,1,0.04996170339735633
3,3575,323.64999999999935,177,1,0.04996170339735633
3,3576,323.6499999999993,177,1,0.04996170339735633
3,3577,332.6499999999993,177,1,0.04996170339735633
3,3578,323.6499999999993,177,1,0.04996170339735633
3,3579,328.14999999999935,177,1,0.04996170339735633
3,3580,324.9999999999993,180,1,0.04996170339735633
3,3581,323.64999999999935,177,1,0.04996170339735633
3,3582,323.6499999999993,177,1,0.04996170339735633
3,3583,326.64999999999935,177,1,0.04996170339735633
3,3584,326.5999999999993,178,1,0.04996170339735633
3,3585,325.14999999999935,177,1,0.04996170339735633
3,3586,326.59999999999934,178,1,0.04996170339735633
3,3587,346.5499999999977,319,0,0.04996170339735633
3,3588,323.3999999999993,182,1,0.04996170339735633
3,3589,325.1499999999993,177,1,0.04996170339735633
3,3590,326.59999999999934,178,1,0.04996170339735633
3,3591,324.94999999999936,181,1,0.04996170339735633
3,3592,323.6499999999993,177,1,0.04996170339735633
3,3593,358.2999999999976,324,0,0.04996170339735633
3,3594,323.6499999999993,177,1,0.04996170339735633
3,3595,323.54999999999933,179,1,0.04996170339735633
3,3596,323.59999999999934,178,1,0.04996170339735633
3,3597,324.9499999999993,181,1,0.04996170339735633
3,3598,325.14999999999935,177,1,0.04996170339735633
3,3599,325.09999999999934,178,1,0.04996170339735633
3,3600,125.29999999999963,154,0,0.04996170339735633
3,3601,324.9999999999993,180,1,0.04996170339735633
3,3602,358.4999999999973,350,0,0.04996170339735633
3,3603,324.99999999999926,180,1,0.04996170339735633
3,3604,323.5999999999993,178,1,0.04996170339735633
3,3605,326.64999999999935,177,1,0.04996170339735633
3,3606,325.1499999999993,177,1,0.04996170339735633
3,3607,332.6499999999993,177,1,0.04996170339735633
3,3608,324.89999999999935,182,1,0.04996170339735633
3,3609,357.1999999999977,316,0,0.04996170339735633
3,3610,325.0499999999994,179,1,0.04996170339735633
3,3611,325.04999999999933,179,1,0.04996170339735633
3,3612,325.09999999999934,178,1,0.04996170339735633
3,3613,358.2999999999976,324,0,0.04996170339735633
3,3614,325.14999999999935,177,1,0.04996170339735633
3,3615,325.14999999999935,177,1,0.04996170339735633
3,3616,312.0499999999994,169,1,0.04996170339735633
3,3617,323.54999999999933,179,1,0.04996170339735633
3,3618,323.64999999999935,177,1,0.04996170339735633
3,3619,326.59999999999934,178,1,0.04996170339735633
3,3620,326.64999999999935,177,1,0.04996170339735633
3,3621,323.49999999999926,180,1,0.04996170339735633
3,3622,328.1499999999993,177,1,0.04996170339735633
3,3623,323.6499999999993,177,1,0.04996170339735633
3,3624,344.3499999999975,333,0,0.04996170339735633
3,3625,324.8999999999993,182,1,0.04996170339735633
3,3626,328.14999999999935,177,1,0.04996170339735633
3,3627,129.79999999999967,154,0,0.04996170339735633
3,3628,355.49999999999767,320,0,0.04996170339735633
3,3629,325.14999999999935,177,1,0.04996170339735633
3,3630,327.94999999999925,181,1,0.04996170339735633
3,3631,325.09999999999934,178,1,0.04996170339735633
3,3632,325.09999999999934,178,1,0.04996170339735633
3,3633,320.64999999999935,177,1,0.04996170339735633
3,3634,332.6499999999993,177,1,0.04996170339735633
3,3635,323.6499999999993,177,1,0.04996170339735633
3,3636,323.59999999999934,178,1,0.04996170339735633
3,3637,328.14999999999935,177,1,0.04996170339735633
3,3638,323.6499999999993,177,1,0.04996170339735633
3,3639,323.4999999999993,180,1,0.04996170339735633
3,3640,354.14999999999736,347,0,0.04996170339735633
3,3641,324.99999999999926,180,1,0.04996170339735633
3,3642,325.14999999999935,177,1,0.04996170339735633
3,3643,326.64999999999935,177,1,0.04996170339735633
3,3644,352.1999999999976,326,0,0.04996170339735633
3,3645,325.1499999999993,177,1,0.04996170339735633
3,3646,326.59999999999934,178,1,0.04996170339735633
3,3647,328.14999999999935,177,1,0.04996170339735633
3,3648,325.0999999999993,178,1,0.04996170339735633
3,3649,342.0499999999977,319,0,0.04996170339735633
3,3650,349.5499999999977,319,0,0.04996170339735633
3,3651,332.6499999999993,177,1,0.04996170339735633
3,3652,326.59999999999934,178,1,0.04996170339735633
3,3653,326.4999999999993,180,1,0.04996170339735633
3,3654,323.6499999999993,177,1,0.04996170339735633
3,3655,326.6499999999993,177,1,0.04996170339735633
3,3656,325.14999999999935,177,1,0.04996170339735633
3,3657,326.5999999999993,178,1,0.04996170339735633
3,3658,323.64999999999935,177,1,0.04996170339735633
3,3659,325.14999999999935,177,1,0.04996170339735633
3,3660,326.64999999999935,177,1,0.04996170339735633
3,3661,326.64999999999935,177,1,0.04996170339735633
3,3662,323.64999999999935,177,1,0.04996170339735633
3,3663,326.6499999999993,177,1,0.04996170339735633
3,3664,325.09999999999934,178,1,0.04996170339735633
3,3665,328.14999999999935,177,1,0.04996170339735633
3,3666,322.04999999999933,179,1,0.04996170339735633
3,3667,328.14999999999935,177,1,0.04996170339735633
3,3668,361.5499999999977,319,0,0.04996170339735633
3,3669,323.54999999999933,179,1,0.04996170339735633
3,3670,328.1499999999993,177,1,0.04996170339735633
3,3671,324.9999999999993,180,1,0.04996170339735633
3,3672,323.59999999999934,178,1,0.04996170339735633
3,3673,332.5999999999993,178,1,0.04996170339735633
3,3674,320.64999999999935,177,1,0.04996170339735633
3,3675,324.84999999999934,183,1,0.04996170339735633
3,3676,323.64999999999935,177,1,0.04996170339735633
3,3677,325.14999999999935,177,1,0.04996170339735633
3,3678,128.2999999999996,154,0,0.04996170339735633
3,3679,323.64999999999935,177,1,0.04996170339735633
3,3680,323.64999999999935,177,1,0.04996170339735633
3,3681,326.64999999999935,177,1,0.04996170339735633
3,3682,325.1499999999993,177,1,0.04996170339735633
3,3683,326.64999999999935,177,1,0.04996170339735633
3,3684,323.54999999999933,179,1,0.04996170339735633
3,3685,323.5499999999993,179,1,0.04996170339735633
3,3686,323.64999999999935,177,1,0.04996170339735633
3,3687,323.3999999999993,182,1,0.04996170339735633
3,3688,323.59999999999934,178,1,0.04996170339735633
3,3689,323.64999999999935,177,1,0.04996170339735633
3,3690,312.09999999999945,168,1,0.04996170339735633
3,3691,325.1499999999993,177,1,0.04996170339735633
3,3692,324.94999999999925,181,1,0.04996170339735633
3,3693,325.14999999999935,177,1,0.04996170339735633
3,3694,326.6499999999993,177,1,0.04996170339735633
3,3695,323.64999999999935,177,1,0.04996170339735633
3,3696,325.14999999999935,177,1,0.04996170339735633
3,3697,325.04999999999933,179,1,0.04996170339735633
3,3698,325.14999999999935,177,1,0.04996170339735633
3,3699,328.1499999999993,177,1,0.04996170339735633
3,3700,323.59999999999934,178,1,0.04996170339735633
3,3701,325.04999999999933,179,1,0.04996170339735633
3,3702,323.64999999999935,177,1,0.04996170339735633
3,3703,325.04999999999933,179,1,0.04996170339735633
3,3704,332.6499999999993,177,1,0.04996170339735633
3,3705,326.5499999999993,179,1,0.04996170339735633
3,3706,326.64999999999935,177,1,0.04996170339735633
3,3707,328.1499999999993,177,1,0.04996170339735633
3,3708,323.59999999999934,178,1,0.04996170339735633
3,3709,326.64999999999935,177,1,0.04996170339735633
3,3710,353.6499999999976,327,0,0.04996170339735633
3,3711,323.64999999999935,177,1,0.04996170339735633
3,3712,323.64999999999935,177,1,0.04996170339735633
3,3713,325.04999999999933,179,1,0.04996170339735633
3,3714,328.0999999999993,178,1,0.04996170339735633
3,3715,323.39999999999935,182,1,0.04996170339735633
3,3716,328.0999999999993,178,1,0.04996170339735633
3,3717,325.14999999999935,177,1,0.04996170339735633
3,3718,325.14999999999935,177,1,0.04996170339735633
3,3719,326.59999999999934,178,1,0.04996170339735633
3,3720,325.09999999999934,178,1,0.04996170339735633
3,3721,325.04999999999933,179,1,0.04996170339735633
3,3722,320.59999999999934,178,1,0.04996170339735633
3,3723,323.6499999999993,177,1,0.04996170339735633
3,3724,323.64999999999935,177,1,0.04996170339735633
3,3725,325.09999999999934,178,1,0.04996170339735633
3,3726,325.14999999999935,177,1,0.04996170339735633
3,3727,351.1999999999977,316,0,0.04996170339735633
3,3728,320.59999999999934,178,1,0.04996170339735633
3,3729,323.64999999999935,177,1,0.04996170339735633
3,3730,328.1499999999993,177,1,0.04996170339735633
3,3731,323.6499999999993,177,1,0.04996170339735633
3,3732,325.04999999999933,179,1,0.04996170339735633
3,3733,325.14999999999935,177,1,0.04996170339735633
3,3734,324.84999999999934,183,1,0.04996170339735633
3,3735,358.1499999999976,327,0,0.04996170339735633
3,3736,326.5999999999993,178,1,0.04996170339735633
3,3737,325.1499999999993,177,1,0.04996170339735633
3,3738,324.9499999999993,181,1,0.04996170339735633
3,3739,325.0499999999994,179,1,0.04996170339735633
3,3740,326.6499999999993,177,1,0.04996170339735633
3,3741,323.5999999999993,178,1,0.04996170339735633
3,3742,325.09999999999934,178,1,0.04996170339735633
3,3743,328.14999999999935,177,1,0.04996170339735633
3,3744,312.2999999999994,164,1,0.04996170339735633
3,3745,328.14999999999935,177,1,0.04996170339735633
3,3746,326.6499999999993,177,1,0.04996170339735633
3,3747,323.5999999999993,178,1,0.04996170339735633
3,3748,323.54999999999933,179,1,0.04996170339735633
3,3749,325.14999999999935,177,1,0.04996170339735633
3,3750,328.14999999999935,177,1,0.04996170339735633
3,3751,323.64999999999935,177,1,0.04996170339735633
3,3752,325.04999999999933,179,1,0.04996170339735633
3,3753,326.64999999999935,177,1,0.04996170339735633
3,3754,323.5499999999993,179,1,0.04996170339735633
3,3755,323.64999999999935,177,1,0.04996170339735633
3,3756,328.0999999999993,178,1,0.04996170339735633
3,3757,352.49999999999767,320,0,0.04996170339735633
3,3758,326.64999999999935,177,1,0.04996170339735633
3,3759,345.34999999999775,313,0,0.04996170339735633
3,3760,328.14999999999935,177,1,0.04996170339735633
3,3761,323.34999999999934,183,1,0.04996170339735633
3,3762,324.9999999999993,180,1,0.04996170339735633
3,3763,323.59999999999934,178,1,0.04996170339735633
3,3764,325.09999999999934,178,1,0.04996170339735633
3,3765,323.59999999999934,178,1,0.04996170339735633
3,3766,323.64999999999935,177,1,0.04996170339735633
3,3767,326.6499999999993,177,1,0.04996170339735633
3,3768,323.6499999999993,177,1,0.04996170339735633
3,3769,325.1499999999993,177,1,0.04996170339735633
3,3770,323.3499999999993,183,1,0.04996170339735633
3,3771,323.64999999999935,177,1,0.04996170339735633
3,3772,323.64999999999935,177,1,0.04996170339735633
3,3773,323.64999999999935,177,1,0.04996170339735633
3,3774,328.1499999999993,177,1,0.04996170339735633
3,3775,326.5999999999993,178,1,0.04996170339735633
3,3776,326.6499999999993,177,1,0.04996170339735633
3,3777,327.9999999999993,180,1,0.04996170339735633
3,3778,332.6499999999993,177,1,0.04996170339735633
3,3779,332.6499999999993,177,1,0.04996170339735633
3,3780,325.0499999999993,179,1,0.04996170339735633
3,3781,328.14999999999935,177,1,0.04996170339735633
3,3782,326.6499999999993,177,1,0.04996170339735633
3,3783,324.8999999999993,182,1,0.04996170339735633
3,3784,323.6499999999993,177,1,0.04996170339735633
3,3785,328.14999999999935,177,1,0.04996170339735633
3,3786,325.09999999999934,178,1,0.04996170339735633
3,3787,332.54999999999933,179,1,0.04996170339735633
3,3788,328.1499999999993,177,1,0.04996170339735633
3,3789,349.7499999999974,345,0,0.04996170339735633
3,3790,324.9999999999994,180,1,0.04996170339735633
3,3791,325.04999999999933,179,1,0.04996170339735633
3,3792,323.64999999999935,177,1,0.04996170339735633
3,3793,326.6499999999993,177,1,0.04996170339735633
3,3794,324.9499999999993,181,1,0.04996170339735633
3,3795,323.6499999999993,177,1,0.04996170339735633
3,3796,323.64999999999935,177,1,0.04996170339735633
3,3797,328.0999999999993,178,1,0.04996170339735633
3,3798,325.09999999999934,178,1,0.04996170339735633
3,3799,323.54999999999933,179,1,0.04996170339735633
3,3800,331.1499999999993,177,1,0.04996170339735633
3,3801,323.64999999999935,177,1,0.04996170339735633
3,3802,326.64999999999935,177,1,0.04996170339735633
3,3803,323.54999999999933,179,1,0.04996170339735633
3,3804,323.54999999999933,179,1,0.04996170339735633
3,3805,323.6499999999993,177,1,0.04996170339735633
3,3806,323.64999999999935,177,1,0.04996170339735633
3,3807,323.6499999999993,177,1,0.04996170339735633
3,3808,325.04999999999933,179,1,0.04996170339735633
3,3809,323.3499999999992,183,1,0.04996170339735633
3,3810,347.1499999999978,307,0,0.04996170339735633
3,3811,122.29999999999966,154,0,0.04996170339735633
3,3812,325.14999999999935,177,1,0.04996170339735633
3,3813,326.64999999999935,177,1,0.04996170339735633
3,3814,322.0499999999994,179,1,0.04996170339735633
3,3815,324.9999999999993,180,1,0.04996170339735633
3,3816,326.59999999999934,178,1,0.04996170339735633
3,3817,126.79999999999963,154,0,0.04996170339735633
3,3818,322.14999999999935,177,1,0.04996170339735633
3,3819,323.54999999999933,179,1,0.04996170339735633
3,3820,320.59999999999934,178,1,0.04996170339735633
3,3821,325.0999999999993,178,1,0.04996170339735633
3,3822,312.1999999999994,166,1,0.04996170339735633
3,3823,323.6499999999993,177,1,0.04996170339735633
3,3824,323.64999999999935,177,1,0.04996170339735633
3,3825,323.4999999999994,180,1,0.04996170339735633
3,3826,325.14999999999935,177,1,0.04996170339735633
3,3827,323.64999999999935,177,1,0.04996170339735633
3,3828,323.59999999999934,178,1,0.04996170339735633
3,3829,323.6499999999993,177,1,0.04996170339735633
3,3830,323.6499999999993,177,1,0.04996170339735633
3,3831,322.14999999999935,177,1,0.04996170339735633
3,3832,323.64999999999935,177,1,0.04996170339735633
3,3833,325.09999999999934,178,1,0.04996170339735633
3,3834,326.6499999999993,177,1,0.04996170339735633
3,3835,323.64999999999935,177,1,0.04996170339735633
3,3836,323.64999999999935,177,1,0.04996170339735633
3,3837,323.59999999999934,178,1,0.04996170339735633
3,3838,323.6499999999993,177,1,0.04996170339735633
3,3839,332.6499999999993,177,1,0.04996170339735633
3,3840,325.14999999999935,177,1,0.04996170339735633
3,3841,323.6499999999993,177,1,0.04996170339735633
3,3842,128.24999999999955,155,0,0.04996170339735633
3,3843,325.14999999999935,177,1,0.04996170339735633
3,3844,323.59999999999934,178,1,0.04996170339735633
3,3845,325.14999999999935,177,1,0.04996170339735633
3,3846,355.84999999999746,343,0,0.04996170339735633
3,3847,325.09999999999934,178,1,0.04996170339735633
3,3848,325.14999999999935,177,1,0.04996170339735633
3,3849,323.59999999999934,178,1,0.04996170339735633
3,3850,325.04999999999933,179,1,0.04996170339735633
3,3851,325.14999999999935,177,1,0.04996170339735633
3,3852,328.0999999999993,178,1,0.04996170339735633
3,3853,332.6499999999993,177,1,0.04996170339735633
3,3854,326.5999999999993,178,1,0.04996170339735633
3,3855,328.1499999999993,177,1,0.04996170339735633
3,3856,326.3499999999993,183,1,0.04996170339735633
3,3857,332.59999999999934,178,1,0.04996170339735633
3,3858,323.54999999999933,179,1,0.04996170339735633
3,3859,323.59999999999934,178,1,0.04996170339735633
3,3860,323.6499999999993,177,1,0.04996170339735633
3,3861,326.64999999999935,177,1,0.04996170339735633
3,3862,323.54999999999933,179,1,0.04996170339735633
3,3863,353.99999999999767,320,0,0.04996170339735633
3,3864,352.39999999999765,322,0,0.04996170339735633
3,3865,323.49999999999926,180,1,0.04996170339735633
3,3866,323.64999999999935,177,1,0.04996170339735633
3,3867,325.14999999999935,177,1,0.04996170339735633
3,3868,325.09999999999934,178,1,0.04996170339735633
3,3869,325.0499999999993,179,1,0.04996170339735633
3,3870,328.1499999999993,177,1,0.04996170339735633
3,3871,350.84999999999764,323,0,0.04996170339735633
3,3872,332.5999999999993,178,1,0.04996170339735633
3,3873,328.14999999999935,177,1,0.04996170339735633
3,3874,325.09999999999934,178,1,0.04996170339735633
3,3875,325.14999999999935,177,1,0.04996170339735633
3,3876,326.59999999999934,178,1,0.04996170339735633
3,3877,352.5999999999977,318,0,0.04996170339735633
3,3878,325.14999999999935,177,1,0.04996170339735633
3,3879,325.04999999999933,179,1,0.04996170339735633
3,3880,325.1499999999993,177,1,0.04996170339735633
3,3881,324.8499999999993,183,1,0.04996170339735633
3,3882,326.64999999999935,177,1,0.04996170339735633
3,3883,325.09999999999934,178,1,0.04996170339735633
3,3884,323.54999999999933,179,1,0.04996170339735633
3,3885,323.59999999999934,178,1,0.04996170339735633
3,3886,323.59999999999934,178,1,0.04996170339735633
3,3887,325.0999999999993,178,1,0.04996170339735633
3,3888,326.59999999999934,178,1,0.04996170339735633
3,3889,323.64999999999935,177,1,0.04996170339735633
3,3890,323.6499999999993,177,1,0.04996170339735633
3,3891,324.99999999999926,180,1,0.04996170339735633
3,3892,129.79999999999967,154,0,0.04996170339735633
3,3893,326.59999999999934,178,1,0.04996170339735633
3,3894,323.59999999999934,178,1,0.04996170339735633
3,3895,328.1499999999993,177,1,0.04996170339735633
3,3896,326.64999999999935,177,1,0.04996170339735633
3,3897,332.5999999999993,178,1,0.04996170339735633
3,3898,326.5999999999993,178,1,0.04996170339735633
3,3899,328.09999999999934,178,1,0.04996170339735633
3,3900,326.64999999999935,177,1,0.04996170339735633
3,3901,326.64999999999935,177,1,0.04996170339735633
3,3902,326.64999999999935,177,1,0.04996170339735633
3,3903,328.1499999999993,177,1,0.04996170339735633
3,3904,325.09999999999934,178,1,0.04996170339735633
3,3905,325.14999999999935,177,1,0.04996170339735633
3,3906,323.64999999999935,177,1,0.04996170339735633
3,3907,326.6499999999993,177,1,0.04996170339735633
3,3908,323.59999999999934,178,1,0.04996170339735633
3,3909,323.4999999999994,180,1,0.04996170339735633
3,3910,326.54999999999933,179,1,0.04996170339735633
3,3911,326.6499999999993,177,1,0.04996170339735633
3,3912,325.1499999999993,177,1,0.04996170339735633
3,3913,323.54999999999933,179,1,0.04996170339735633
3,3914,325.14999999999935,177,1,0.04996170339735633
3,3915,351.4499999999978,311,0,0.04996170339735633
3,3916,328.14999999999935,177,1,0.04996170339735633
3,3917,332.6499999999993,177,1,0.04996170339735633
3,3918,323.64999999999935,177,1,0.04996170339735633
3,3919,325.1499999999993,177,1,0.04996170339735633
3,3920,312.09999999999945,168,1,0.04996170339735633
3,3921,323.64999999999935,177,1,0.04996170339735633
3,3922,332.64999999999935,177,1,0.04996170339735633
3,3923,325.1499999999993,177,1,0.04996170339735633
3,3924,331.1499999999993,177,1,0.04996170339735633
3,3925,355.2499999999976,325,0,0.04996170339735633
3,3926,328.1499999999993,177,1,0.04996170339735633
3,3927,326.64999999999935,177,1,0.04996170339735633
3,3928,328.14999999999935,177,1,0.04996170339735633
3,3929,323.64999999999935,177,1,0.04996170339735633
3,3930,328.14999999999935,177,1,0.04996170339735633
3,3931,326.5999999999993,178,1,0.04996170339735633
3,3932,325.1499999999993,177,1,0.04996170339735633
3,3933,322.14999999999935,177,1,0.04996170339735633
3,3934,323.59999999999934,178,1,0.04996170339735633
3,3935,323.59999999999934,178,1,0.04996170339735633
3,3936,325.14999999999935,177,1,0.04996170339735633
3,3937,324.94999999999936,181,1,0.04996170339735633
3,3938,126.7999999999996,154,0,0.04996170339735633
3,3939,325.04999999999933,179,1,0.04996170339735633
3,3940,325.0499999999993,179,1,0.04996170339735633
3,3941,324.9999999999993,180,1,0.04996170339735633
3,3942,323.44999999999925,181,1,0.04996170339735633
3,3943,325.14999999999935,177,1,0.04996170339735633
3,3944,325.0999999999993,178,1,0.04996170339735633
3,3945,332.6499999999993,177,1,0.04996170339735633
3,3946,325.09999999999934,178,1,0.04996170339735633
3,3947,342.74999999999784,305,0,0.04996170339735633
3,3948,325.1499999999993,177,1,0.04996170339735633
3,3949,328.1499999999993,177,1,0.04996170339735633
3,3950,325.09999999999934,178,1,0.04996170339735633
3,3951,325.1499999999993,177,1,0.04996170339735633
3,3952,323.4499999999993,181,1,0.04996170339735633
3,3953,326.6499999999993,177,1,0.04996170339735633
3,3954,323.54999999999933,179,1,0.04996170339735633
3,3955,323.6499999999993,177,1,0.04996170339735633
3,3956,328.1499999999993,177,1,0.04996170339735633
3,3957,349.39999999999765,322,0,0.04996170339735633
3,3958,323.64999999999935,177,1,0.04996170339735633
3,3959,329.6499999999993,177,1,0.04996170339735633
3,3960,326.5999999999993,178,1,0.04996170339735633
3,3961,326.54999999999933,179,1,0.04996170339735633
3,3962,352.44999999999766,321,0,0.04996170339735633
3,3963,328.1499999999993,177,1,0.04996170339735633
3,3964,329.64999999999935,177,1,0.04996170339735633
3,3965,329.64999999999935,177,1,0.04996170339735633
3,3966,325.14999999999935,177,1,0.04996170339735633
3,3967,325.1499999999993,177,1,0.04996170339735633
3,3968,326.64999999999935,177,1,0.04996170339735633
3,3969,325.1499999999993,177,1,0.04996170339735633
3,3970,323.4999999999993,180,1,0.04996170339735633
3,3971,325.14999999999935,177,1,0.04996170339735633
3,3972,328.14999999999935,177,1,0.04996170339735633
3,3973,323.3499999999992,183,1,0.04996170339735633
3,3974,324.99999999999926,180,1,0.04996170339735633
3,3975,358.44999999999766,321,0,0.04996170339735633
3,3976,323.34999999999934,183,1,0.04996170339735633
3,3977,356.84999999999764,323,0,0.04996170339735633
3,3978,325.09999999999934,178,1,0.04996170339735633
3,3979,325.14999999999935,177,1,0.04996170339735633
3,3980,328.0999999999993,178,1,0.04996170339735633
3,3981,354.29999999999745,344,0,0.04996170339735633
3,3982,323.54999999999933,179,1,0.04996170339735633
3,3983,324.9499999999993,181,1,0.04996170339735633
3,3984,323.64999999999935,177,1,0.04996170339735633
3,3985,323.54999999999933,179,1,0.04996170339735633
3,3986,356.7499999999976,325,0,0.04996170339735633
3,3987,323.5999999999993,178,1,0.04996170339735633
3,3988,326.64999999999935,177,1,0.04996170339735633
3,3989,323.59999999999934,178,1,0.04996170339735633
3,3990,324.94999999999936,181,1,0.04996170339735633
3,3991,325.0499999999994,179,1,0.04996170339735633
3,3992,322.09999999999934,178,1,0.04996170339735633
3,3993,323.64999999999935,177,1,0.04996170339735633
3,3994,325.0499999999993,179,1,0.04996170339735633
3,3995,325.1499999999993,177,1,0.04996170339735633
3,3996,325.1499999999993,177,1,0.04996170339735633
3,3997,326.54999999999933,179,1,0.04996170339735633
3,3998,320.5999999999993,178,1,0.04996170339735633
3,3999,323.59999999999934,178,1,0.04996170339735633
3,4000,323.4999999999993,180,1,0.04996170339735633
3,4001,325.1499999999993,177,1,0.04996170339735633
3,4002,323.64999999999935,177,1,0.04996170339735633
3,4003,332.4999999999993,180,1,0.04996170339735633
3,4004,347.0499999999978,309,0,0.04996170339735633
3,4005,325.1499999999993,177,1,0.04996170339735633
3,4006,323.5999999999993,178,1,0.04996170339735633
3,4007,323.64999999999935,177,1,0.04996170339735633
3,4008,331.1499999999993,177,1,0.04996170339735633
3,4009,319.09999999999934,178,1,0.04996170339735633
3,4010,323.64999999999935,177,1,0.04996170339735633
3,4011,323.59999999999934,178,1,0.04996170339735633
3,4012,332.5499999999993,179,1,0.04996170339735633
3,4013,350.54999999999757,329,0,0.04996170339735633
3,4014,323.5499999999993,179,1,0.04996170339735633
3,4015,323.54999999999933,179,1,0.04996170339735633
3,4016,323.64999999999935,177,1,0.04996170339735633
3,4017,323.4999999999993,180,1,0.04996170339735633
3,4018,323.59999999999934,178,1,0.04996170339735633
3,4019,323.64999999999935,177,1,0.04996170339735633
3,4020,332.49999999999926,180,1,0.04996170339735633
3,4021,132.79999999999967,154,0,0.04996170339735633
3,4022,323.64999999999935,177,1,0.04996170339735633
3,4023,320.59999999999934,178,1,0.04996170339735633
3,4024,323.54999999999933,179,1,0.04996170339735633
3,4025,323.59999999999934,178,1,0.04996170339735633
3,4026,323.4999999999994,180,1,0.04996170339735633
3,4027,323.64999999999935,177,1,0.04996170339735633
3,4028,328.0999999999993,178,1,0.04996170339735633
3,4029,131.29999999999967,154,0,0.04996170339735633
3,4030,332.5999999999993,178,1,0.04996170339735633
3,4031,326.64999999999935,177,1,0.04996170339735633
3,4032,323.59999999999934,178,1,0.04996170339735633
3,4033,322.14999999999935,177,1,0.04996170339735633
3,4034,323.49999999999926,180,1,0.04996170339735633
3,4035,323.59999999999934,178,1,0.04996170339735633
3,4036,323.64999999999935,177,1,0.04996170339735633
3,4037,325.7499999999991,195,1,0.04996170339735633
3,4038,322.1499999999993,177,1,0.04996170339735633
3,4039,323.6499999999993,177,1,0.04996170339735633
3,4040,320.59999999999934,178,1,0.04996170339735633
3,4041,323.64999999999935,177,1,0.04996170339735633
3,4042,323.3499999999993,183,1,0.04996170339735633
3,4043,323.6499999999993,177,1,0.04996170339735633
3,4044,323.5999999999993,178,1,0.04996170339735633
3,4045,312.39999999999947,162,1,0.04996170339735633
3,4046,320.64999999999935,177,1,0.04996170339735633
3,4047,323.6499999999993,177,1,0.04996170339735633
3,4048,323.64999999999935,177,1,0.04996170339735633
3,4049,323.64999999999935,177,1,0.04996170339735633
3,4050,323.64999999999935,177,1,0.04996170339735633
3,4051,123.79999999999966,154,0,0.04996170339735633
3,4052,323.5999999999993,178,1,0.04996170339735633
3,4053,325.1499999999993,177,1,0.04996170339735633
3,4054,323.64999999999935,177,1,0.04996170339735633
3,4055,323.64999999999935,177,1,0.04996170339735633
3,4056,323.5999999999993,178,1,0.04996170339735633
3,4057,329.6499999999993,177,1,0.04996170339735633
3,4058,323.5999999999994,178,1,0.04996170339735633
3,4059,323.64999999999935,177,1,0.04996170339735633
3,4060,328.1499999999993,177,1,0.04996170339735633
3,4061,325.1499999999993,177,1,0.04996170339735633
3,4062,323.54999999999933,179,1,0.04996170339735633
3,4063,323.54999999999933,179,1,0.04996170339735633
3,4064,323.59999999999934,178,1,0.04996170339735633
3,4065,322.14999999999935,177,1,0.04996170339735633
3,4066,323.64999999999935,177,1,0.04996170339735633
3,4067,323.59999999999934,178,1,0.04996170339735633
3,4068,323.64999999999935,177,1,0.04996170339735633
3,4069,323.5999999999993,178,1,0.04996170339735633
3,4070,323.64999999999935,177,1,0.04996170339735633
3,4071,323.6499999999993,177,1,0.04996170339735633
3,4072,325.0999999999993,178,1,0.04996170339735633
3,4073,323.44999999999925,181,1,0.04996170339735633
3,4074,325.14999999999935,177,1,0.04996170339735633
3,4075,325.1499999999993,177,1,0.04996170339735633
3,4076,323.64999999999935,177,1,0.04996170339735633
3,4077,323.54999999999933,179,1,0.04996170339735633
3,4078,323.64999999999935,177,1,0.04996170339735633
3,4079,323.59999999999934,178,1,0.04996170339735633
3,4080,325.04999999999933,179,1,0.04996170339735633
3,4081,323.39999999999935,182,1,0.04996170339735633
3,4082,323.4999999999993,180,1,0.04996170339735633
3,4083,323.6499999999993,177,1,0.04996170339735633
3,4084,323.6499999999993,177,1,0.04996170339735633
3,4085,323.39999999999935,182,1,0.04996170339735633
3,4086,323.59999999999934,178,1,0.04996170339735633
3,4087,323.64999999999935,177,1,0.04996170339735633
3,4088,323.5999999999993,178,1,0.04996170339735633
3,4089,323.59999999999934,178,1,0.04996170339735633
3,4090,323.6499999999993,177,1,0.04996170339735633
3,4091,323.64999999999935,177,1,0.04996170339735633
3,4092,323.59999999999934,178,1,0.04996170339735633
3,4093,332.5499999999993,179,1,0.04996170339735633
3,4094,323.64999999999935,177,1,0.04996170339735633
3,4095,332.5999999999993,178,1,0.04996170339735633
3,4096,332.5499999999993,179,1,0.04996170339735633
3,4097,325.1499999999993,177,1,0.04996170339735633
3,4098,323.64999999999935,177,1,0.04996170339735633
3,4099,323.4999999999993,180,1,0.04996170339735633
3,4100,323.64999999999935,177,1,0.04996170339735633
3,4101,323.2999999999993,184,1,0.04996170339735633
3,4102,323.64999999999935,177,1,0.04996170339735633
3,4103,326.6499999999993,177,1,0.04996170339735633
3,4104,323.6499999999993,177,1,0.04996170339735633
3,4105,323.4999999999993,180,1,0.04996170339735633
3,4106,326.64999999999935,177,1,0.04996170339735633
3,4107,322.1499999999993,177,1,0.04996170339735633
3,4108,323.6499999999993,177,1,0.04996170339735633
3,4109,326.64999999999935,177,1,0.04996170339735633
3,4110,323.64999999999935,177,1,0.04996170339735633
3,4111,326.6499999999993,177,1,0.04996170339735633
3,4112,326.3999999999993,182,1,0.04996170339735633
3,4113,126.79999999999971,154,0,0.04996170339735633
3,4114,326.64999999999935,177,1,0.04996170339735633
3,4115,326.54999999999933,179,1,0.04996170339735633
3,4116,326.59999999999934,178,1,0.04996170339735633
3,4117,329.4999999999993,180,1,0.04996170339735633
3,4118,328.14999999999935,177,1,0.04996170339735633
3,4119,331.14999999999935,177,1,0.04996170339735633
3,4120,325.14999999999935,177,1,0.04996170339735633
3,4121,328.14999999999935,177,1,0.04996170339735633
3,4122,326.64999999999935,177,1,0.04996170339735633
3,4123,332.49999999999926,180,1,0.04996170339735633
3,4124,325.14999999999935,177,1,0.04996170339735633
3,4125,332.5999999999993,178,1,0.04996170339735633
3,4126,323.5999999999993,178,1,0.04996170339735633
3,4127,322.14999999999935,177,1,0.04996170339735633
3,4128,325.14999999999935,177,1,0.04996170339735633
3,4129,323.44999999999925,181,1,0.04996170339735633
3,4130,325.1499999999993,177,1,0.04996170339735633
3,4131,323.64999999999935,177,1,0.04996170339735633
3,4132,320.44999999999936,181,1,0.04996170339735633
3,4133,332.6499999999993,177,1,0.04996170339735633
3,4134,320.5499999999993,179,1,0.04996170339735633
3,4135,326.64999999999935,177,1,0.04996170339735633
3,4136,327.99999999999926,180,1,0.04996170339735633
3,4137,329.64999999999935,177,1,0.04996170339735633
3,4138,325.1499999999993,177,1,0.04996170339735633
3,4139,320.4499999999993,181,1,0.04996170339735633
3,4140,332.6499999999993,177,1,0.04996170339735633
3,4141,323.59999999999934,178,1,0.04996170339735633
3,4142,323.5999999999993,178,1,0.04996170339735633
3,4143,323.54999999999933,179,1,0.04996170339735633
3,4144,332.6499999999993,177,1,0.04996170339735633
3,4145,351.1499999999977,317,0,0.04996170339735633
3,4146,323.59999999999934,178,1,0.04996170339735633
3,4147,332.5999999999993,178,1,0.04996170339735633
3,4148,326.54999999999933,179,1,0.04996170339735633
3,4149,332.6499999999993,177,1,0.04996170339735633
3,4150,332.6499999999993,177,1,0.04996170339735633
3,4151,328.14999999999935,177,1,0.04996170339735633
3,4152,326.6499999999993,177,1,0.04996170339735633
3,4153,323.64999999999935,177,1,0.04996170339735633
3,4154,323.3999999999993,182,1,0.04996170339735633
3,4155,328.1499999999993,177,1,0.04996170339735633
3,4156,323.64999999999935,177,1,0.04996170339735633
3,4157,323.19999999999925,186,1,0.04996170339735633
3,4158,332.6499999999993,177,1,0.04996170339735633
3,4159,332.54999999999933,179,1,0.04996170339735633
3,4160,325.04999999999933,179,1,0.04996170339735633
3,4161,329.6499999999993,177,1,0.04996170339735633
3,4162,331.0499999999993,179,1,0.04996170339735633
3,4163,323.64999999999935,177,1,0.04996170339735633
3,4164,323.59999999999934,178,1,0.04996170339735633
3,4165,323.64999999999935,177,1,0.04996170339735633
3,4166,323.59999999999934,178,1,0.04996170339735633
3,4167,331.1499999999993,177,1,0.04996170339735633
3,4168,323.64999999999935,177,1,0.04996170339735633
3,4169,322.14999999999935,177,1,0.04996170339735633
3,4170,332.6499999999993,177,1,0.04996170339735633
3,4171,320.59999999999934,178,1,0.04996170339735633
3,4172,323.54999999999933,179,1,0.04996170339735633
3,4173,323.64999999999935,177,1,0.04996170339735633
3,4174,325.14999999999935,177,1,0.04996170339735633
3,4175,323.4999999999993,180,1,0.04996170339735633
3,4176,323.64999999999935,177,1,0.04996170339735633
3,4177,129.79999999999967,154,0,0.04996170339735633
3,4178,323.59999999999934,178,1,0.04996170339735633
3,4179,328.1499999999993,177,1,0.04996170339735633
3,4180,324.9999999999993,180,1,0.04996170339735633
3,4181,326.5999999999993,178,1,0.04996170339735633
3,4182,323.54999999999933,179,1,0.04996170339735633
3,4183,323.59999999999934,178,1,0.04996170339735633
3,4184,323.59999999999934,178,1,0.04996170339735633
3,4185,323.64999999999935,177,1,0.04996170339735633
3,4186,323.6499999999993,177,1,0.04996170339735633
3,4187,357.0999999999977,318,0,0.04996170339735633
3,4188,129.74999999999966,155,0,0.04996170339735633
3,4189,325.1499999999993,177,1,0.04996170339735633
3,4190,325.1499999999993,177,1,0.04996170339735633
3,4191,323.4999999999993,180,1,0.04996170339735633
3,4192,323.49999999999926,180,1,0.04996170339735633
3,4193,325.14999999999935,177,1,0.04996170339735633
3,4194,320.5499999999993,179,1,0.04996170339735633
3,4195,323.64999999999935,177,1,0.04996170339735633
3,4196,332.5999999999993,178,1,0.04996170339735633
3,4197,323.64999999999935,177,1,0.04996170339735633
3,4198,325.04999999999933,179,1,0.04996170339735633
3,4199,323.64999999999935,177,1,0.04996170339735633
3,4200,323.4999999999994,180,1,0.04996170339735633
3,4201,323.5999999999993,178,1,0.04996170339735633
3,4202,323.64999999999935,177,1,0.04996170339735633
3,4203,323.4499999999993,181,1,0.04996170339735633
3,4204,126.79999999999963,154,0,0.04996170339735633
3,4205,326.6499999999993,177,1,0.04996170339735633
3,4206,325.14999999999935,177,1,0.04996170339735633
3,4207,332.5999999999993,178,1,0.04996170339735633
3,4208,332.4499999999993,181,1,0.04996170339735633
3,4209,328.0999999999993,178,1,0.04996170339735633
3,4210,323.64999999999935,177,1,0.04996170339735633
3,4211,323.59999999999934,178,1,0.04996170339735633
3,4212,323.59999999999934,178,1,0.04996170339735633
3,4213,323.5999999999993,178,1,0.04996170339735633
3,4214,129.74999999999966,155,0,0.04996170339735633
3,4215,325.1499999999993,177,1,0.04996170339735633
3,4216,323.6499999999993,177,1,0.04996170339735633
3,4217,323.59999999999934,178,1,0.04996170339735633
3,4218,325.09999999999934,178,1,0.04996170339735633
3,4219,128.29999999999967,154,0,0.04996170339735633
3,4220,323.64999999999935,177,1,0.04996170339735633
3,4221,323.6499999999993,177,1,0.04996170339735633
3,4222,323.59999999999934,178,1,0.04996170339735633
3,4223,323.64999999999935,177,1,0.04996170339735633
3,4224,323.3499999999993,183,1,0.04996170339735633
3,4225,323.3499999999993,183,1,0.04996170339735633
3,4226,323.34999999999934,183,1,0.04996170339735633
3,4227,323.64999999999935,177,1,0.04996170339735633
3,4228,323.64999999999935,177,1,0.04996170339735633
3,4229,323.54999999999933,179,1,0.04996170339735633
3,4230,351.0499999999977,319,0,0.04996170339735633
3,4231,332.5999999999993,178,1,0.04996170339735633
3,4232,325.1499999999993,177,1,0.04996170339735633
3,4233,322.7999999999991,194,1,0.04996170339735633
3,4234,323.64999999999935,177,1,0.04996170339735633
3,4235,323.54999999999933,179,1,0.04996170339735633
3,4236,323.64999999999935,177,1,0.04996170339735633
3,4237,323.59999999999934,178,1,0.04996170339735633
3,4238,323.5999999999993,178,1,0.04996170339735633
3,4239,323.2999999999993,184,1,0.04996170339735633
3,4240,325.1499999999993,177,1,0.04996170339735633
3,4241,328.09999999999934,178,1,0.04996170339735633
3,4242,328.1499999999993,177,1,0.04996170339735633
3,4243,323.59999999999934,178,1,0.04996170339735633
3,4244,323.64999999999935,177,1,0.04996170339735633
3,4245,323.54999999999933,179,1,0.04996170339735633
3,4246,323.6499999999993,177,1,0.04996170339735633
3,4247,325.1499999999993,177,1,0.04996170339735633
3,4248,323.6499999999993,177,1,0.04996170339735633
3,4249,323.5999999999994,178,1,0.04996170339735633
3,4250,323.5999999999993,178,1,0.04996170339735633
3,4251,323.64999999999935,177,1,0.04996170339735633
3,4252,323.54999999999933,179,1,0.04996170339735633
3,4253,323.64999999999935,177,1,0.04996170339735633
3,4254,322.0999999999993,178,1,0.04996170339735633
3,4255,332.6499999999993,177,1,0.04996170339735633
3,4256,323.5999999999993,178,1,0.04996170339735633
3,4257,323.59999999999934,178,1,0.04996170339735633
3,4258,325.1499999999993,177,1,0.04996170339735633
3,4259,323.6499999999993,177,1,0.04996170339735633
3,4260,323.6499999999993,177,1,0.04996170339735633
3,4261,328.04999999999933,179,1,0.04996170339735633
3,4262,323.39999999999935,182,1,0.04996170339735633
3,4263,311.9499999999994,171,1,0.04996170339735633
3,4264,323.64999999999935,177,1,0.04996170339735633
3,4265,323.59999999999934,178,1,0.04996170339735633
3,4266,328.1499999999993,177,1,0.04996170339735633
3,4267,129.7999999999996,154,0,0.04996170339735633
3,4268,323.4999999999993,180,1,0.04996170339735633
3,4269,332.5999999999993,178,1,0.04996170339735633
3,4270,323.64999999999935,177,1,0.04996170339735633
3,4271,325.1499999999993,177,1,0.04996170339735633
3,4272,323.6499999999993,177,1,0.04996170339735633
3,4273,323.64999999999935,177,1,0.04996170339735633
3,4274,323.6499999999993,177,1,0.04996170339735633
3,4275,323.5999999999993,178,1,0.04996170339735633
3,4276,323.4999999999993,180,1,0.04996170339735633
3,4277,323.6499999999993,177,1,0.04996170339735633
3,4278,326.64999999999935,177,1,0.04996170339735633
3,4279,323.59999999999934,178,1,0.04996170339735633
3,4280,323.5999999999993,178,1,0.04996170339735633
3,4281,328.1499999999993,177,1,0.04996170339735633
3,4282,326.5999999999993,178,1,0.04996170339735633
3,4283,323.59999999999934,178,1,0.04996170339735633
3,4284,320.5999999999994,178,1,0.04996170339735633
3,4285,320.4999999999993,180,1,0.04996170339735633
3,4286,325.09999999999934,178,1,0.04996170339735633
3,4287,319.0499999999993,179,1,0.04996170339735633
3,4288,312.1999999999994,166,1,0.04996170339735633
3,4289,320.6499999999993,177,1,0.04996170339735633
3,4290,332.5999999999993,178,1,0.04996170339735633
3,4291,323.6499999999993,177,1,0.04996170339735633
3,4292,323.59999999999934,178,1,0.04996170339735633
3,4293,319.14999999999935,177,1,0.04996170339735633
3,4294,323.3999999999993,182,1,0.04996170339735633
3,4295,325.14999999999935,177,1,0.04996170339735633
3,4296,323.59999999999934,178,1,0.04996170339735633
3,4297,323.5499999999993,179,1,0.04996170339735633
3,4298,323.64999999999935,177,1,0.04996170339735633
3,4299,328.1499999999993,177,1,0.04996170339735633
3,4300,320.6499999999993,177,1,0.04996170339735633
3,4301,323.5999999999993,178,1,0.04996170339735633
3,4302,325.04999999999933,179,1,0.04996170339735633
3,4303,323.59999999999934,178,1,0.04996170339735633
3,4304,323.64999999999935,177,1,0.04996170339735633
3,4305,323.6499999999993,177,1,0.04996170339735633
3,4306,323.4999999999994,180,1,0.04996170339735633
3,4307,322.1499999999993,177,1,0.04996170339735633
3,4308,323.64999999999935,177,1,0.04996170339735633
3,4309,323.64999999999935,177,1,0.04996170339735633
3,4310,323.54999999999933,179,1,0.04996170339735633
3,4311,323.6499999999993,177,1,0.04996170339735633
3,4312,332.5499999999993,179,1,0.04996170339735633
3,4313,322.14999999999935,177,1,0.04996170339735633
3,4314,325.1499999999993,177,1,0.04996170339735633
3,4315,323.64999999999935,177,1,0.04996170339735633
3,4316,323.64999999999935,177,1,0.04996170339735633
3,4317,323.6499999999993,177,1,0.04996170339735633
3,4318,323.4999999999994,180,1,0.04996170339735633
3,4319,320.64999999999935,177,1,0.04996170339735633
3,4320,323.6499999999993,177,1,0.04996170339735633
3,4321,323.59999999999934,178,1,0.04996170339735633
3,4322,320.4999999999993,180,1,0.04996170339735633
3,4323,323.59999999999934,178,1,0.04996170339735633
3,4324,332.5999999999993,178,1,0.04996170339735633
3,4325,328.1499999999993,177,1,0.04996170339735633
3,4326,323.64999999999935,177,1,0.04996170339735633
3,4327,323.54999999999933,179,1,0.04996170339735633
3,4328,331.7999999999991,194,1,0.04996170339735633
3,4329,323.29999999999933,184,1,0.04996170339735633
3,4330,320.29999999999933,184,1,0.04996170339735633
3,4331,323.5499999999994,179,1,0.04996170339735633
3,4332,323.54999999999933,179,1,0.04996170339735633
3,4333,128.2999999999996,154,0,0.04996170339735633
3,4334,323.34999999999934,183,1,0.04996170339735633
3,4335,323.4999999999993,180,1,0.04996170339735633
3,4336,323.34999999999934,183,1,0.04996170339735633
3,4337,323.59999999999934,178,1,0.04996170339735633
3,4338,323.4999999999993,180,1,0.04996170339735633
3,4339,323.4999999999994,180,1,0.04996170339735633
3,4340,323.59999999999934,178,1,0.04996170339735633
3,4341,323.19999999999936,186,1,0.04996170339735633
3,4342,323.64999999999935,177,1,0.04996170339735633
3,4343,123.79999999999968,154,0,0.04996170339735633
3,4344,324.7999999999993,184,1,0.04996170339735633
3,4345,323.64999999999935,177,1,0.04996170339735633
3,4346,323.4499999999993,181,1,0.04996170339735633
3,4347,323.64999999999935,177,1,0.04996170339735633
3,4348,126.79999999999966,154,0,0.04996170339735633
3,4349,323.59999999999934,178,1,0.04996170339735633
3,4350,323.2499999999993,185,1,0.04996170339735633
3,4351,126.79999999999968,154,0,0.04996170339735633
3,4352,324.94999999999936,181,1,0.04996170339735633
3,4353,323.4999999999993,180,1,0.04996170339735633
3,4354,323.59999999999934,178,1,0.04996170339735633
3,4355,323.2999999999993,184,1,0.04996170339735633
3,4356,126.7999999999996,154,0,0.04996170339735633
3,4357,320.6499999999993,177,1,0.04996170339735633
3,4358,325.1499999999993,177,1,0.04996170339735633
3,4359,325.14999999999935,177,1,0.04996170339735633
3,4360,325.14999999999935,177,1,0.04996170339735633
3,4361,323.64999999999935,177,1,0.04996170339735633
3,4362,323.64999999999935,177,1,0.04996170339735633
3,4363,323.54999999999933,179,1,0.04996170339735633
3,4364,332.5499999999993,179,1,0.04996170339735633
3,4365,325.14999999999935,177,1,0.04996170339735633
3,4366,323.59999999999934,178,1,0.04996170339735633
3,4367,323.59999999999934,178,1,0.04996170339735633
3,4368,323.59999999999934,178,1,0.04996170339735633
3,4369,323.64999999999935,177,1,0.04996170339735633
3,4370,323.4999999999994,180,1,0.04996170339735633
3,4371,323.5999999999993,178,1,0.04996170339735633
3,4372,323.64999999999935,177,1,0.04996170339735633
3,4373,126.79999999999966,154,0,0.04996170339735633
3,4374,323.64999999999935,177,1,0.04996170339735633
3,4375,323.59999999999934,178,1,0.04996170339735633
3,4376,323.64999999999935,177,1,0.04996170339735633
3,4377,323.64999999999935,177,1,0.04996170339735633
3,4378,323.64999999999935,177,1,0.04996170339735633
3,4379,320.64999999999935,177,1,0.04996170339735633
3,4380,323.59999999999934,178,1,0.04996170339735633
3,4381,323.5999999999993,178,1,0.04996170339735633
3,4382,323.59999999999934,178,1,0.04996170339735633
3,4383,129.7999999999996,154,0,0.04996170339735633
3,4384,323.54999999999933,179,1,0.04996170339735633
3,4385,323.54999999999933,179,1,0.04996170339735633
3,4386,323.49999999999926,180,1,0.04996170339735633
3,4387,320.64999999999935,177,1,0.04996170339735633
3,4388,323.64999999999935,177,1,0.04996170339735633
3,4389,323.64999999999935,177,1,0.04996170339735633
3,4390,323.6499999999993,177,1,0.04996170339735633
3,4391,326.5999999999993,178,1,0.04996170339735633
3,4392,320.64999999999935,177,1,0.04996170339735633
3,4393,323.5999999999993,178,1,0.04996170339735633
3,4394,323.34999999999934,183,1,0.04996170339735633
3,4395,323.6499999999993,177,1,0.04996170339735633
3,4396,323.64999999999935,177,1,0.04996170339735633
3,4397,323.6499999999993,177,1,0.04996170339735633
3,4398,323.59999999999934,178,1,0.04996170339735633
3,4399,323.59999999999934,178,1,0.04996170339735633
3,4400,323.3999999999993,182,1,0.04996170339735633
3,4401,332.6499999999993,177,1,0.04996170339735633
3,4402,326.6499999999993,177,1,0.04996170339735633
3,4403,323.59999999999934,178,1,0.04996170339735633
3,4404,322.0499999999993,179,1,0.04996170339735633
3,4405,323.64999999999935,177,1,0.04996170339735633
3,4406,323.59999999999934,178,1,0.04996170339735633
3,4407,325.14999999999935,177,1,0.04996170339735633
3,4408,323.64999999999935,177,1,0.04996170339735633
3,4409,325.0499999999993,179,1,0.04996170339735633
3,4410,320.5999999999994,178,1,0.04996170339735633
3,4411,323.59999999999934,178,1,0.04996170339735633
3,4412,323.64999999999935,177,1,0.04996170339735633
3,4413,323.6499999999993,177,1,0.04996170339735633
3,4414,332.5999999999993,178,1,0.04996170339735633
3,4415,323.64999999999935,177,1,0.04996170339735633
3,4416,323.4999999999993,180,1,0.04996170339735633
3,4417,326.64999999999935,177,1,0.04996170339735633
3,4418,331.89999999999907,192,1,0.04996170339735633
3,4419,129.74999999999966,155,0,0.04996170339735633
3,4420,320.5499999999994,179,1,0.04996170339735633
3,4421,323.64999999999935,177,1,0.04996170339735633
3,4422,323.64999999999935,177,1,0.04996170339735633
3,4423,323.64999999999935,177,1,0.04996170339735633
3,4424,323.44999999999936,181,1,0.04996170339735633
3,4425,324.9999999999994,180,1,0.04996170339735633
3,4426,323.4999999999993,180,1,0.04996170339735633
3,4427,325.09999999999934,178,1,0.04996170339735633
3,4428,126.74999999999967,155,0,0.04996170339735633
3,4429,129.79999999999967,154,0,0.04996170339735633
3,4430,323.64999999999935,177,1,0.04996170339735633
3,4431,323.64999999999935,177,1,0.04996170339735633
3,4432,129.79999999999967,154,0,0.04996170339735633
3,4433,323.54999999999933,179,1,0.04996170339735633
3,4434,128.29999999999973,154,0,0.04996170339735633
3,4435,323.5999999999994,178,1,0.04996170339735633
3,4436,323.64999999999935,177,1,0.04996170339735633
3,4437,323.5999999999994,178,1,0.04996170339735633
3,4438,323.5999999999993,178,1,0.04996170339735633
3,4439,323.6499999999993,177,1,0.04996170339735633
3,4440,325.04999999999933,179,1,0.04996170339735633
3,4441,323.6499999999993,177,1,0.04996170339735633
3,4442,323.64999999999935,177,1,0.04996170339735633
3,4443,332.59999999999934,178,1,0.04996170339735633
3,4444,323.59999999999934,178,1,0.04996170339735633
3,4445,320.59999999999934,178,1,0.04996170339735633
3,4446,323.64999999999935,177,1,0.04996170339735633
3,4447,323.59999999999934,178,1,0.04996170339735633
3,4448,323.64999999999935,177,1,0.04996170339735633
3,4449,323.64999999999935,177,1,0.04996170339735633
3,4450,322.09999999999934,178,1,0.04996170339735633
3,4451,323.64999999999935,177,1,0.04996170339735633
3,4452,323.64999999999935,177,1,0.04996170339735633
3,4453,323.64999999999935,177,1,0.04996170339735633
3,4454,325.1499999999993,177,1,0.04996170339735633
3,4455,323.64999999999935,177,1,0.04996170339735633
3,4456,123.7999999999996,154,0,0.04996170339735633
3,4457,323.59999999999934,178,1,0.04996170339735633
3,4458,323.64999999999935,177,1,0.04996170339735633
3,4459,325.14999999999935,177,1,0.04996170339735633
3,4460,323.59999999999934,178,1,0.04996170339735633
3,4461,323.59999999999934,178,1,0.04996170339735633
3,4462,323.64999999999935,177,1,0.04996170339735633
3,4463,323.64999999999935,177,1,0.04996170339735633
3,4464,323.64999999999935,177,1,0.04996170339735633
3,4465,323.6499999999993,177,1,0.04996170339735633
3,4466,323.5999999999993,178,1,0.04996170339735633
3,4467,323.6499999999993,177,1,0.04996170339735633
3,4468,323.6499999999993,177,1,0.04996170339735633
3,4469,323.4999999999993,180,1,0.04996170339735633
3,4470,323.4999999999993,180,1,0.04996170339735633
3,4471,323.4999999999993,180,1,0.04996170339735633
3,4472,323.64999999999935,177,1,0.04996170339735633
3,4473,323.6499999999993,177,1,0.04996170339735633
3,4474,324.9999999999993,180,1,0.04996170339735633
3,4475,323.64999999999935,177,1,0.04996170339735633
3,4476,323.6499999999993,177,1,0.04996170339735633
3,4477,323.4999999999993,180,1,0.04996170339735633
3,4478,323.5499999999993,179,1,0.04996170339735633
3,4479,323.54999999999933,179,1,0.04996170339735633
3,4480,323.64999999999935,177,1,0.04996170339735633
3,4481,323.6499999999993,177,1,0.04996170339735633
3,4482,323.59999999999934,178,1,0.04996170339735633
3,4483,323.64999999999935,177,1,0.04996170339735633
3,4484,323.64999999999935,177,1,0.04996170339735633
3,4485,323.6499999999993,177,1,0.04996170339735633
3,4486,323.64999999999935,177,1,0.04996170339735633
3,4487,323.59999999999934,178,1,0.04996170339735633
3,4488,323.64999999999935,177,1,0.04996170339735633
3,4489,323.4999999999994,180,1,0.04996170339735633
3,4490,323.59999999999934,178,1,0.04996170339735633
3,4491,323.64999999999935,177,1,0.04996170339735633
3,4492,323.59999999999934,178,1,0.04996170339735633
3,4493,125.29999999999968,154,0,0.04996170339735633
3,4494,323.6499999999993,177,1,0.04996170339735633
3,4495,323.6499999999993,177,1,0.04996170339735633
3,4496,323.6499999999993,177,1,0.04996170339735633
3,4497,323.54999999999933,179,1,0.04996170339735633
3,4498,323.4999999999993,180,1,0.04996170339735633
3,4499,323.6499999999993,177,1,0.04996170339735633
3,4500,323.59999999999934,178,1,0.04996170339735633
3,4501,323.6499999999993,177,1,0.04996170339735633
3,4502,323.54999999999933,179,1,0.04996170339735633
3,4503,323.64999999999935,177,1,0.04996170339735633
3,4504,323.64999999999935,177,1,0.04996170339735633
3,4505,323.6499999999993,177,1,0.04996170339735633
3,4506,323.6499999999993,177,1,0.04996170339735633
3,4507,322.1499999999993,177,1,0.04996170339735633
3,4508,323.6499999999993,177,1,0.04996170339735633
3,4509,323.6499999999993,177,1,0.04996170339735633
3,4510,320.4999999999993,180,1,0.04996170339735633
3,4511,323.3999999999993,182,1,0.04996170339735633
3,4512,323.59999999999934,178,1,0.04996170339735633
3,4513,322.7999999999991,194,1,0.04996170339735633
3,4514,323.59999999999934,178,1,0.04996170339735633
3,4515,322.09999999999934,178,1,0.04996170339735633
3,4516,323.59999999999934,178,1,0.04996170339735633
3,4517,323.6499999999993,177,1,0.04996170339735633
3,4518,323.4499999999993,181,1,0.04996170339735633
3,4519,322.14999999999935,177,1,0.04996170339735633
3,4520,322.14999999999935,177,1,0.04996170339735633
3,4521,322.09999999999934,178,1,0.04996170339735633
3,4522,323.6499999999993,177,1,0.04996170339735633
3,4523,323.64999999999935,177,1,0.04996170339735633
3,4524,323.59999999999934,178,1,0.04996170339735633
3,4525,323.3999999999993,182,1,0.04996170339735633
3,4526,323.6499999999993,177,1,0.04996170339735633
3,4527,323.6499999999993,177,1,0.04996170339735633
3,4528,323.5999999999993,178,1,0.04996170339735633
3,4529,323.6499999999993,177,1,0.04996170339735633
3,4530,322.09999999999934,178,1,0.04996170339735633
3,4531,323.4999999999993,180,1,0.04996170339735633
3,4532,323.4499999999993,181,1,0.04996170339735633
3,4533,323.64999999999935,177,1,0.04996170339735633
3,4534,322.09999999999934,178,1,0.04996170339735633
3,4535,323.54999999999933,179,1,0.04996170339735633
3,4536,323.64999999999935,177,1,0.04996170339735633
3,4537,323.64999999999935,177,1,0.04996170339735633
3,4538,323.64999999999935,177,1,0.04996170339735633
3,4539,323.64999999999935,177,1,0.04996170339735633
3,4540,323.64999999999935,177,1,0.04996170339735633
3,4541,323.64999999999935,177,1,0.04996170339735633
3,4542,323.59999999999934,178,1,0.04996170339735633
3,4543,322.99999999999915,190,1,0.04996170339735633
3,4544,323.64999999999935,177,1,0.04996170339735633
3,4545,323.64999999999935,177,1,0.04996170339735633
3,4546,322.04999999999933,179,1,0.04996170339735633
3,4547,323.6499999999993,177,1,0.04996170339735633
3,4548,323.64999999999935,177,1,0.04996170339735633
3,4549,323.6499999999993,177,1,0.04996170339735633
3,4550,323.6499999999993,177,1,0.04996170339735633
3,4551,323.5999999999993,178,1,0.04996170339735633
3,4552,323.59999999999934,178,1,0.04996170339735633
3,4553,323.4999999999993,180,1,0.04996170339735633
3,4554,323.64999999999935,177,1,0.04996170339735633
3,4555,323.64999999999935,177,1,0.04996170339735633
3,4556,323.6499999999993,177,1,0.04996170339735633
3,4557,323.59999999999934,178,1,0.04996170339735633
3,4558,323.64999999999935,177,1,0.04996170339735633
3,4559,323.4999999999993,180,1,0.04996170339735633
3,4560,323.59999999999934,178,1,0.04996170339735633
3,4561,323.59999999999934,178,1,0.04996170339735633
3,4562,323.64999999999935,177,1,0.04996170339735633
3,4563,323.64999999999935,177,1,0.04996170339735633
3,4564,323.6499999999993,177,1,0.04996170339735633
3,4565,323.64999999999935,177,1,0.04996170339735633
3,4566,323.6499999999993,177,1,0.04996170339735633
3,4567,323.4999999999993,180,1,0.04996170339735633
3,4568,323.6499999999993,177,1,0.04996170339735633
3,4569,323.59999999999934,178,1,0.04996170339735633
3,4570,323.34999999999934,183,1,0.04996170339735633
3,4571,323.64999999999935,177,1,0.04996170339735633
3,4572,323.64999999999935,177,1,0.04996170339735633
3,4573,321.89999999999935,182,1,0.04996170339735633
3,4574,323.5999999999993,178,1,0.04996170339735633
3,4575,323.5499999999993,179,1,0.04996170339735633
3,4576,323.64999999999935,177,1,0.04996170339735633
3,4577,323.54999999999933,179,1,0.04996170339735633
3,4578,323.64999999999935,177,1,0.04996170339735633
3,4579,323.64999999999935,177,1,0.04996170339735633
3,4580,323.64999999999935,177,1,0.04996170339735633
3,4581,322.09999999999934,178,1,0.04996170339735633
3,4582,323.59999999999934,178,1,0.04996170339735633
3,4583,323.6499999999993,177,1,0.04996170339735633
3,4584,323.6499999999993,177,1,0.04996170339735633
3,4585,326.6499999999993,177,1,0.04996170339735633
3,4586,323.6499999999993,177,1,0.04996170339735633
3,4587,323.64999999999935,177,1,0.04996170339735633
3,4588,323.6499999999993,177,1,0.04996170339735633
3,4589,323.59999999999934,178,1,0.04996170339735633
3,4590,323.64999999999935,177,1,0.04996170339735633
3,4591,323.59999999999934,178,1,0.04996170339735633
3,4592,323.4999999999994,180,1,0.04996170339735633
3,4593,323.6499999999993,177,1,0.04996170339735633
3,4594,325.04999999999933,179,1,0.04996170339735633
3,4595,323.6499999999993,177,1,0.04996170339735633
3,4596,319.09999999999934,178,1,0.04996170339735633
3,4597,323.64999999999935,177,1,0.04996170339735633
3,4598,325.1499999999993,177,1,0.04996170339735633
3,4599,323.6499999999993,177,1,0.04996170339735633
3,4600,323.6499999999993,177,1,0.04996170339735633
3,4601,323.64999999999935,177,1,0.04996170339735633
3,4602,323.64999999999935,177,1,0.04996170339735633
3,4603,323.64999999999935,177,1,0.04996170339735633
3,4604,323.6499999999993,177,1,0.04996170339735633
3,4605,323.4499999999993,181,1,0.04996170339735633
3,4606,322.09999999999934,178,1,0.04996170339735633
3,4607,323.64999999999935,177,1,0.04996170339735633
3,4608,323.5499999999994,179,1,0.04996170339735633
3,4609,319.0999999999993,178,1,0.04996170339735633
3,4610,320.64999999999935,177,1,0.04996170339735633
3,4611,323.64999999999935,177,1,0.04996170339735633
3,4612,323.64999999999935,177,1,0.04996170339735633
3,4613,323.64999999999935,177,1,0.04996170339735633
3,4614,323.6499999999993,177,1,0.04996170339735633
3,4615,323.59999999999934,178,1,0.04996170339735633
3,4616,323.64999999999935,177,1,0.04996170339735633
3,4617,325.1499999999993,177,1,0.04996170339735633
3,4618,319.14999999999935,177,1,0.04996170339735633
3,4619,323.64999999999935,177,1,0.04996170339735633
3,4620,323.54999999999933,179,1,0.04996170339735633
3,4621,323.5999999999993,178,1,0.04996170339735633
3,4622,323.4999999999993,180,1,0.04996170339735633
3,4623,325.14999999999935,177,1,0.04996170339735633
3,4624,323.64999999999935,177,1,0.04996170339735633
3,4625,323.59999999999934,178,1,0.04996170339735633
3,4626,322.14999999999935,177,1,0.04996170339735633
3,4627,326.64999999999935,177,1,0.04996170339735633
3,4628,323.6499999999993,177,1,0.04996170339735633
3,4629,323.49999999999926,180,1,0.04996170339735633
3,4630,325.09999999999934,178,1,0.04996170339735633
3,4631,323.6499999999993,177,1,0.04996170339735633
3,4632,323.6499999999993,177,1,0.04996170339735633
3,4633,323.4999999999993,180,1,0.04996170339735633
3,4634,323.59999999999934,178,1,0.04996170339735633
3,4635,323.4499999999993,181,1,0.04996170339735633
3,4636,323.64999999999935,177,1,0.04996170339735633
3,4637,323.64999999999935,177,1,0.04996170339735633
3,4638,323.64999999999935,177,1,0.04996170339735633
3,4639,323.59999999999934,178,1,0.04996170339735633
3,4640,320.5999999999994,178,1,0.04996170339735633
3,4641,323.64999999999935,177,1,0.04996170339735633
3,4642,323.64999999999935,177,1,0.04996170339735633
3,4643,323.5499999999994,179,1,0.04996170339735633
3,4644,323.4999999999993,180,1,0.04996170339735633
3,4645,322.74999999999915,195,1,0.04996170339735633
3,4646,323.4499999999993,181,1,0.04996170339735633
3,4647,323.5999999999993,178,1,0.04996170339735633
3,4648,323.64999999999935,177,1,0.04996170339735633
3,4649,325.14999999999935,177,1,0.04996170339735633
3,4650,323.6499999999993,177,1,0.04996170339735633
3,4651,323.64999999999935,177,1,0.04996170339735633
3,4652,323.5499999999993,179,1,0.04996170339735633
3,4653,323.59999999999934,178,1,0.04996170339735633
3,4654,323.6499999999993,177,1,0.04996170339735633
3,4655,323.59999999999934,178,1,0.04996170339735633
3,4656,323.59999999999934,178,1,0.04996170339735633
3,4657,129.79999999999967,154,0,0.04996170339735633
3,4658,323.64999999999935,177,1,0.04996170339735633
3,4659,323.59999999999934,178,1,0.04996170339735633
3,4660,320.64999999999935,177,1,0.04996170339735633
3,4661,323.59999999999934,178,1,0.04996170339735633
3,4662,323.5999999999993,178,1,0.04996170339735633
3,4663,323.4999999999993,180,1,0.04996170339735633
3,4664,323.64999999999935,177,1,0.04996170339735633
3,4665,323.64999999999935,177,1,0.04996170339735633
3,4666,323.5999999999993,178,1,0.04996170339735633
3,4667,323.6499999999993,177,1,0.04996170339735633
3,4668,323.34999999999934,183,1,0.04996170339735633
3,4669,323.64999999999935,177,1,0.04996170339735633
3,4670,323.64999999999935,177,1,0.04996170339735633
3,4671,323.6499999999993,177,1,0.04996170339735633
3,4672,323.2999999999993,184,1,0.04996170339735633
3,4673,323.04999999999916,189,1,0.04996170339735633
3,4674,323.64999999999935,177,1,0.04996170339735633
3,4675,323.6499999999993,177,1,0.04996170339735633
3,4676,325.1499999999993,177,1,0.04996170339735633
3,4677,323.6499999999993,177,1,0.04996170339735633
3,4678,323.59999999999934,178,1,0.04996170339735633
3,4679,323.4999999999993,180,1,0.04996170339735633
3,4680,323.4999999999993,180,1,0.04996170339735633
3,4681,323.6499999999993,177,1,0.04996170339735633
3,4682,323.64999999999935,177,1,0.04996170339735633
3,4683,325.09999999999934,178,1,0.04996170339735633
3,4684,323.59999999999934,178,1,0.04996170339735633
3,4685,323.6499999999993,177,1,0.04996170339735633
3,4686,322.09999999999934,178,1,0.04996170339735633
3,4687,323.59999999999934,178,1,0.04996170339735633
3,4688,322.74999999999915,195,1,0.04996170339735633
3,4689,323.3999999999993,182,1,0.04996170339735633
3,4690,323.6499999999993,177,1,0.04996170339735633
3,4691,323.2999999999993,184,1,0.04996170339735633
3,4692,323.6499999999993,177,1,0.04996170339735633
3,4693,323.5999999999993,178,1,0.04996170339735633
3,4694,323.6499999999993,177,1,0.04996170339735633
3,4695,320.4999999999993,180,1,0.04996170339735633
3,4696,323.64999999999935,177,1,0.04996170339735633
3,4697,323.59999999999934,178,1,0.04996170339735633
3,4698,128.29999999999967,154,0,0.04996170339735633
3,4699,323.5999999999993,178,1,0.04996170339735633
3,4700,323.64999999999935,177,1,0.04996170339735633
3,4701,325.1499999999993,177,1,0.04996170339735633
3,4702,323.6499999999993,177,1,0.04996170339735633
3,4703,323.4999999999994,180,1,0.04996170339735633
3,4704,323.6499999999993,177,1,0.04996170339735633
3,4705,323.64999999999935,177,1,0.04996170339735633
3,4706,323.64999999999935,177,1,0.04996170339735633
3,4707,323.3999999999993,182,1,0.04996170339735633
3,4708,323.6499999999993,177,1,0.04996170339735633
3,4709,322.0999999999993,178,1,0.04996170339735633
3,4710,323.64999999999935,177,1,0.04996170339735633
3,4711,323.59999999999934,178,1,0.04996170339735633
3,4712,323.64999999999935,177,1,0.04996170339735633
3,4713,323.54999999999933,179,1,0.04996170339735633
3,4714,322.04999999999933,179,1,0.04996170339735633
3,4715,323.6499999999993,177,1,0.04996170339735633
3,4716,128.2999999999996,154,0,0.04996170339735633
3,4717,323.6499999999993,177,1,0.04996170339735633
3,4718,324.8999999999993,182,1,0.04996170339735633
3,4719,323.54999999999933,179,1,0.04996170339735633
3,4720,323.6499999999993,177,1,0.04996170339735633
3,4721,323.5499999999994,179,1,0.04996170339735633
3,4722,323.64999999999935,177,1,0.04996170339735633
3,4723,323.64999999999935,177,1,0.04996170339735633
3,4724,323.59999999999934,178,1,0.04996170339735633
3,4725,323.4999999999993,180,1,0.04996170339735633
3,4726,323.6499999999993,177,1,0.04996170339735633
3,4727,323.6499999999993,177,1,0.04996170339735633
3,4728,323.59999999999934,178,1,0.04996170339735633
3,4729,320.54999999999933,179,1,0.04996170339735633
3,4730,323.6499999999993,177,1,0.04996170339735633
3,4731,323.64999999999935,177,1,0.04996170339735633
3,4732,323.6499999999993,177,1,0.04996170339735633
3,4733,322.0999999999993,178,1,0.04996170339735633
3,4734,323.4999999999993,180,1,0.04996170339735633
3,4735,323.6499999999993,177,1,0.04996170339735633
3,4736,323.59999999999934,178,1,0.04996170339735633
3,4737,323.6499999999993,177,1,0.04996170339735633
3,4738,323.59999999999934,178,1,0.04996170339735633
3,4739,323.59999999999934,178,1,0.04996170339735633
3,4740,318.9999999999993,180,1,0.04996170339735633
3,4741,323.6499999999993,177,1,0.04996170339735633
3,4742,323.64999999999935,177,1,0.04996170339735633
3,4743,320.64999999999935,177,1,0.04996170339735633
3,4744,323.5999999999993,178,1,0.04996170339735633
3,4745,323.59999999999934,178,1,0.04996170339735633
3,4746,320.64999999999935,177,1,0.04996170339735633
3,4747,325.0999999999993,178,1,0.04996170339735633
3,4748,323.3999999999993,182,1,0.04996170339735633
3,4749,323.6499999999993,177,1,0.04996170339735633
3,4750,323.2999999999993,184,1,0.04996170339735633
3,4751,323.54999999999933,179,1,0.04996170339735633
3,4752,323.64999999999935,177,1,0.04996170339735633
3,4753,323.6499999999993,177,1,0.04996170339735633
3,4754,325.09999999999934,178,1,0.04996170339735633
3,4755,323.49999999999926,180,1,0.04996170339735633
3,4756,323.5499999999994,179,1,0.04996170339735633
3,4757,323.49999999999926,180,1,0.04996170339735633
3,4758,323.5999999999994,178,1,0.04996170339735633
3,4759,323.5999999999993,178,1,0.04996170339735633
3,4760,323.6499999999993,177,1,0.04996170339735633
3,4761,323.4499999999993,181,1,0.04996170339735633
3,4762,323.4999999999993,180,1,0.04996170339735633
3,4763,323.6499999999993,177,1,0.04996170339735633
3,4764,323.5999999999993,178,1,0.04996170339735633
3,4765,325.0999999999993,178,1,0.04996170339735633
3,4766,323.4999999999993,180,1,0.04996170339735633
3,4767,323.4499999999993,181,1,0.04996170339735633
3,4768,323.64999999999935,177,1,0.04996170339735633
3,4769,324.99999999999926,180,1,0.04996170339735633
3,4770,323.5999999999993,178,1,0.04996170339735633
3,4771,323.59999999999934,178,1,0.04996170339735633
3,4772,323.64999999999935,177,1,0.04996170339735633
3,4773,323.64999999999935,177,1,0.04996170339735633
3,4774,323.64999999999935,177,1,0.04996170339735633
3,4775,323.34999999999934,183,1,0.04996170339735633
3,4776,323.44999999999925,181,1,0.04996170339735633
3,4777,324.9499999999993,181,1,0.04996170339735633
3,4778,326.5999999999993,178,1,0.04996170339735633
3,4779,326.64999999999935,177,1,0.04996170339735633
3,4780,323.64999999999935,177,1,0.04996170339735633
3,4781,326.6499999999993,177,1,0.04996170339735633
3,4782,326.44999999999925,181,1,0.04996170339735633
3,4783,326.64999999999935,177,1,0.04996170339735633
3,4784,326.54999999999933,179,1,0.04996170339735633
3,4785,326.59999999999934,178,1,0.04996170339735633
3,4786,326.44999999999925,181,1,0.04996170339735633
3,4787,326.6499999999993,177,1,0.04996170339735633
3,4788,326.6499999999993,177,1,0.04996170339735633
3,4789,324.9999999999993,180,1,0.04996170339735633
3,4790,326.64999999999935,177,1,0.04996170339735633
3,4791,323.59999999999934,178,1,0.04996170339735633
3,4792,326.6499999999993,177,1,0.04996170339735633
3,4793,324.84999999999934,183,1,0.04996170339735633
3,4794,328.09999999999934,178,1,0.04996170339735633
3,4795,326.6499999999993,177,1,0.04996170339735633
3,4796,328.0499999999993,179,1,0.04996170339735633
3,4797,326.64999999999935,177,1,0.04996170339735633
3,4798,326.6499999999993,177,1,0.04996170339735633
3,4799,324.9499999999993,181,1,0.04996170339735633
3,4800,126.79999999999968,154,0,0.04996170339735633
3,4801,326.5999999999993,178,1,0.04996170339735633
3,4802,323.4999999999993,180,1,0.04996170339735633
3,4803,326.6499999999993,177,1,0.04996170339735633
3,4804,326.5999999999993,178,1,0.04996170339735633
3,4805,325.0999999999993,178,1,0.04996170339735633
3,4806,326.54999999999933,179,1,0.04996170339735633
3,4807,326.59999999999934,178,1,0.04996170339735633
3,4808,326.59999999999934,178,1,0.04996170339735633
3,4809,326.64999999999935,177,1,0.04996170339735633
3,4810,325.1499999999993,177,1,0.04996170339735633
3,4811,326.59999999999934,178,1,0.04996170339735633
3,4812,326.5499999999994,179,1,0.04996170339735633
3,4813,328.1499999999993,177,1,0.04996170339735633
3,4814,325.09999999999934,178,1,0.04996170339735633
3,4815,326.64999999999935,177,1,0.04996170339735633
3,4816,326.59999999999934,178,1,0.04996170339735633
3,4817,328.1499999999993,177,1,0.04996170339735633
3,4818,328.14999999999935,177,1,0.04996170339735633
3,4819,325.09999999999934,178,1,0.04996170339735633
3,4820,326.64999999999935,177,1,0.04996170339735633
3,4821,326.5999999999993,178,1,0.04996170339735633
3,4822,326.64999999999935,177,1,0.04996170339735633
3,4823,323.6499999999993,177,1,0.04996170339735633
3,4824,326.54999999999933,179,1,0.04996170339735633
3,4825,326.54999999999933,179,1,0.04996170339735633
3,4826,326.59999999999934,178,1,0.04996170339735633
3,4827,328.0999999999993,178,1,0.04996170339735633
3,4828,328.1499999999993,177,1,0.04996170339735633
3,4829,131.29999999999967,154,0,0.04996170339735633
3,4830,326.59999999999934,178,1,0.04996170339735633
3,4831,326.59999999999934,178,1,0.04996170339735633
3,4832,326.6499999999993,177,1,0.04996170339735633
3,4833,326.64999999999935,177,1,0.04996170339735633
3,4834,326.4999999999994,180,1,0.04996170339735633
3,4835,326.4499999999993,181,1,0.04996170339735633
3,4836,326.6499999999993,177,1,0.04996170339735633
3,4837,326.54999999999933,179,1,0.04996170339735633
3,4838,326.6499999999993,177,1,0.04996170339735633
3,4839,328.0999999999993,178,1,0.04996170339735633
3,4840,326.64999999999935,177,1,0.04996170339735633
3,4841,326.6499999999993,177,1,0.04996170339735633
3,4842,325.79999999999916,194,1,0.04996170339735633
3,4843,325.09999999999934,178,1,0.04996170339735633
3,4844,328.1499999999993,177,1,0.04996170339735633
3,4845,325.14999999999935,177,1,0.04996170339735633
3,4846,326.5499999999994,179,1,0.04996170339735633
3,4847,326.5999999999993,178,1,0.04996170339735633
3,4848,323.4999999999993,180,1,0.04996170339735633
3,4849,326.6499999999993,177,1,0.04996170339735633
3,4850,326.64999999999935,177,1,0.04996170339735633
3,4851,326.59999999999934,178,1,0.04996170339735633
3,4852,326.59999999999934,178,1,0.04996170339735633
3,4853,324.84999999999934,183,1,0.04996170339735633
3,4854,326.34999999999934,183,1,0.04996170339735633
3,4855,329.59999999999934,178,1,0.04996170339735633
3,4856,328.0999999999993,178,1,0.04996170339735633
3,4857,328.1499999999993,177,1,0.04996170339735633
3,4858,328.1499999999993,177,1,0.04996170339735633
3,4859,326.64999999999935,177,1,0.04996170339735633
3,4860,328.14999999999935,177,1,0.04996170339735633
3,4861,329.59999999999934,178,1,0.04996170339735633
3,4862,329.64999999999935,177,1,0.04996170339735633
3,4863,328.04999999999933,179,1,0.04996170339735633
3,4864,331.1499999999993,177,1,0.04996170339735633
3,4865,329.64999999999935,177,1,0.04996170339735633
3,4866,323.6499999999993,177,1,0.04996170339735633
3,4867,325.14999999999935,177,1,0.04996170339735633
3,4868,326.64999999999935,177,1,0.04996170339735633
3,4869,325.09999999999934,178,1,0.04996170339735633
3,4870,326.6499999999993,177,1,0.04996170339735633
3,4871,328.0999999999993,178,1,0.04996170339735633
3,4872,328.09999999999934,178,1,0.04996170339735633
3,4873,326.5999999999993,178,1,0.04996170339735633
3,4874,326.5999999999993,178,1,0.04996170339735633
3,4875,325.1499999999993,177,1,0.04996170339735633
3,4876,325.1499999999993,177,1,0.04996170339735633
3,4877,323.64999999999935,177,1,0.04996170339735633
3,4878,126.79999999999971,154,0,0.04996170339735633
3,4879,326.5499999999993,179,1,0.04996170339735633
3,4880,328.09999999999934,178,1,0.04996170339735633
3,4881,324.9999999999993,180,1,0.04996170339735633
3,4882,126.7999999999996,154,0,0.04996170339735633
3,4883,326.64999999999935,177,1,0.04996170339735633
3,4884,326.64999999999935,177,1,0.04996170339735633
3,4885,326.59999999999934,178,1,0.04996170339735633
3,4886,326.5999999999993,178,1,0.04996170339735633
3,4887,325.04999999999933,179,1,0.04996170339735633
3,4888,325.1499999999993,177,1,0.04996170339735633
3,4889,326.6499999999993,177,1,0.04996170339735633
3,4890,325.14999999999935,177,1,0.04996170339735633
3,4891,326.64999999999935,177,1,0.04996170339735633
3,4892,326.6499999999993,177,1,0.04996170339735633
3,4893,326.59999999999934,178,1,0.04996170339735633
3,4894,325.14999999999935,177,1,0.04996170339735633
3,4895,326.6499999999993,177,1,0.04996170339735633
3,4896,326.54999999999933,179,1,0.04996170339735633
3,4897,326.6499999999993,177,1,0.04996170339735633
3,4898,323.4999999999993,180,1,0.04996170339735633
3,4899,323.59999999999934,178,1,0.04996170339735633
3,4900,325.09999999999934,178,1,0.04996170339735633
3,4901,326.5999999999993,178,1,0.04996170339735633
3,4902,326.5999999999993,178,1,0.04996170339735633
3,4903,323.59999999999934,178,1,0.04996170339735633
3,4904,323.5999999999993,178,1,0.04996170339735633
3,4905,326.64999999999935,177,1,0.04996170339735633
3,4906,326.5999999999993,178,1,0.04996170339735633
3,4907,326.5999999999993,178,1,0.04996170339735633
3,4908,325.0999999999994,178,1,0.04996170339735633
3,4909,311.8999999999994,172,1,0.04996170339735633
3,4910,326.39999999999924,182,1,0.04996170339735633
3,4911,326.6499999999993,177,1,0.04996170339735633
3,4912,326.4999999999994,180,1,0.04996170339735633
3,4913,324.9999999999993,180,1,0.04996170339735633
3,4914,326.6499999999993,177,1,0.04996170339735633
3,4915,326.64999999999935,177,1,0.04996170339735633
3,4916,326.64999999999935,177,1,0.04996170339735633
3,4917,326.6499999999993,177,1,0.04996170339735633
3,4918,326.4499999999993,181,1,0.04996170339735633
3,4919,323.64999999999935,177,1,0.04996170339735633
3,4920,325.09999999999934,178,1,0.04996170339735633
3,4921,325.14999999999935,177,1,0.04996170339735633
3,4922,326.59999999999934,178,1,0.04996170339735633
3,4923,326.6499999999993,177,1,0.04996170339735633
3,4924,326.5999999999993,178,1,0.04996170339735633
3,4925,325.69999999999914,196,1,0.04996170339735633
3,4926,325.09999999999934,178,1,0.04996170339735633
3,4927,326.64999999999935,177,1,0.04996170339735633
3,4928,326.64999999999935,177,1,0.04996170339735633
3,4929,326.64999999999935,177,1,0.04996170339735633
3,4930,325.1499999999993,177,1,0.04996170339735633
3,4931,326.54999999999933,179,1,0.04996170339735633
3,4932,325.1499999999993,177,1,0.04996170339735633
3,4933,325.1499999999993,177,1,0.04996170339735633
3,4934,326.6499999999993,177,1,0.04996170339735633
3,4935,326.6499999999993,177,1,0.04996170339735633
3,4936,326.54999999999933,179,1,0.04996170339735633
3,4937,325.14999999999935,177,1,0.04996170339735633
3,4938,326.64999999999935,177,1,0.04996170339735633
3,4939,131.29999999999967,154,0,0.04996170339735633
3,4940,326.64999999999935,177,1,0.04996170339735633
3,4941,326.59999999999934,178,1,0.04996170339735633
3,4942,323.64999999999935,177,1,0.04996170339735633
3,4943,326.4999999999993,180,1,0.04996170339735633
3,4944,325.14999999999935,177,1,0.04996170339735633
3,4945,323.54999999999933,179,1,0.04996170339735633
3,4946,326.6499999999993,177,1,0.04996170339735633
3,4947,325.1499999999993,177,1,0.04996170339735633
3,4948,325.14999999999935,177,1,0.04996170339735633
3,4949,323.6499999999993,177,1,0.04996170339735633
3,4950,326.6499999999993,177,1,0.04996170339735633
3,4951,326.5499999999993,179,1,0.04996170339735633
3,4952,325.0999999999993,178,1,0.04996170339735633
3,4953,326.5499999999994,179,1,0.04996170339735633
3,4954,325.04999999999933,179,1,0.04996170339735633
3,4955,326.59999999999934,178,1,0.04996170339735633
3,4956,326.64999999999935,177,1,0.04996170339735633
3,4957,326.6499999999993,177,1,0.04996170339735633
3,4958,326.54999999999933,179,1,0.04996170339735633
3,4959,312.39999999999947,162,1,0.04996170339735633
3,4960,326.44999999999925,181,1,0.04996170339735633
3,4961,326.59999999999934,178,1,0.04996170339735633
3,4962,325.14999999999935,177,1,0.04996170339735633
3,4963,326.6499999999993,177,1,0.04996170339735633
3,4964,326.2999999999993,184,1,0.04996170339735633
3,4965,326.6499999999993,177,1,0.04996170339735633
3,4966,326.64999999999935,177,1,0.04996170339735633
3,4967,325.04999999999933,179,1,0.04996170339735633
3,4968,325.0999999999993,178,1,0.04996170339735633
3,4969,326.6499999999993,177,1,0.04996170339735633
3,4970,326.5499999999993,179,1,0.04996170339735633
3,4971,326.5499999999993,179,1,0.04996170339735633
3,4972,326.5999999999993,178,1,0.04996170339735633
3,4973,326.64999999999935,177,1,0.04996170339735633
3,4974,326.64999999999935,177,1,0.04996170339735633
3,4975,325.09999999999934,178,1,0.04996170339735633
3,4976,326.6499999999993,177,1,0.04996170339735633
3,4977,326.14999999999924,187,1,0.04996170339735633
3,4978,326.6499999999993,177,1,0.04996170339735633
3,4979,325.1499999999993,177,1,0.04996170339735633
3,4980,326.64999999999935,177,1,0.04996170339735633
3,4981,326.64999999999935,177,1,0.04996170339735633
3,4982,323.59999999999934,178,1,0.04996170339735633
3,4983,325.09999999999934,178,1,0.04996170339735633
3,4984,326.6499999999993,177,1,0.04996170339735633
3,4985,326.59999999999934,178,1,0.04996170339735633
3,4986,128.29999999999967,154,0,0.04996170339735633
3,4987,331.1499999999993,177,1,0.04996170339735633
3,4988,326.6499999999993,177,1,0.04996170339735633
3,4989,326.54999999999933,179,1,0.04996170339735633
3,4990,320.54999999999933,179,1,0.04996170339735633
3,4991,323.59999999999934,178,1,0.04996170339735633
3,4992,326.6499999999993,177,1,0.04996170339735633
3,4993,326.4499999999993,181,1,0.04996170339735633
3,4994,326.6499999999993,177,1,0.04996170339735633
3,4995,326.6499999999993,177,1,0.04996170339735633
3,4996,129.79999999999967,154,0,0.04996170339735633
3,4997,325.14999999999935,177,1,0.04996170339735633
3,4998,326.6499999999993,177,1,0.04996170339735633
3,4999,125.29999999999971,154,0,0.04996170339735633
3,5000,328.14999999999935,177,1,0.04996170339735633
