nivel,episod,recompensa,pasi,succes,epsilon
1,1,27.700000000000372,276,0,0.999
1,2,35.55000000000052,269,0,0.998001
1,3,29.50000000000088,390,0,0.997002999
1,4,26.40000000000073,362,0,0.996005996001
1,5,38.050000000000566,309,0,0.995009990004999
1,6,21.450000000000472,521,0,0.994014980014994
1,7,30.700000000000642,426,0,0.993020965034979
1,8,26.450000000000244,301,0,0.9920279440699441
1,9,27.55000000000061,309,0,0.9910359161258742
1,10,38.65000000000023,237,0,0.9900448802097482
1,11,99.79999999999997,514,0,0.9890548353295385
1,12,37.80000000000062,314,0,0.988065780494209
1,13,41.200000000000514,276,0,0.9870777147137147
1,14,25.300000000000523,324,0,0.986090636999001
1,15,33.60000000000055,308,0,0.9851045463620021
1,16,24.60000000000055,338,0,0.98411944181564
1,17,39.15000000000046,317,0,0.9831353223738244
1,18,40.250000000000526,325,0,0.9821521870514506
1,19,32.85000000000032,323,0,0.9811700348643991
1,20,29.450000000000486,271,0,0.9801888648295347
1,21,24.90000000000022,332,0,0.9792086759647052
1,22,26.450000000000628,301,0,0.9782294672887405
1,23,38.40000000000036,242,0,0.9772512378214517
1,24,29.55000000000058,359,0,0.9762739865836303
1,25,27.050000000000466,289,0,0.9752977125970467
1,26,34.00000000000031,240,0,0.9743224148844496
1,27,29.600000000000392,238,0,0.9733480924695651
1,28,30.70000000000033,246,0,0.9723747443770956
1,29,105.49999999999984,520,0,0.9714023696327185
1,30,32.25000000000034,185,0,0.9704309672630859
1,31,28.35000000000045,263,0,0.9694605362958227
1,32,27.2000000000006,316,0,0.9684910757595269
1,33,25.900000000000475,312,0,0.9675225846837673
1,34,46.150000000000574,327,0,0.9665550620990835
1,35,37.65000000000076,437,0,0.9655885070369844
1,36,33.60000000000055,308,0,0.9646229185299474
1,37,35.20000000000027,276,0,0.9636582956114175
1,38,43.70000000000047,316,0,0.9626946373158061
1,39,33.7000000000004,246,0,0.9617319426784903
1,40,34.55000000000068,319,0,0.9607702107358118
1,41,18.550000000000338,459,0,0.959809440525076
1,42,36.10000000000048,288,0,0.9588496310845509
1,43,35.250000000000426,275,0,0.9578907814534664
1,44,32.25000000000034,275,0,0.9569328906720129
1,45,29.050000000000182,249,0,0.9559759577813409
1,46,45.25000000000044,315,0,0.9550199818235596
1,47,47.60000000000039,238,0,0.9540649618417361
1,48,31.30000000000028,204,0,0.9531108968798944
1,49,34.6500000000005,347,0,0.9521577859830145
1,50,25.850000000000506,313,0,0.9512056281970315
1,51,29.400000000000432,272,0,0.9502544225688344
1,52,44.60000000000042,238,0,0.9493041681462656
1,53,32.45000000000043,271,0,0.9483548639781193
1,54,23.450000000000344,361,0,0.9474065091141411
1,55,28.50000000000047,260,0,0.946459102605027
1,56,27.550000000000395,309,0,0.9455126435024219
1,57,31.30000000000031,234,0,0.9445671308589195
1,58,44.600000000000264,238,0,0.9436225637280606
1,59,37.550000000000665,319,0,0.9426789411643326
1,60,35.05000000000044,279,0,0.9417362622231683
1,61,36.80000000000044,274,0,0.9407945259609451
1,62,29.050000000000495,249,0,0.9398537314349842
1,63,41.250000000000625,275,0,0.9389138777035492
1,64,44.550000000000495,239,0,0.9379749638258457
1,65,44.25000000000058,275,0,0.9370369888620198
1,66,35.55000000000038,239,0,0.9360999518731578
1,67,35.45000000000066,421,0,0.9351638519212846
1,68,42.300000000000466,314,0,0.9342286880693633
1,69,32.45000000000029,271,0,0.933294459381294
1,70,29.450000000000443,241,0,0.9323611649219127
1,71,33.650000000000475,277,0,0.9314288037569908
1,72,31.10000000000032,208,0,0.9304973749532338
1,73,31.350000000000406,323,0,0.9295668775782806
1,74,42.65000000000052,277,0,0.9286373107007023
1,75,48.050000000000324,199,0,0.9277086733900016
1,76,32.80000000000037,234,0,0.9267809647166116
1,77,31.250000000000213,235,0,0.925854183751895
1,78,45.500000000000526,310,0,0.9249283295681431
1,79,40.35000000000035,233,0,0.9240034012385749
1,80,96.09999999999992,588,0,0.9230793978373364
1,81,31.000000000000313,210,0,0.9221563184394991
1,82,36.7000000000005,276,0,0.9212341621210596
1,83,30.550000000000367,219,0,0.9203129279589385
1,84,29.10000000000032,278,0,0.9193926150309796
1,85,31.150000000000304,207,0,0.9184732224159486
1,86,37.60000000000035,198,0,0.9175547491935327
1,87,49.750000000000384,195,0,0.9166371944443392
1,88,40.40000000000035,202,0,0.9157205572498949
1,89,37.80000000000037,284,0,0.914804836692645
1,90,29.900000000000432,232,0,0.9138900318559524
1,91,46.10000000000042,238,0,0.9129761418240965
1,92,32.05000000000042,249,0,0.9120631656822724
1,93,30.900000000000446,242,0,0.9111511025165902
1,94,30.550000000000182,219,0,0.9102399514140735
1,95,29.800000000000338,234,0,0.9093297114626595
1,96,114.79999999999963,484,0,0.9084203817511969
1,97,42.500000000000526,310,0,0.9075119613694457
1,98,33.950000000000216,241,0,0.9066044494080763
1,99,36.50000000000044,310,0,0.9056978449586682
1,100,45.650000000000475,277,0,0.9047921471137096
1,101,36.250000000000355,285,0,0.9038873549665959
1,102,27.30000000000028,284,0,0.9029834676116293
1,103,105.94999999999992,391,0,0.9020804841440176
1,104,36.750000000000455,275,0,0.9011784036598737
1,105,31.65000000000039,197,0,0.9002772252562138
1,106,35.90000000000033,232,0,0.8993769480309576
1,107,35.45000000000044,271,0,0.8984775710829266
1,108,30.800000000000338,214,0,0.8975790935118436
1,109,107.25000000000007,365,0,0.8966815144183318
1,110,36.550000000000296,309,0,0.8957848329039134
1,111,34.30000000000027,204,0,0.8948890480710096
1,112,29.800000000000253,234,0,0.8939941590229386
1,113,27.350000000000392,283,0,0.8931001648639156
1,114,33.45000000000046,281,0,0.8922070646990518
1,115,39.7500000000003,215,0,0.8913148576343527
1,116,33.85000000000039,243,0,0.8904235427767183
1,117,42.80000000000054,274,0,0.8895331192339416
1,118,110.94999999999995,471,0,0.8886435861147077
1,119,36.150000000000446,347,0,0.887754942528593
1,120,32.600000000000264,178,0,0.8868671875860644
1,121,34.9500000000002,161,0,0.8859803203984784
1,122,124.74999999999939,345,0,0.88509434007808
1,123,38.55000000000035,209,0,0.8842092457380019
1,124,37.25000000000047,235,0,0.8833250364922639
1,125,44.650000000000446,237,0,0.8824417114557717
1,126,49.200000000000344,206,0,0.8815592697443159
1,127,39.2500000000003,165,0,0.8806777104745716
1,128,51.15000000000035,197,0,0.8797970327640969
1,129,45.30000000000037,194,0,0.8789172357313328
1,130,119.54999999999968,419,0,0.8780383184956015
1,131,38.550000000000225,209,0,0.8771602801771059
1,132,39.70000000000023,156,0,0.8762831198969288
1,133,35.95000000000019,111,0,0.8754068367770318
1,134,29.650000000000304,237,0,0.8745314299402548
1,135,31.150000000000404,237,0,0.8736568985103146
1,136,43.50000000000024,170,0,0.8727832416118043
1,137,38.850000000000236,203,0,0.8719104583701925
1,138,31.50000000000034,200,0,0.8710385479118223
1,139,33.50000000000031,280,0,0.8701675093639105
1,140,37.45000000000036,231,0,0.8692973418545467
1,141,32.95000000000023,171,0,0.8684280445126921
1,142,46.100000000000506,238,0,0.8675596164681794
1,143,38.65000000000036,207,0,0.8666920568517111
1,144,33.05000000000027,199,0,0.8658253647948594
1,145,35.85000000000028,203,0,0.8649595394300645
1,146,37.15000000000039,207,0,0.8640945798906344
1,147,27.050000000000452,319,0,0.8632304853107438
1,148,41.15000000000046,277,0,0.862367254825433
1,149,29.850000000000435,233,0,0.8615048875706075
1,150,49.80000000000035,194,0,0.8606433826830369
1,151,39.2500000000003,195,0,0.8597827393003539
1,152,47.600000000000406,238,0,0.8589229565610536
1,153,40.30000000000027,204,0,0.8580640336044925
1,154,43.500000000000284,200,0,0.857205969570888
1,155,30.45000000000033,221,0,0.8563487636013172
1,156,46.700000000000315,196,0,0.8554924148377159
1,157,28.600000000000392,348,0,0.8546369224228781
1,158,36.000000000000284,200,0,0.8537822855004553
1,159,32.50000000000027,180,0,0.8529285032149548
1,160,32.85000000000019,173,0,0.8520755747117399
1,161,35.15000000000025,157,0,0.8512234991370281
1,162,45.65000000000026,157,0,0.8503722756378911
1,163,112.79999999999957,344,0,0.8495219033622532
1,164,119.29999999999917,364,0,0.8486723814588909
1,165,32.550000000000296,179,0,0.847823709077432
1,166,42.65000000000023,157,0,0.8469758853683546
1,167,42.15000000000036,197,0,0.8461289094829862
1,168,29.200000000000315,276,0,0.8452827805735033
1,169,50.60000000000045,238,0,0.8444374977929298
1,170,39.05000000000037,229,0,0.8435930602951368
1,171,28.950000000000472,251,0,0.8427494672348417
1,172,48.25000000000034,195,0,0.8419067177676068
1,173,31.70000000000033,196,0,0.8410648110498392
1,174,34.05000000000027,149,0,0.8402237462387894
1,175,45.100000000000264,198,0,0.8393835224925505
1,176,37.7500000000004,195,0,0.838544138970058
1,177,33.100000000000236,198,0,0.8377055948310879
1,178,123.04999999999966,349,0,0.8368678892362568
1,179,41.7000000000004,236,0,0.8360310213470206
1,180,36.15000000000026,197,0,0.8351949903256736
1,181,30.70000000000043,276,0,0.8343597953353479
1,182,42.150000000000276,197,0,0.8335254355400126
1,183,42.45000000000033,161,0,0.8326919101044725
1,184,32.400000000000276,182,0,0.831859218194368
1,185,39.30000000000052,284,0,0.8310273589761736
1,186,37.05000000000044,239,0,0.8301963316171974
1,187,29.4500000000004,241,0,0.8293661352855802
1,188,34.850000000000335,193,0,0.8285367691502946
1,189,38.15000000000033,157,0,0.8277082323811443
1,190,52.65000000000033,197,0,0.8268805241487632
1,191,40.15000000000042,237,0,0.8260536436246144
1,192,40.05000000000031,209,0,0.8252275899809898
1,193,40.350000000000335,233,0,0.8244023623910088
1,194,31.550000000000352,199,0,0.8235779600286178
1,195,36.00000000000034,200,0,0.8227543820685892
1,196,33.50000000000017,160,0,0.8219316276865206
1,197,37.7500000000003,165,0,0.8211096960588341
1,198,37.65000000000022,197,0,0.8202885863627752
1,199,30.850000000000193,213,0,0.8194682977764125
1,200,36.05000000000021,199,0,0.818648829478636
1,201,52.75000000000023,195,0,0.8178301806491574
1,202,52.65000000000035,197,0,0.8170123504685082
1,203,32.600000000000364,238,0,0.8161953381180397
1,204,47.650000000000404,207,0,0.8153791427799216
1,205,47.00000000000027,160,0,0.8145637636371417
1,206,30.100000000000378,228,0,0.8137491998735046
1,207,33.300000000000196,164,0,0.812935450673631
1,208,40.75000000000024,195,0,0.8121225152229574
1,209,40.55000000000035,199,0,0.8113103927077344
1,210,41.55000000000042,269,0,0.8104990823150267
1,211,48.250000000000355,195,0,0.8096885832327116
1,212,40.70000000000029,166,0,0.8088788946494789
1,213,52.95000000000027,161,0,0.8080700157548294
1,214,37.300000000000296,204,0,0.8072619457390746
1,215,120.84999999999944,393,0,0.8064546837933355
1,216,37.600000000000264,198,0,0.8056482291095421
1,217,33.20000000000033,166,0,0.8048425808804326
1,218,42.50000000000047,250,0,0.8040377382995522
1,219,50.80000000000038,234,0,0.8032337005612527
1,220,45.05000000000034,199,0,0.8024304668606914
1,221,32.50000000000024,180,0,0.8016280363938307
1,222,34.90000000000022,132,0,0.8008264083574369
1,223,36.35000000000029,163,0,0.8000255819490795
1,224,36.50000000000023,160,0,0.7992255563671304
1,225,36.300000000000196,194,0,0.7984263308107633
1,226,38.200000000000315,156,0,0.7976279044799526
1,227,45.250000000000256,165,0,0.7968302765754727
1,228,33.750000000000256,155,0,0.7960334462988972
1,229,51.15000000000033,197,0,0.7952374128525983
1,230,37.100000000000335,208,0,0.7944421754397457
1,231,45.4500000000003,161,0,0.7936477332643059
1,232,44.700000000000315,236,0,0.7928540855310416
1,233,31.800000000000367,194,0,0.7920612314455105
1,234,110.7499999999999,295,0,0.7912691702140651
1,235,38.100000000000236,158,0,0.790477901043851
1,236,51.30000000000027,164,0,0.7896874231428072
1,237,44.10000000000028,158,0,0.7888977357196644
1,238,31.5000000000003,200,0,0.7881088379839447
1,239,32.15000000000042,187,0,0.7873207291459607
1,240,37.85000000000025,163,0,0.7865334084168147
1,241,33.10000000000035,168,0,0.7857468750083979
1,242,44.90000000000035,232,0,0.7849611281333895
1,243,39.700000000000244,156,0,0.784176167005256
1,244,50.55000000000048,239,0,0.7833919908382508
1,245,44.800000000000495,234,0,0.7826085988474126
1,246,41.05000000000028,159,0,0.7818259902485653
1,247,32.750000000000156,235,0,0.7810441642583167
1,248,39.550000000000296,159,0,0.7802631200940584
1,249,48.650000000000276,157,0,0.7794828569739644
1,250,43.65000000000032,167,0,0.7787033741169904
1,251,40.45000000000036,201,0,0.7779246707428734
1,252,31.5000000000003,200,0,0.7771467460721305
1,253,111.19999999999989,286,0,0.7763695993260584
1,254,37.850000000000335,193,0,0.7755932297267324
1,255,44.25000000000027,155,0,0.7748176364970056
1,256,34.250000000000156,145,0,0.7740428188605086
1,257,41.65000000000039,237,0,0.7732687760416481
1,258,52.80000000000037,194,0,0.7724955072656065
1,259,43.30000000000055,234,0,0.7717230117583408
1,260,124.64999999999948,287,0,0.7709512887465825
1,261,34.750000000000284,195,0,0.7701803374578359
1,262,38.40000000000029,212,0,0.7694101571203781
1,263,42.15000000000035,197,0,0.7686407469632577
1,264,37.80000000000055,284,0,0.7678721062162944
1,265,37.95000000000027,161,0,0.7671042341100781
1,266,37.75000000000027,165,0,0.766337129875968
1,267,42.20000000000036,196,0,0.7655707927460921
1,268,120.8499999999993,303,0,0.764805221953346
1,269,42.750000000000284,155,0,0.7640404167313927
1,270,38.90000000000026,202,0,0.7632763763146613
1,271,34.950000000000244,131,0,0.7625130999383466
1,272,33.55000000000031,159,0,0.7617505868384082
1,273,34.85000000000025,133,0,0.7609888362515699
1,274,34.40000000000026,142,0,0.7602278474153183
1,275,32.90000000000023,172,0,0.759467619567903
1,276,34.85000000000022,133,0,0.7587081519483351
1,277,33.60000000000018,158,0,0.7579494437963867
1,278,39.10000000000025,168,0,0.7571914943525904
1,279,52.65000000000032,197,0,0.7564343028582378
1,280,46.950000000000244,161,0,0.7556778685553796
1,281,48.40000000000025,162,0,0.7549221906868242
1,282,42.50000000000034,160,0,0.7541672684961374
1,283,40.60000000000025,168,0,0.7534131012276413
1,284,50.25000000000027,155,0,0.7526596881264136
1,285,32.250000000000384,185,0,0.7519070284382872
1,286,32.500000000000256,180,0,0.7511551214098489
1,287,33.750000000000284,155,0,0.750403966288439
1,288,40.80000000000031,194,0,0.7496535623221505
1,289,45.50000000000023,130,0,0.7489039087598284
1,290,36.15000000000026,167,0,0.7481550048510686
1,291,34.600000000000236,138,0,0.7474068498462175
1,292,54.55000000000024,159,0,0.7466594429963713
1,293,109.59999999999955,318,0,0.745912783553375
1,294,39.35000000000035,163,0,0.7451668707698216
1,295,52.75000000000027,165,0,0.7444217038990517
1,296,39.200000000000216,196,0,0.7436772821951526
1,297,36.50000000000027,160,0,0.7429336049129575
1,298,41.15000000000022,157,0,0.7421906713080445
1,299,48.40000000000032,162,0,0.7414484806367364
1,300,40.300000000000324,204,0,0.7407070321560997
1,301,51.65000000000029,157,0,0.7399663251239436
1,302,46.95000000000023,161,0,0.7392263587988196
1,303,50.20000000000026,156,0,0.7384871324400207
1,304,109.74999999999979,315,0,0.7377486453075807
1,305,111.24999999999936,285,0,0.737010896662273
1,306,35.050000000000225,129,0,0.7362738857656108
1,307,42.250000000000256,165,0,0.7355376118798452
1,308,51.500000000000284,160,0,0.7348020742679654
1,309,49.750000000000284,195,0,0.7340672721936974
1,310,45.10000000000032,198,0,0.7333332049215037
1,311,45.450000000000244,161,0,0.7325998717165821
1,312,38.10000000000028,158,0,0.7318672718448656
1,313,44.50000000000014,120,0,0.7311354045730207
1,314,32.65000000000025,177,0,0.7304042691684477
1,315,53.300000000000225,124,0,0.7296738648992792
1,316,32.60000000000025,178,0,0.7289441910343799
1,317,46.65000000000036,197,0,0.7282152468433455
1,318,47.7500000000003,235,0,0.7274870315965022
1,319,124.1999999999996,326,0,0.7267595445649057
1,320,46.95000000000027,161,0,0.7260327850203407
1,321,42.30000000000037,194,0,0.7253067522353204
1,322,43.700000000000344,196,0,0.724581445483085
1,323,32.600000000000236,178,0,0.723856864037602
1,324,110.84999999999935,353,0,0.7231330071735643
1,325,42.70000000000027,156,0,0.7224098741663908
1,326,40.500000000000256,170,0,0.7216874642922244
1,327,35.15000000000022,127,0,0.7209657768279322
1,328,34.85000000000025,133,0,0.7202448110511043
1,329,43.75000000000027,165,0,0.7195245662400531
1,330,40.90000000000026,162,0,0.7188050416738131
1,331,34.60000000000025,138,0,0.7180862366321393
1,332,39.45000000000027,161,0,0.7173681503955072
1,333,51.250000000000355,195,0,0.7166507822451117
1,334,52.65000000000032,197,0,0.7159341314628666
1,335,115.14999999999965,297,0,0.7152181973314037
1,336,54.750000000000284,155,0,0.7145029791340722
1,337,32.850000000000364,173,0,0.7137884761549381
1,338,118.04999999999963,299,0,0.7130746876787832
1,339,39.30000000000028,164,0,0.7123616129911045
1,340,48.000000000000384,200,0,0.7116492513781133
1,341,112.59999999999953,318,0,0.7109376021267352
1,342,46.800000000000324,164,0,0.7102266645246085
1,343,41.50000000000013,120,0,0.7095164378600839
1,344,54.650000000000304,157,0,0.7088069214222238
1,345,40.10000000000022,118,0,0.7080981145008015
1,346,36.500000000000284,160,0,0.7073900163863007
1,347,48.400000000000304,162,0,0.7066826263699144
1,348,117.69999999999958,306,0,0.7059759437435444
1,349,52.500000000000284,170,0,0.7052699677998009
1,350,36.0000000000002,110,0,0.704564697832001
1,351,120.79999999999937,304,0,0.7038601331341691
1,352,117.64999999999968,307,0,0.7031562730010349
1,353,34.75000000000023,135,0,0.7024531167280339
1,354,34.55000000000028,139,0,0.7017506636113059
1,355,34.800000000000225,134,0,0.7010489129476946
1,356,51.30000000000028,164,0,0.7003478640347469
1,357,124.14999999999948,267,0,0.6996475161707122
1,358,36.60000000000025,158,0,0.6989478686545415
1,359,53.15000000000035,157,0,0.698248920785887
1,360,33.45000000000017,161,0,0.6975506718651011
1,361,36.30000000000031,164,0,0.6968531211932361
1,362,45.55000000000021,159,0,0.6961562680720428
1,363,112.74999999999979,255,0,0.6954601118039707
1,364,43.95000000000027,161,0,0.6947646516921667
1,365,43.65000000000033,197,0,0.6940698870404746
1,366,33.75000000000014,155,0,0.6933758171534341
1,367,124.09999999999924,268,0,0.6926824413362807
1,368,51.600000000000264,158,0,0.6919897588949444
1,369,40.600000000000335,198,0,0.6912977691360495
1,370,48.55000000000028,159,0,0.6906064713669134
1,371,54.500000000000284,160,0,0.6899158648955466
1,372,38.15000000000026,157,0,0.689225949030651
1,373,43.70000000000027,166,0,0.6885367230816204
1,374,53.150000000000276,157,0,0.6878481863585387
1,375,45.60000000000028,158,0,0.6871603381721801
1,376,34.600000000000264,198,0,0.686473177834008
1,377,36.150000000000404,197,0,0.685786704656174
1,378,54.70000000000029,156,0,0.6851009179515178
1,379,32.85000000000035,173,0,0.6844158170335664
1,380,33.300000000000324,164,0,0.6837314012165328
1,381,34.70000000000023,136,0,0.6830476698153162
1,382,35.150000000000205,127,0,0.6823646221455009
1,383,48.20000000000037,196,0,0.6816822575233553
1,384,51.650000000000276,157,0,0.6810005752658319
1,385,48.55000000000024,159,0,0.680319574690566
1,386,34.100000000000264,148,0,0.6796392551158754
1,387,41.850000000000364,233,0,0.6789596158607596
1,388,42.30000000000028,164,0,0.6782806562448989
1,389,34.400000000000276,142,0,0.677602375588654
1,390,49.75000000000027,165,0,0.6769247732130653
1,391,45.2500000000003,165,0,0.6762478484398523
1,392,41.05000000000028,159,0,0.6755716005914124
1,393,38.4500000000002,121,0,0.674896028990821
1,394,117.0499999999998,229,0,0.6742211329618302
1,395,36.90000000000019,122,0,0.6735469118288684
1,396,125.24999999999967,245,0,0.6728733649170395
1,397,44.150000000000304,157,0,0.6722004915521225
1,398,34.45000000000027,141,0,0.6715282910605703
1,399,34.2500000000003,145,0,0.6708567627695098
1,400,46.95000000000027,161,0,0.6701859060067403
1,401,38.40000000000016,122,0,0.6695157201007336
1,402,121.09999999999941,268,0,0.6688462043806328
1,403,39.55000000000024,159,0,0.6681773581762521
1,404,45.45000000000029,161,0,0.6675091808180759
1,405,113.89999999999976,232,0,0.6668416716372578
1,406,112.54999999999968,259,0,0.6661748299656206
1,407,36.250000000000156,105,0,0.6655086551356549
1,408,39.45000000000026,161,0,0.6648431464805192
1,409,51.75000000000027,155,0,0.6641783033340387
1,410,39.650000000000276,157,0,0.6635141250307047
1,411,34.000000000000284,150,0,0.662850610905674
1,412,53.7500000000003,175,0,0.6621877602947683
1,413,44.10000000000028,158,0,0.6615255725344735
1,414,42.700000000000216,156,0,0.660864046961939
1,415,40.95000000000027,161,0,0.660203182914977
1,416,51.30000000000034,194,0,0.6595429797320621
1,417,41.00000000000023,160,0,0.6588834367523301
1,418,32.75000000000037,175,0,0.6582245533155777
1,419,35.9500000000002,111,0,0.6575663287622622
1,420,47.35000000000021,123,0,0.6569087624334999
1,421,34.40000000000029,142,0,0.6562518536710664
1,422,50.0000000000003,160,0,0.6555956018173954
1,423,42.65000000000022,157,0,0.654940006215578
1,424,36.00000000000017,110,0,0.6542850662093624
1,425,41.10000000000025,158,0,0.6536307811431531
1,426,54.65000000000026,157,0,0.65297715036201
1,427,44.10000000000029,158,0,0.6523241732116479
1,428,32.45000000000023,181,0,0.6516718490384363
1,429,35.35000000000021,123,0,0.6510201771893979
1,430,48.65000000000025,157,0,0.6503691570122084
1,431,32.20000000000026,186,0,0.6497187878551962
1,432,129.64999999999964,247,0,0.649069069067341
1,433,36.2500000000002,105,0,0.6484199999982736
1,434,113.69999999999992,236,0,0.6477715799982753
1,435,53.2500000000002,155,0,0.647123808418277
1,436,52.60000000000032,198,0,0.6464766846098587
1,437,39.550000000000196,129,0,0.6458302079252489
1,438,32.500000000000355,180,0,0.6451843777173236
1,439,35.85000000000018,113,0,0.6445391933396063
1,440,41.250000000000284,155,0,0.6438946541462667
1,441,33.60000000000028,158,0,0.6432507594921204
1,442,120.64999999999934,307,0,0.6426075087326283
1,443,39.600000000000264,158,0,0.6419649012238956
1,444,43.75000000000031,165,0,0.6413229363226717
1,445,47.10000000000028,158,0,0.640681613386349
1,446,46.10000000000022,118,0,0.6400409317729626
1,447,31.800000000000338,194,0,0.6394008908411897
1,448,35.900000000000176,112,0,0.6387614899503485
1,449,35.15000000000022,127,0,0.6381227284603982
1,450,38.55000000000024,119,0,0.6374846057319378
1,451,54.50000000000034,160,0,0.6368471211262058
1,452,35.400000000000176,122,0,0.6362102740050796
1,453,54.200000000000315,166,0,0.6355740637310745
1,454,48.650000000000276,157,0,0.6349384896673435
1,455,113.74999999999984,235,0,0.6343035511776761
1,456,34.400000000000276,142,0,0.6336692476264985
1,457,119.39999999999948,272,0,0.6330355783788719
1,458,54.45000000000027,161,0,0.632402542800493
1,459,30.550000000000466,219,0,0.6317701402576925
1,460,45.150000000000276,167,0,0.6311383701174348
1,461,112.79999999999991,254,0,0.6305072317473174
1,462,127.24999999999959,265,0,0.6298767245155701
1,463,34.05000000000028,149,0,0.6292468477910546
1,464,34.45000000000026,141,0,0.6286176009432635
1,465,36.000000000000185,110,0,0.6279889833423202
1,466,41.05000000000024,159,0,0.6273609943589779
1,467,130.09999999999934,268,0,0.6267336333646188
1,468,50.00000000000027,160,0,0.6261068997312542
1,469,35.55000000000018,119,0,0.6254807928315229
1,470,44.150000000000276,157,0,0.6248553120386914
1,471,41.25000000000024,155,0,0.6242304567266527
1,472,52.45000000000029,201,0,0.623606226269926
1,473,44.15000000000025,157,0,0.6229826200436561
1,474,45.65000000000029,157,0,0.6223596374236124
1,475,50.300000000000225,124,0,0.6217372777861888
1,476,53.10000000000022,158,0,0.6211155405084027
1,477,122.49999999999947,270,0,0.6204944249678943
1,478,34.35000000000028,143,0,0.6198739305429264
1,479,35.2000000000002,126,0,0.6192540566123834
1,480,130.04999999999956,269,0,0.6186348025557711
1,481,113.69999999999952,236,0,0.6180161677532153
1,482,35.90000000000019,112,0,0.6173981515854621
1,483,35.400000000000205,122,0,0.6167807534338766
1,484,44.35000000000025,123,0,0.6161639726804428
1,485,31.400000000000446,202,0,0.6155478087077623
1,486,128.69999999999936,266,0,0.6149322608990545
1,487,130.0499999999994,269,0,0.6143173286381555
1,488,113.69999999999972,236,0,0.6137030113095173
1,489,54.70000000000029,156,0,0.6130893082982078
1,490,118.04999999999946,269,0,0.6124762189899097
1,491,29.65000000000053,237,0,0.6118637427709198
1,492,292.29999999999814,384,1,0.6112518790281489
1,493,121.94999999999963,251,0,0.6106406271491208
1,494,35.650000000000205,117,0,0.6100299865219717
1,495,54.650000000000276,157,0,0.6094199565354498
1,496,54.65000000000025,157,0,0.6088105365789144
1,497,111.74999999999947,275,0,0.6082017260423355
1,498,48.50000000000027,160,0,0.6075935243162931
1,499,35.30000000000024,124,0,0.6069859307919768
1,500,124.64999999999957,257,0,0.6063789448611848
1,501,47.450000000000216,121,0,0.6057725659163237
1,502,51.25000000000033,165,0,0.6051667933504074
1,503,33.00000000000034,170,0,0.6045616265570569
1,504,54.55000000000034,159,0,0.6039570649304998
1,505,35.00000000000023,130,0,0.6033531078655693
1,506,33.650000000000205,157,0,0.6027497547577038
1,507,54.35000000000029,163,0,0.602147005002946
1,508,53.25000000000027,155,0,0.6015448579979431
1,509,38.50000000000017,120,0,0.6009433131399452
1,510,56.50000000000024,120,0,0.6003423698268052
1,511,128.6499999999994,267,0,0.5997420274569785
1,512,32.80000000000035,174,0,0.5991422854295215
1,513,34.95000000000023,131,0,0.598543143144092
1,514,34.850000000000236,133,0,0.5979446000009478
1,515,35.800000000000196,114,0,0.5973466554009469
1,516,33.95000000000027,151,0,0.596749308745546
1,517,55.00000000000023,120,0,0.5961525594368005
1,518,35.900000000000176,112,0,0.5955564068773637
1,519,43.10000000000022,118,0,0.5949608504704863
1,520,38.55000000000015,119,0,0.5943658896200158
1,521,33.55000000000031,159,0,0.5937715237303958
1,522,48.70000000000026,156,0,0.5931777522066654
1,523,114.99999999999967,240,0,0.5925845744544587
1,524,34.75000000000023,135,0,0.5919919898800042
1,525,50.250000000000256,155,0,0.5913999978901242
1,526,35.15000000000023,127,0,0.590808597892234
1,527,47.2000000000002,126,0,0.5902177892943418
1,528,36.95000000000013,91,0,0.5896275715050474
1,529,44.15000000000025,127,0,0.5890379439335424
1,530,35.65000000000022,117,0,0.5884489059896089
1,531,35.10000000000021,128,0,0.5878604570836192
1,532,33.90000000000015,152,0,0.5872725966265356
1,533,33.450000000000244,161,0,0.5866853240299091
1,534,54.55000000000025,159,0,0.5860986387058792
1,535,38.60000000000021,118,0,0.5855125400671733
1,536,53.05000000000028,159,0,0.5849270275271061
1,537,44.600000000000236,118,0,0.584342100499579
1,538,119.84999999999984,233,0,0.5837577583990794
1,539,125.84999999999935,263,0,0.5831740006406804
1,540,33.55000000000031,159,0,0.5825908266400397
1,541,35.300000000000225,124,0,0.5820082358133997
1,542,35.55000000000021,119,0,0.5814262275775862
1,543,34.90000000000023,132,0,0.5808448013500086
1,544,35.7500000000002,115,0,0.5802639565486586
1,545,36.150000000000176,107,0,0.57968369259211
1,546,42.95000000000019,121,0,0.5791040088995179
1,547,36.450000000000145,101,0,0.5785249048906184
1,548,51.75000000000027,155,0,0.5779463799857277
1,549,34.850000000000236,133,0,0.577368433605742
1,550,35.05000000000024,129,0,0.5767910651721362
1,551,116.59999999999953,238,0,0.576214274106964
1,552,36.850000000000236,123,0,0.5756380598328571
1,553,36.15000000000015,107,0,0.5750624217730242
1,554,128.4499999999997,241,0,0.5744873593512512
1,555,50.350000000000236,123,0,0.5739128719918999
1,556,38.100000000000165,128,0,0.573338959119908
1,557,127.09999999999967,268,0,0.572765620160788
1,558,35.550000000000196,119,0,0.5721928545406272
1,559,41.55000000000018,119,0,0.5716206616860866
1,560,35.300000000000225,124,0,0.5710490410244006
1,561,40.00000000000024,120,0,0.5704779919833761
1,562,54.45000000000033,161,0,0.5699075139913927
1,563,54.40000000000025,162,0,0.5693376064774013
1,564,33.60000000000029,158,0,0.5687682688709239
1,565,43.05000000000018,119,0,0.5681995006020529
1,566,42.900000000000205,122,0,0.5676313011014509
1,567,113.64999999999976,237,0,0.5670636698003494
1,568,36.40000000000015,102,0,0.5664966061305491
1,569,35.00000000000023,130,0,0.5659301095244186
1,570,48.60000000000025,128,0,0.5653641794148941
1,571,35.200000000000216,126,0,0.5647988152354793
1,572,34.500000000000284,140,0,0.5642340164202437
1,573,35.7000000000002,116,0,0.5636697824038235
1,574,33.65000000000032,157,0,0.5631061126214196
1,575,128.14999999999947,277,0,0.5625430065087982
1,576,49.050000000000225,119,0,0.5619804635022894
1,577,119.4499999999996,241,0,0.561418483038787
1,578,131.14999999999958,247,0,0.5608570645557482
1,579,33.60000000000032,158,0,0.5602962074911925
1,580,127.54999999999937,229,0,0.5597359112837013
1,581,35.550000000000196,119,0,0.5591761753724176
1,582,53.05000000000028,159,0,0.5586169991970452
1,583,34.050000000000296,149,0,0.5580583821978482
1,584,35.80000000000018,114,0,0.5575003238156504
1,585,54.70000000000029,156,0,0.5569428234918348
1,586,50.55000000000024,119,0,0.5563858806683429
1,587,41.200000000000244,156,0,0.5558294947876746
1,588,34.55000000000027,139,0,0.5552736652928869
1,589,54.7000000000003,156,0,0.5547183916275941
1,590,35.900000000000176,112,0,0.5541636732359665
1,591,54.65000000000023,127,0,0.5536095095627305
1,592,36.15000000000016,107,0,0.5530559000531677
1,593,36.250000000000185,105,0,0.5525028441531146
1,594,35.400000000000205,122,0,0.5519503413089615
1,595,47.250000000000256,155,0,0.5513983909676525
1,596,54.65000000000032,157,0,0.5508469925766849
1,597,41.300000000000225,124,0,0.5502961455841082
1,598,124.44999999999969,201,0,0.5497458494385241
1,599,35.60000000000021,118,0,0.5491961035890855
1,600,118.3499999999997,233,0,0.5486469074854965
1,601,134.44999999999953,211,0,0.548098260578011
1,602,43.05000000000021,119,0,0.547550162317433
1,603,45.40000000000026,162,0,0.5470026121551156
1,604,44.600000000000136,118,0,0.5464556095429605
1,605,32.95000000000036,171,0,0.5459091539334175
1,606,130.24999999999955,235,0,0.5453632447794842
1,607,35.900000000000176,112,0,0.5448178815347047
1,608,121.89999999999954,252,0,0.54427306365317
1,609,128.39999999999958,212,0,0.5437287905895168
1,610,122.84999999999964,233,0,0.5431850617989273
1,611,38.35000000000018,123,0,0.5426418767371284
1,612,35.650000000000205,117,0,0.5420992348603912
1,613,123.04999999999949,199,0,0.5415571356255309
1,614,120.04999999999963,199,0,0.5410155784899053
1,615,121.64999999999982,227,0,0.5404745629114154
1,616,38.90000000000015,82,0,0.539934088348504
1,617,43.900000000000276,162,0,0.5393941542601555
1,618,31.950000000000415,191,0,0.5388547601058953
1,619,34.500000000000284,140,0,0.5383159053457894
1,620,56.15000000000023,127,0,0.5377775894404436
1,621,34.65000000000026,137,0,0.5372398118510032
1,622,44.40000000000025,122,0,0.5367025720391522
1,623,132.7999999999996,244,0,0.536165869467113
1,624,128.29999999999944,274,0,0.5356297035976458
1,625,46.05000000000017,119,0,0.5350940738940482
1,626,116.39999999999982,182,0,0.5345589798201541
1,627,35.35000000000022,123,0,0.534024420840334
1,628,298.999999999999,250,1,0.5334903964194936
1,629,135.69999999999948,216,0,0.5329569060230741
1,630,56.40000000000023,122,0,0.532423949117051
1,631,35.350000000000236,123,0,0.531891525167934
1,632,33.600000000000335,158,0,0.5313596336427661
1,633,36.400000000000134,102,0,0.5308282740091232
1,634,128.89999999999935,232,0,0.5302974457351142
1,635,51.650000000000304,157,0,0.5297671482893791
1,636,47.100000000000264,128,0,0.5292373811410898
1,637,33.15000000000032,167,0,0.5287081437599487
1,638,52.050000000000196,119,0,0.5281794356161887
1,639,115.69999999999969,196,0,0.5276512561805725
1,640,129.34999999999928,283,0,0.5271236049243919
1,641,40.10000000000018,118,0,0.5265964813194676
1,642,125.89999999999948,232,0,0.5260698848381481
1,643,36.60000000000015,98,0,0.5255438149533099
1,644,135.84999999999957,213,0,0.5250182711383566
1,645,53.40000000000025,122,0,0.5244932528672183
1,646,53.2000000000003,156,0,0.5239687596143511
1,647,51.850000000000236,123,0,0.5234447908547367
1,648,50.40000000000023,122,0,0.522921346063882
1,649,34.40000000000026,142,0,0.522398424717818
1,650,45.80000000000018,124,0,0.5218760262931003
1,651,118.19999999999989,236,0,0.5213541502668072
1,652,34.90000000000026,132,0,0.5208327961165404
1,653,35.00000000000023,130,0,0.5203119633204238
1,654,33.90000000000032,152,0,0.5197916513571034
1,655,119.49999999999922,270,0,0.5192718597057463
1,656,131.59999999999962,238,0,0.5187525878460405
1,657,34.95000000000023,131,0,0.5182338352581944
1,658,47.60000000000021,118,0,0.5177156014229363
1,659,35.800000000000196,114,0,0.5171978858215134
1,660,54.90000000000023,122,0,0.5166806879356919
1,661,38.55000000000024,119,0,0.5161640072477562
1,662,47.55000000000017,119,0,0.5156478432405085
1,663,35.450000000000216,121,0,0.515132195397268
1,664,36.05000000000018,109,0,0.5146170632018707
1,665,35.35000000000021,123,0,0.5141024461386688
1,666,34.80000000000025,134,0,0.5135883436925301
1,667,53.35000000000025,123,0,0.5130747553488376
1,668,124.49999999999962,230,0,0.5125616805934888
1,669,44.50000000000021,120,0,0.5120491189128954
1,670,299.04999999999916,249,1,0.5115370697939825
1,671,40.100000000000165,118,0,0.5110255327241885
1,672,47.500000000000185,120,0,0.5105145071914643
1,673,298.94999999999914,251,1,0.5100039926842729
1,674,35.35000000000021,123,0,0.5094939886915886
1,675,35.650000000000205,117,0,0.508984494702897
1,676,36.50000000000014,100,0,0.508475510208194
1,677,36.000000000000185,110,0,0.5079670346979859
1,678,34.250000000000284,145,0,0.5074590676632879
1,679,133.4999999999995,200,0,0.5069516085956246
1,680,35.30000000000021,124,0,0.506444656987029
1,681,56.20000000000023,126,0,0.505938212330042
1,682,49.050000000000225,119,0,0.505432274117712
1,683,35.85000000000018,113,0,0.5049268418435943
1,684,36.15000000000016,107,0,0.5044219150017507
1,685,124.44999999999952,231,0,0.5039174930867489
1,686,35.70000000000019,116,0,0.5034135755936622
1,687,302.9999999999991,260,1,0.5029101620180685
1,688,44.55000000000015,119,0,0.5024072518560504
1,689,36.30000000000017,104,0,0.5019048446041944
1,690,132.1999999999996,196,0,0.5014029397595902
1,691,127.39999999999957,202,0,0.5009015368198305
1,692,124.89999999999962,192,0,0.5004006352830107
1,693,36.300000000000125,104,0,0.4999002346477277
1,694,129.04999999999956,229,0,0.49940033441307996
1,695,133.2499999999995,235,0,0.49890093407866687
1,696,135.8499999999994,213,0,0.4984020331445882
1,697,35.55000000000018,119,0,0.4979036311114436
1,698,40.10000000000015,118,0,0.4974057274803321
1,699,56.40000000000022,122,0,0.49690832175285177
1,700,128.34999999999957,213,0,0.4964114134310989
1,701,34.40000000000029,142,0,0.4959150020176678
1,702,35.2500000000002,125,0,0.49541908701565013
1,703,115.44999999999955,201,0,0.49492366792863446
1,704,34.90000000000025,132,0,0.4944287442607058
1,705,41.40000000000015,122,0,0.4939343155164451
1,706,303.649999999999,247,1,0.4934403812009287
1,707,47.60000000000022,118,0,0.4929469408197278
1,708,35.80000000000021,114,0,0.49245399387890804
1,709,36.05000000000018,109,0,0.4919615398850291
1,710,132.09999999999945,198,0,0.4914695783451441
1,711,123.09999999999955,198,0,0.4909781087667989
1,712,41.55000000000014,119,0,0.4904871306580321
1,713,132.49999999999955,250,0,0.4899966435273741
1,714,53.500000000000256,120,0,0.4895066468838467
1,715,35.70000000000017,116,0,0.48901714023696286
1,716,130.2999999999994,264,0,0.4885281230967259
1,717,47.35000000000018,123,0,0.48803959497362914
1,718,116.29999999999988,184,0,0.4875515553786555
1,719,41.30000000000024,124,0,0.48706400382327686
1,720,53.550000000000196,119,0,0.4865769398194536
1,721,35.7000000000002,116,0,0.48609036287963414
1,722,121.59999999999955,198,0,0.48560427251675453
1,723,36.30000000000017,104,0,0.48511866824423777
1,724,35.35000000000021,123,0,0.4846335495759935
1,725,55.10000000000022,118,0,0.4841489160264175
1,726,47.35000000000021,123,0,0.4836647671103911
1,727,35.7500000000002,115,0,0.4831811023432807
1,728,298.0999999999991,268,1,0.4826979212409374
1,729,132.0499999999996,229,0,0.48221522331969646
1,730,36.450000000000145,101,0,0.48173300809637676
1,731,36.30000000000015,104,0,0.48125127508828036
1,732,34.45000000000026,141,0,0.48077002381319206
1,733,36.95000000000019,121,0,0.48028925378937887
1,734,127.89999999999962,192,0,0.47980896453558947
1,735,36.40000000000016,102,0,0.4793291555710539
1,736,132.3499999999995,193,0,0.47884982641548285
1,737,34.90000000000025,132,0,0.47837097658906735
1,738,38.60000000000019,118,0,0.47789260561247826
1,739,136.09999999999945,208,0,0.4774147130068658
1,740,34.700000000000244,136,0,0.4769372982938589
1,741,35.95000000000017,111,0,0.47646036099556505
1,742,131.44999999999965,211,0,0.47598390063456947
1,743,120.14999999999942,197,0,0.4755079167339349
1,744,35.00000000000024,130,0,0.47503240881720094
1,745,34.80000000000025,134,0,0.47455737640838375
1,746,34.70000000000026,136,0,0.47408281903197536
1,747,127.64999999999954,197,0,0.47360873621294336
1,748,122.99999999999959,200,0,0.4731351274767304
1,749,306.0999999999992,258,1,0.4726619923492537
1,750,310.9499999999991,251,1,0.47218933035690447
1,751,50.30000000000025,124,0,0.47171714102654755
1,752,127.49999999999962,200,0,0.471245423885521
1,753,34.20000000000029,146,0,0.47077417846163544
1,754,35.20000000000019,126,0,0.4703034042831738
1,755,41.60000000000018,118,0,0.46983310087889063
1,756,300.1999999999993,226,1,0.46936326777801174
1,757,45.80000000000024,124,0,0.4688939045102337
1,758,300.49999999999943,220,1,0.4684250106057235
1,759,132.9499999999996,211,0,0.46795658559511777
1,760,34.55000000000025,139,0,0.46748862900952265
1,761,136.94999999999948,191,0,0.4670211403805131
1,762,34.90000000000022,132,0,0.4665541192401326
1,763,136.39999999999952,202,0,0.4660875651208925
1,764,36.00000000000017,110,0,0.4656214775557716
1,765,35.7000000000002,116,0,0.46515585607821586
1,766,36.2500000000002,105,0,0.46469070022213765
1,767,308.3499999999991,243,1,0.4642260095219155
1,768,53.45000000000017,121,0,0.4637617835123936
1,769,308.39999999999895,272,1,0.46329802172888124
1,770,35.80000000000021,114,0,0.46283472370715234
1,771,47.40000000000022,122,0,0.46237188898344517
1,772,36.60000000000012,98,0,0.4619095170944617
1,773,300.5499999999995,219,1,0.46144760757736725
1,774,34.80000000000025,134,0,0.46098615996978987
1,775,124.3499999999995,203,0,0.46052517380982005
1,776,131.29999999999956,214,0,0.4600646486360102
1,777,117.34999999999984,163,0,0.4596045839873742
1,778,33.200000000000344,166,0,0.45914497940338683
1,779,44.400000000000176,122,0,0.4586858344239834
1,780,122.99999999999959,200,0,0.45822714858955943
1,781,29.650000000000517,237,0,0.45776892144096987
1,782,123.04999999999954,199,0,0.4573111525195289
1,783,130.59999999999962,198,0,0.4568538413670094
1,784,35.50000000000023,120,0,0.4563969875256424
1,785,128.24999999999955,275,0,0.45594059053811675
1,786,40.25000000000013,85,0,0.45548464994757865
1,787,310.34999999999906,233,1,0.45502916529763104
1,788,54.60000000000028,158,0,0.45457413613233344
1,789,306.04999999999905,229,1,0.4541195619962011
1,790,35.7000000000002,116,0,0.4536654424342049
1,791,36.20000000000016,106,0,0.45321177699177073
1,792,56.45000000000023,121,0,0.452758565214779
1,793,123.19999999999958,196,0,0.4523058066495642
1,794,311.7999999999991,234,1,0.45185350084291465
1,795,35.50000000000023,120,0,0.4514016473420717
1,796,35.85000000000019,113,0,0.45095024569472963
1,797,38.5000000000002,120,0,0.4504992954490349
1,798,117.24999999999973,165,0,0.45004879615358584
1,799,129.34999999999957,193,0,0.44959874735743227
1,800,35.5000000000002,120,0,0.4491491486100748
1,801,33.80000000000031,154,0,0.44869999946146477
1,802,304.3999999999991,232,1,0.4482512994620033
1,803,129.39999999999958,192,0,0.4478030481625413
1,804,130.04999999999956,209,0,0.44735524511437874
1,805,35.450000000000216,121,0,0.4469078898692644
1,806,34.15000000000029,147,0,0.4464609819793951
1,807,47.450000000000244,121,0,0.44601452099741573
1,808,36.70000000000013,96,0,0.4455685064764183
1,809,53.350000000000236,123,0,0.4451229379699419
1,810,56.50000000000021,120,0,0.44467781503197196
1,811,116.64999999999982,177,0,0.44423313721693997
1,812,35.00000000000024,130,0,0.44378890407972305
1,813,50.500000000000185,120,0,0.44334511517564335
1,814,35.95000000000019,111,0,0.4429017700604677
1,815,35.05000000000021,129,0,0.44245886829040726
1,816,310.9999999999991,250,1,0.44201640942211684
1,817,31.70000000000043,196,0,0.44157439301269474
1,818,31.900000000000418,192,0,0.44113281861968207
1,819,33.60000000000032,158,0,0.4406916858010624
1,820,37.05000000000017,119,0,0.4402509941152613
1,821,38.5000000000002,120,0,0.43981074312114604
1,822,33.700000000000315,156,0,0.4393709323780249
1,823,35.45000000000023,121,0,0.4389315614456469
1,824,31.95000000000043,191,0,0.43849262988420123
1,825,34.25000000000031,145,0,0.438054137254317
1,826,34.350000000000264,143,0,0.4376160831170627
1,827,130.7499999999995,195,0,0.43717846703394564
1,828,307.1499999999991,267,1,0.4367412885669117
1,829,35.40000000000022,122,0,0.4363045472783448
1,830,34.70000000000026,136,0,0.43586824273106645
1,831,134.59999999999957,208,0,0.4354323744883354
1,832,33.750000000000284,155,0,0.43499694211384704
1,833,115.69999999999983,196,0,0.4345619451717332
1,834,35.75000000000017,115,0,0.43412738322656147
1,835,129.14999999999952,197,0,0.4336932558433349
1,836,35.45000000000023,121,0,0.43325956258749154
1,837,36.20000000000017,106,0,0.43282630302490405
1,838,305.84999999999906,233,1,0.43239347672187917
1,839,313.3999999999992,232,1,0.4319610832451573
1,840,41.95000000000013,81,0,0.43152912216191214
1,841,132.9499999999996,211,0,0.4310975930397502
1,842,307.64999999999907,227,1,0.43066649544671043
1,843,115.64999999999948,197,0,0.4302358289512637
1,844,43.0000000000002,120,0,0.4298055931223125
1,845,126.04999999999957,199,0,0.42937578752919014
1,846,46.15000000000015,87,0,0.4289464117416609
1,847,35.50000000000021,120,0,0.42851746532991924
1,848,300.7999999999993,214,1,0.42808894786458934
1,849,33.35000000000032,163,0,0.42766085891672473
1,850,38.600000000000165,118,0,0.427233198057808
1,851,43.350000000000136,83,0,0.4268059648597502
1,852,300.29999999999944,224,1,0.4263791588948904
1,853,33.00000000000037,170,0,0.42595277973599555
1,854,116.09999999999981,188,0,0.42552682695625954
1,855,127.79999999999954,194,0,0.4251013001293033
1,856,35.60000000000021,118,0,0.424676198829174
1,857,36.50000000000014,100,0,0.4242515226303448
1,858,31.60000000000045,198,0,0.42382727110771445
1,859,122.89999999999948,202,0,0.4234034438366067
1,860,41.95000000000013,81,0,0.4229800403927701
1,861,135.19999999999948,196,0,0.42255706035237733
1,862,129.24999999999972,195,0,0.42213450329202495
1,863,38.45000000000019,121,0,0.4217123687887329
1,864,315.49999999999903,250,1,0.4212906564199442
1,865,56.45000000000023,121,0,0.42086936576352424
1,866,35.45000000000019,121,0,0.4204484963977607
1,867,317.4499999999991,241,1,0.42002804790136294
1,868,301.5499999999993,199,1,0.4196080198534616
1,869,36.150000000000176,107,0,0.4191884118336081
1,870,55.00000000000023,120,0,0.41876922342177453
1,871,301.2499999999994,205,1,0.41835045419835276
1,872,307.64999999999924,257,1,0.4179321037441544
1,873,313.5999999999991,228,1,0.41751417164041027
1,874,300.3499999999994,223,1,0.41709665746876984
1,875,55.10000000000022,118,0,0.4166795608113011
1,876,116.24999999999982,185,0,0.41626288125048977
1,877,116.69999999999986,176,0,0.41584661836923925
1,878,136.89999999999952,192,0,0.41543077175087
1,879,34.55000000000025,139,0,0.41501534097911913
1,880,315.04999999999905,229,1,0.41460032563814003
1,881,43.10000000000015,88,0,0.4141857253125019
1,882,317.89999999999895,232,1,0.41377153958718943
1,883,41.85000000000012,83,0,0.4133577680476022
1,884,33.900000000000276,152,0,0.4129444102795546
1,885,132.19999999999976,196,0,0.412531465869275
1,886,305.94999999999914,231,1,0.41211893440340575
1,887,35.80000000000018,114,0,0.41170681546900234
1,888,319.199999999999,236,1,0.41129510865353336
1,889,36.800000000000125,94,0,0.41088381354487985
1,890,40.350000000000136,83,0,0.410472929731335
1,891,35.85000000000019,113,0,0.41006245680160364
1,892,121.9499999999996,191,0,0.40965239434480205
1,893,300.8999999999994,212,1,0.40924274195045723
1,894,41.500000000000185,120,0,0.40883349920850676
1,895,300.79999999999956,214,1,0.40842466570929825
1,896,27.45000000000067,281,0,0.40801624104358897
1,897,301.4999999999993,200,1,0.4076082248025454
1,898,41.700000000000145,86,0,0.4072006165777428
1,899,54.900000000000205,122,0,0.4067934159611651
1,900,35.40000000000023,122,0,0.4063866225452039
1,901,34.25000000000027,145,0,0.4059802359226587
1,902,35.100000000000236,128,0,0.40557425568673605
1,903,316.5499999999991,229,1,0.40516868143104934
1,904,33.65000000000033,157,0,0.4047635127496183
1,905,35.50000000000021,120,0,0.4043587492368687
1,906,135.8499999999995,213,0,0.4039543904876318
1,907,36.850000000000136,93,0,0.4035504360971442
1,908,36.55000000000017,99,0,0.40314688566104706
1,909,34.250000000000284,145,0,0.402743738775386
1,910,301.3999999999995,202,1,0.4023409950366106
1,911,35.00000000000023,130,0,0.401938654041574
1,912,316.59999999999906,228,1,0.4015367153875324
1,913,36.15000000000019,107,0,0.4011351786721449
1,914,119.34999999999981,153,0,0.40073404349347275
1,915,302.8999999999991,232,1,0.40033330944997925
1,916,135.59999999999962,188,0,0.39993297614052925
1,917,36.150000000000176,107,0,0.3995330431643887
1,918,132.2499999999995,195,0,0.39913351012122433
1,919,301.44999999999936,201,1,0.3987343766111031
1,920,41.55000000000018,119,0,0.398335642234492
1,921,319.9499999999991,251,1,0.3979373065922575
1,922,300.7999999999995,214,1,0.39753936928566525
1,923,129.59999999999957,218,0,0.3971418299163796
1,924,118.84999999999984,163,0,0.3967446880864632
1,925,40.05000000000014,89,0,0.3963479433983767
1,926,34.70000000000027,136,0,0.3959515954549783
1,927,36.20000000000017,106,0,0.39555564385952335
1,928,133.74999999999943,225,0,0.39516008821566384
1,929,244.6499999999919,857,0,0.3947649281274482
1,930,319.549999999999,229,1,0.3943701631993207
1,931,301.6999999999995,196,1,0.3939757930361214
1,932,316.44999999999914,231,1,0.3935818172430853
1,933,41.50000000000017,120,0,0.3931882354258422
1,934,36.550000000000125,99,0,0.39279504719041636
1,935,136.7499999999995,195,0,0.39240225214322594
1,936,301.4999999999995,200,1,0.39200984989108273
1,937,36.400000000000134,102,0,0.39161784004119166
1,938,36.400000000000134,102,0,0.39122622220115044
1,939,318.6999999999991,246,1,0.3908349959789493
1,940,40.40000000000015,82,0,0.3904441609829703
1,941,36.00000000000017,110,0,0.3900537168219873
1,942,301.29999999999933,204,1,0.3896636631051653
1,943,129.7999999999996,214,0,0.38927399944206015
1,944,136.7999999999996,194,0,0.3888847254426181
1,945,32.000000000000426,190,0,0.38849584071717547
1,946,41.700000000000145,86,0,0.3881073448764583
1,947,301.2499999999995,205,1,0.3877192375315819
1,948,301.39999999999935,202,1,0.3873315182940503
1,949,43.30000000000014,84,0,0.38694418677575626
1,950,35.95000000000017,111,0,0.3865572425889805
1,951,319.59999999999917,228,1,0.38617068534639154
1,952,35.100000000000236,128,0,0.38578451466104513
1,953,136.69999999999965,196,0,0.3853987301463841
1,954,301.34999999999934,203,1,0.3850133314162377
1,955,36.10000000000019,108,0,0.3846283180848215
1,956,136.99999999999955,190,0,0.3842436897667367
1,957,35.300000000000225,124,0,0.3838594460769699
1,958,35.2500000000002,125,0,0.38347558663089293
1,959,301.39999999999935,202,1,0.38309211104426205
1,960,36.100000000000165,108,0,0.3827090189332178
1,961,41.85000000000015,83,0,0.38232630991428457
1,962,40.30000000000014,84,0,0.38194398360437026
1,963,117.54999999999977,159,0,0.3815620396207659
1,964,301.1999999999995,206,1,0.38118047758114515
1,965,36.10000000000018,108,0,0.380799297103564
1,966,135.24999999999966,195,0,0.3804184978064605
1,967,35.40000000000019,122,0,0.380038079308654
1,968,34.50000000000027,140,0,0.3796580412293454
1,969,35.7000000000002,116,0,0.379278383188116
1,970,301.34999999999945,203,1,0.3788991048049279
1,971,35.65000000000019,117,0,0.37852020570012296
1,972,36.55000000000015,99,0,0.37814168549442284
1,973,36.850000000000136,93,0,0.3777635438089284
1,974,130.29999999999922,234,0,0.3773857802651195
1,975,44.85000000000012,83,0,0.37700839448485435
1,976,36.40000000000016,102,0,0.3766313860903695
1,977,131.94999999999953,201,0,0.37625475470427916
1,978,38.75000000000013,85,0,0.3758784999495749
1,979,301.6999999999993,196,1,0.3755026214496253
1,980,36.20000000000017,106,0,0.3751271188281757
1,981,301.29999999999944,204,1,0.3747519917093475
1,982,52.05000000000017,119,0,0.37437723971763814
1,983,36.25000000000017,105,0,0.37400286247792053
1,984,36.45000000000019,101,0,0.3736288596154426
1,985,32.4500000000004,181,0,0.37325523075582717
1,986,53.600000000000165,118,0,0.37288197552507135
1,987,301.2499999999994,205,1,0.37250909354954626
1,988,35.20000000000023,126,0,0.37213658445599673
1,989,131.89999999999947,202,0,0.3717644478715407
1,990,38.850000000000136,83,0,0.3713926834236692
1,991,300.9999999999995,210,1,0.37102129074024554
1,992,36.600000000000165,98,0,0.3706502694495053
1,993,320.8499999999991,233,1,0.3702796191800558
1,994,136.69999999999948,196,0,0.36990933956087574
1,995,301.7499999999995,195,1,0.36953943022131486
1,996,52.05000000000021,119,0,0.3691698907910935
1,997,136.94999999999942,191,0,0.3688007209003024
1,998,26.15000000000073,307,0,0.36843192017940213
1,999,301.2499999999994,205,1,0.36806348825922275
1,1000,44.85000000000015,83,0,0.3676954247709635
1,1001,312.0499999999991,229,1,0.36732772934619257
1,1002,135.9999999999996,210,0,0.3669604016168464
1,1003,311.649999999999,237,1,0.3665934412152296
1,1004,36.40000000000016,102,0,0.3662268477740143
1,1005,115.74999999999982,195,0,0.36586062092624033
1,1006,116.49999999999976,180,0,0.3654947603053141
1,1007,301.6999999999994,196,1,0.36512926554500874
1,1008,44.50000000000013,90,0,0.36476413627946375
1,1009,40.40000000000012,82,0,0.3643993721431843
1,1010,41.900000000000134,82,0,0.36403497277104113
1,1011,36.05000000000018,109,0,0.3636709377982701
1,1012,38.850000000000136,83,0,0.3633072668604718
1,1013,39.65000000000015,97,0,0.36294395959361136
1,1014,44.75000000000014,85,0,0.36258101563401773
1,1015,43.450000000000145,81,0,0.3622184346183837
1,1016,40.20000000000013,86,0,0.36185621618376534
1,1017,117.44999999999978,161,0,0.36149435996758156
1,1018,32.75000000000037,175,0,0.361132865607614
1,1019,53.600000000000236,118,0,0.36077173274200636
1,1020,36.65000000000015,97,0,0.36041096100926434
1,1021,300.99999999999955,210,1,0.3600505500482551
1,1022,136.34999999999934,203,0,0.35969049949820686
1,1023,34.35000000000028,143,0,0.3593308089987087
1,1024,126.39999999999957,192,0,0.35897147818971
1,1025,136.19999999999925,206,0,0.3586125067115203
1,1026,301.44999999999936,201,1,0.35825389420480874
1,1027,125.9999999999997,200,0,0.35789564031060395
1,1028,38.60000000000012,88,0,0.35753774467029337
1,1029,54.550000000000225,129,0,0.3571802069256231
1,1030,44.350000000000236,123,0,0.3568230267186975
1,1031,301.34999999999934,203,1,0.3564662036919788
1,1032,301.4499999999995,201,1,0.35610973748828684
1,1033,300.5499999999995,219,1,0.35575362775079855
1,1034,313.5499999999991,229,1,0.35539787412304774
1,1035,301.2999999999994,204,1,0.3550424762489247
1,1036,43.40000000000015,82,0,0.3546874337726758
1,1037,40.45000000000013,81,0,0.35433274633890316
1,1038,38.60000000000015,88,0,0.35397841359256427
1,1039,301.1999999999993,206,1,0.3536244351789717
1,1040,33.15000000000033,167,0,0.35327081074379274
1,1041,56.25000000000024,125,0,0.352917539933049
1,1042,36.10000000000018,108,0,0.3525646223931159
1,1043,318.09999999999917,228,1,0.3522120577707228
1,1044,56.45000000000023,121,0,0.3518598457129521
1,1045,320.64999999999907,237,1,0.35150798586723914
1,1046,129.0499999999995,199,0,0.3511564778813719
1,1047,314.949999999999,231,1,0.3508053214034905
1,1048,301.14999999999947,207,1,0.35045451608208705
1,1049,135.3499999999995,193,0,0.350104061566005
1,1050,36.10000000000018,108,0,0.349753957504439
1,1051,31.25000000000044,205,0,0.3494042035469346
1,1052,301.54999999999933,199,1,0.3490547993433876
1,1053,301.2999999999993,204,1,0.34870574454404424
1,1054,43.25000000000014,85,0,0.3483570387995002
1,1055,44.450000000000145,91,0,0.3480086817607007
1,1056,40.25000000000014,85,0,0.34766067307894
1,1057,301.54999999999933,199,1,0.34731301240586104
1,1058,316.69999999999914,226,1,0.3469656993934552
1,1059,301.4999999999995,200,1,0.3466187336940617
1,1060,120.34999999999978,163,0,0.34627211496036764
1,1061,301.49999999999926,200,1,0.3459258428454073
1,1062,117.69999999999978,156,0,0.34557991700256185
1,1063,301.2499999999995,205,1,0.3452343370855593
1,1064,33.05000000000035,169,0,0.34488910274847373
1,1065,52.450000000000145,81,0,0.34454421364572524
1,1066,319.59999999999906,228,1,0.3441996694320795
1,1067,301.69999999999936,196,1,0.34385546976264747
1,1068,49.00000000000014,90,0,0.34351161429288485
1,1069,301.6999999999994,196,1,0.34316810267859194
1,1070,117.09999999999987,168,0,0.34282493457591334
1,1071,44.900000000000134,82,0,0.3424821096413374
1,1072,33.7500000000003,155,0,0.3421396275316961
1,1073,117.49999999999979,160,0,0.34179748790416437
1,1074,136.49999999999937,200,0,0.3414556904162602
1,1075,123.79999999999977,154,0,0.34111423472584396
1,1076,36.55000000000014,99,0,0.34077312049111813
1,1077,300.3999999999994,222,1,0.340432347370627
1,1078,43.050000000000125,89,0,0.34009191502325636
1,1079,40.350000000000136,83,0,0.3397518231082331
1,1080,41.65000000000012,87,0,0.33941207128512485
1,1081,35.75000000000021,115,0,0.3390726592138397
1,1082,315.04999999999916,229,1,0.3387335865546259
1,1083,301.74999999999943,195,1,0.33839485296807126
1,1084,301.6999999999995,196,1,0.3380564581151032
1,1085,44.65000000000015,87,0,0.33771840165698813
1,1086,41.850000000000136,83,0,0.33738068325533116
1,1087,35.40000000000022,122,0,0.3370433025720758
1,1088,34.80000000000024,134,0,0.33670625926950376
1,1089,41.850000000000136,83,0,0.33636955301023425
1,1090,301.54999999999944,199,1,0.336033183457224
1,1091,136.44999999999942,201,0,0.3356971502737668
1,1092,38.75000000000014,85,0,0.335361453123493
1,1093,317.79999999999905,234,1,0.3350260916703695
1,1094,38.900000000000134,82,0,0.33469106557869915
1,1095,301.4499999999993,201,1,0.33435637451312045
1,1096,135.04999999999956,199,0,0.3340220181386073
1,1097,301.84999999999945,193,1,0.33368799612046873
1,1098,301.49999999999943,200,1,0.33335430812434824
1,1099,43.25000000000014,85,0,0.3330209538162239
1,1100,47.50000000000013,90,0,0.33268793286240766
1,1101,301.4499999999995,201,1,0.33235524492954527
1,1102,124.89999999999979,162,0,0.33202288968461574
1,1103,40.150000000000134,87,0,0.33169086679493115
1,1104,300.3999999999994,222,1,0.33135917592813624
1,1105,28.950000000000585,251,0,0.3310278167522081
1,1106,49.40000000000015,82,0,0.3306967889354559
1,1107,44.95000000000013,81,0,0.33036609214652046
1,1108,300.9499999999993,211,1,0.3300357260543739
1,1109,32.4500000000004,181,0,0.32970569032831953
1,1110,320.89999999999895,232,1,0.3293759846379912
1,1111,40.40000000000015,82,0,0.3290466086533532
1,1112,35.2500000000002,125,0,0.3287175620446999
1,1113,41.850000000000136,83,0,0.32838884448265515
1,1114,38.950000000000145,81,0,0.3280604556381725
1,1115,301.4999999999995,200,1,0.32773239518253433
1,1116,41.80000000000014,84,0,0.3274046627873518
1,1117,40.40000000000015,82,0,0.32707725812456445
1,1118,301.2999999999994,204,1,0.32675018086643987
1,1119,301.4999999999993,200,1,0.32642343068557345
1,1120,125.04999999999983,159,0,0.3260970072548879
1,1121,41.850000000000136,83,0,0.325770910247633
1,1122,35.800000000000196,114,0,0.32544513933738534
1,1123,41.95000000000013,81,0,0.3251196941980479
1,1124,26.700000000000713,296,0,0.32479457450384985
1,1125,301.4499999999994,201,1,0.324469779929346
1,1126,315.099999999999,228,1,0.32414531014941667
1,1127,46.20000000000013,86,0,0.32382116483926726
1,1128,38.85000000000012,83,0,0.323497343674428
1,1129,46.450000000000145,81,0,0.3231738463307536
1,1130,40.35000000000015,83,0,0.32285067248442284
1,1131,41.95000000000013,81,0,0.3225278218119384
1,1132,316.6499999999991,227,1,0.3222052939901265
1,1133,130.84999999999968,193,0,0.32188308869613635
1,1134,38.65000000000015,87,0,0.3215612056074402
1,1135,34.950000000000244,131,0,0.3212396444018328
1,1136,49.30000000000014,84,0,0.32091840475743094
1,1137,40.450000000000145,81,0,0.3205974863526735
1,1138,128.04999999999984,159,0,0.32027688886632083
1,1139,44.95000000000013,81,0,0.3199566119774545
1,1140,36.35000000000018,103,0,0.31963665536547703
1,1141,301.8499999999995,193,1,0.31931701871011153
1,1142,34.900000000000276,132,0,0.3189977016914014
1,1143,49.450000000000145,81,0,0.31867870398971
1,1144,301.39999999999935,202,1,0.31836002528572027
1,1145,301.34999999999945,203,1,0.31804166526043454
1,1146,38.95000000000012,81,0,0.3177236235951741
1,1147,46.00000000000017,120,0,0.3174058999715789
1,1148,261.5499999999949,609,0,0.31708849407160733
1,1149,55.450000000000145,81,0,0.31677140557753575
1,1150,44.650000000000134,87,0,0.31645463417195824
1,1151,301.9499999999994,191,1,0.3161381795377863
1,1152,41.55000000000014,89,0,0.3158220413582485
1,1153,43.350000000000136,83,0,0.3155062193168902
1,1154,301.9499999999995,191,1,0.31519071309757335
1,1155,43.45000000000013,81,0,0.3148755223844758
1,1156,46.000000000000156,90,0,0.31456064686209134
1,1157,40.30000000000014,84,0,0.31424608621522926
1,1158,301.9999999999995,190,1,0.31393184012901404
1,1159,41.700000000000145,86,0,0.31361790828888503
1,1160,36.85000000000015,93,0,0.31330429038059615
1,1161,47.950000000000145,81,0,0.31299098609021553
1,1162,34.55000000000027,139,0,0.3126779951041253
1,1163,136.94999999999965,191,0,0.31236531710902116
1,1164,41.850000000000136,83,0,0.3120529517919121
1,1165,301.3999999999993,202,1,0.3117408988401202
1,1166,43.40000000000015,82,0,0.31142915794128007
1,1167,43.450000000000145,81,0,0.31111772878333877
1,1168,36.60000000000015,98,0,0.3108066110545554
1,1169,117.69999999999989,156,0,0.3104958044435009
1,1170,127.74999999999956,195,0,0.3101853086390574
1,1171,123.24999999999984,165,0,0.30987512333041833
1,1172,43.00000000000014,90,0,0.3095652482070879
1,1173,117.1499999999999,167,0,0.30925568295888084
1,1174,301.54999999999944,199,1,0.308946427275922
1,1175,44.80000000000014,84,0,0.30863748084864606
1,1176,301.1499999999993,207,1,0.3083288433677974
1,1177,301.6999999999993,196,1,0.30802051452442963
1,1178,44.950000000000145,81,0,0.3077124940099052
1,1179,33.45000000000033,161,0,0.3074047815158953
1,1180,117.74999999999987,155,0,0.30709737673437937
1,1181,41.950000000000145,81,0,0.30679027935764497
1,1182,29.050000000000594,249,0,0.3064834890782873
1,1183,41.75000000000013,85,0,0.306177005589209
1,1184,41.85000000000012,83,0,0.3058708285836198
1,1185,301.9499999999994,191,1,0.30556495775503617
1,1186,117.6999999999998,156,0,0.30525939279728115
1,1187,301.44999999999925,201,1,0.30495413340448385
1,1188,41.80000000000014,84,0,0.3046491792710794
1,1189,136.64999999999947,197,0,0.3043445300918083
1,1190,40.400000000000134,82,0,0.30404018556171647
1,1191,301.4999999999994,200,1,0.30373614537615473
1,1192,313.4499999999991,231,1,0.3034324092307786
1,1193,40.200000000000145,86,0,0.3031289768215478
1,1194,120.49999999999976,160,0,0.30282584784472627
1,1195,300.89999999999947,212,1,0.3025230219968815
1,1196,301.2499999999994,205,1,0.3022204989748846
1,1197,301.34999999999934,203,1,0.30191827847590974
1,1198,43.300000000000125,84,0,0.3016163601974338
1,1199,50.350000000000236,123,0,0.3013147438372364
1,1200,132.39999999999975,162,0,0.3010134290933992
1,1201,40.350000000000136,83,0,0.3007124156643058
1,1202,301.5999999999996,198,1,0.30041170324864147
1,1203,47.200000000000145,96,0,0.30011129154539284
1,1204,303.34999999999945,193,1,0.29981118025384745
1,1205,301.34999999999945,203,1,0.2995113690735936
1,1206,117.1999999999998,166,0,0.29921185770452
1,1207,46.40000000000015,82,0,0.2989126458468155
1,1208,301.79999999999933,194,1,0.2986137332009687
1,1209,301.8999999999995,192,1,0.29831511946776773
1,1210,116.99999999999973,170,0,0.29801680434829997
1,1211,46.400000000000134,82,0,0.29771878754395165
1,1212,126.54999999999977,159,0,0.29742106875640767
1,1213,136.9999999999995,190,0,0.29712364768765126
1,1214,117.54999999999971,159,0,0.2968265240399636
1,1215,35.95000000000017,111,0,0.2965296975159237
1,1216,301.8499999999994,193,1,0.29623316781840775
1,1217,43.450000000000145,81,0,0.29593693465058934
1,1218,34.700000000000244,136,0,0.29564099771593877
1,1219,36.35000000000018,103,0,0.2953453567182228
1,1220,36.55000000000015,99,0,0.2950500113615046
1,1221,43.450000000000145,81,0,0.2947549613501431
1,1222,121.99999999999979,160,0,0.294460206388793
1,1223,38.85000000000012,83,0,0.2941657461824042
1,1224,43.400000000000134,82,0,0.2938715804362218
1,1225,41.90000000000015,82,0,0.2935777088557856
1,1226,36.05000000000017,109,0,0.2932841311469298
1,1227,40.350000000000136,83,0,0.2929908470157829
1,1228,40.40000000000015,82,0,0.2926978561687671
1,1229,41.950000000000145,81,0,0.29240515831259833
1,1230,40.40000000000015,82,0,0.29211275315428575
1,1231,41.950000000000145,81,0,0.2918206404011315
1,1232,301.79999999999944,194,1,0.29152881976073036
1,1233,36.05000000000017,109,0,0.2912372909409696
1,1234,40.450000000000145,81,0,0.2909460536500286
1,1235,41.85000000000015,83,0,0.2906551075963786
1,1236,301.4999999999993,200,1,0.2903644524887822
1,1237,40.45000000000013,81,0,0.2900740880362934
1,1238,34.30000000000028,144,0,0.28978401394825715
1,1239,38.90000000000015,82,0,0.2894942299343089
1,1240,43.400000000000134,82,0,0.2892047357043746
1,1241,126.04999999999971,169,0,0.28891553096867023
1,1242,40.40000000000015,82,0,0.2886266154377016
1,1243,40.350000000000136,83,0,0.28833798882226386
1,1244,36.20000000000017,106,0,0.2880496508334416
1,1245,40.00000000000014,90,0,0.28776160118260813
1,1246,301.29999999999933,204,1,0.2874738395814255
1,1247,301.5999999999995,198,1,0.2871863657418441
1,1248,121.99999999999976,160,0,0.28689917937610226
1,1249,40.450000000000145,81,0,0.2866122801967262
1,1250,37.250000000000114,85,0,0.28632566791652947
1,1251,38.90000000000015,82,0,0.28603934224861294
1,1252,43.400000000000134,82,0,0.2857533029063643
1,1253,301.5999999999994,198,1,0.28546754960345794
1,1254,303.4999999999995,190,1,0.2851820820538545
1,1255,45.65000000000016,97,0,0.2848968999718006
1,1256,41.90000000000015,82,0,0.2846120030718288
1,1257,41.75000000000013,85,0,0.284327391068757
1,1258,38.950000000000145,81,0,0.2840430636776882
1,1259,26.600000000000705,298,0,0.28375902061401054
1,1260,41.950000000000145,81,0,0.28347526159339653
1,1261,301.7499999999995,195,1,0.28319178633180314
1,1262,41.70000000000016,86,0,0.28290859454547135
1,1263,301.5499999999994,199,1,0.28262568595092585
1,1264,123.54999999999983,159,0,0.2823430602649749
1,1265,43.400000000000134,82,0,0.28206071720470993
1,1266,44.700000000000145,86,0,0.2817786564875052
1,1267,301.59999999999934,198,1,0.28149687783101773
1,1268,41.900000000000134,82,0,0.2812153809531867
1,1269,271.0499999999965,449,0,0.28093416557223355
1,1270,301.39999999999947,202,1,0.2806532314066613
1,1271,44.850000000000136,83,0,0.2803725781752547
1,1272,46.400000000000134,82,0,0.2800922055970794
1,1273,35.95000000000019,111,0,0.2798121133914823
1,1274,35.90000000000019,112,0,0.2795323012780908
1,1275,38.90000000000015,82,0,0.2792527689768127
1,1276,46.25000000000013,85,0,0.2789735162078359
1,1277,46.30000000000011,84,0,0.2786945426916281
1,1278,301.74999999999966,195,1,0.27841584814893644
1,1279,136.8999999999994,192,0,0.2781374323007875
1,1280,36.55000000000015,99,0,0.27785929486848676
1,1281,43.35000000000015,83,0,0.27758143557361825
1,1282,43.400000000000134,82,0,0.27730385413804465
1,1283,123.34999999999978,163,0,0.2770265502839066
1,1284,38.950000000000145,81,0,0.2767495237336227
1,1285,44.950000000000145,81,0,0.2764727742098891
1,1286,40.45000000000013,81,0,0.2761963014356792
1,1287,301.34999999999934,203,1,0.27592010513424353
1,1288,34.55000000000028,139,0,0.2756441850291093
1,1289,130.89999999999947,192,0,0.2753685408440802
1,1290,31.350000000000463,203,0,0.2750931723032361
1,1291,43.25000000000014,85,0,0.27481807913093287
1,1292,44.85000000000015,83,0,0.27454326105180193
1,1293,301.29999999999944,204,1,0.2742687177907501
1,1294,46.450000000000145,81,0,0.2739944490729594
1,1295,38.950000000000145,81,0,0.27372045462388644
1,1296,40.450000000000145,81,0,0.2734467341692626
1,1297,35.5000000000002,120,0,0.27317328743509334
1,1298,301.39999999999935,202,1,0.27290011414765825
1,1299,301.14999999999947,207,1,0.2726272140335106
1,1300,41.950000000000145,81,0,0.27235458681947705
1,1301,35.30000000000021,124,0,0.2720822322326576
1,1302,41.950000000000145,81,0,0.2718101500004249
1,1303,40.25000000000013,85,0,0.27153833985042447
1,1304,40.35000000000015,83,0,0.27126680151057403
1,1305,301.69999999999953,196,1,0.27099553470906346
1,1306,123.44999999999978,161,0,0.2707245391743544
1,1307,44.900000000000134,82,0,0.27045381463518003
1,1308,40.40000000000015,82,0,0.27018336082054484
1,1309,301.6999999999995,196,1,0.2699131774597243
1,1310,47.85000000000012,83,0,0.2696432642822646
1,1311,43.350000000000136,83,0,0.26937362101798235
1,1312,41.850000000000136,83,0,0.26910424739696437
1,1313,41.950000000000145,81,0,0.2688351431495674
1,1314,301.6499999999994,197,1,0.26856630800641784
1,1315,38.800000000000125,84,0,0.2682977416984114
1,1316,43.45000000000013,81,0,0.268029443956713
1,1317,47.850000000000136,83,0,0.2677614145127563
1,1318,129.29999999999978,164,0,0.2674936530982436
1,1319,303.4999999999995,190,1,0.26722615944514533
1,1320,40.35000000000015,83,0,0.2669589332857002
1,1321,43.30000000000014,84,0,0.2666919743524145
1,1322,117.34999999999978,163,0,0.26642528237806207
1,1323,35.650000000000205,117,0,0.266158857095684
1,1324,301.4999999999995,200,1,0.2658926982385883
1,1325,301.7499999999994,195,1,0.26562680554034973
1,1326,126.44999999999955,191,0,0.26536117873480936
1,1327,47.950000000000145,81,0,0.26509581755607453
1,1328,123.1999999999998,166,0,0.26483072173851846
1,1329,43.45000000000013,81,0,0.26456589101677996
1,1330,41.900000000000134,82,0,0.2643013251257632
1,1331,44.95000000000013,81,0,0.2640370238006374
1,1332,44.90000000000015,82,0,0.2637729867768368
1,1333,123.69999999999975,156,0,0.26350921379006
1,1334,41.950000000000145,81,0,0.26324570457626995
1,1335,301.84999999999945,193,1,0.2629824588716937
1,1336,49.400000000000134,82,0,0.262719476412822
1,1337,52.40000000000015,82,0,0.2624567569364092
1,1338,43.450000000000145,81,0,0.26219430017947276
1,1339,44.950000000000145,81,0,0.2619321058792933
1,1340,46.20000000000013,86,0,0.261670173773414
1,1341,44.85000000000015,83,0,0.2614085035996406
1,1342,301.74999999999943,195,1,0.26114709509604095
1,1343,301.4499999999993,201,1,0.2608859480009449
1,1344,301.5499999999995,199,1,0.26062506205294395
1,1345,301.6999999999994,196,1,0.260364436990891
1,1346,43.450000000000145,81,0,0.2601040725539001
1,1347,38.850000000000136,83,0,0.2598439684813462
1,1348,132.39999999999947,192,0,0.2595841245128649
1,1349,301.6499999999994,197,1,0.259324540388352
1,1350,117.34999999999972,163,0,0.25906521584796366
1,1351,316.49999999999903,230,1,0.2588061506321157
1,1352,301.49999999999943,200,1,0.2585473444814836
1,1353,43.400000000000134,82,0,0.2582887971370021
1,1354,301.79999999999944,194,1,0.2580305083398651
1,1355,44.850000000000136,83,0,0.2577724778315252
1,1356,49.30000000000014,84,0,0.25751470535369364
1,1357,41.900000000000134,82,0,0.25725719064833996
1,1358,301.2999999999994,204,1,0.2569999334576916
1,1359,38.75000000000013,85,0,0.25674293352423394
1,1360,41.850000000000136,83,0,0.2564861905907097
1,1361,41.90000000000015,82,0,0.256229704400119
1,1362,301.6999999999995,196,1,0.25597347469571885
1,1363,301.6999999999994,196,1,0.25571750122102316
1,1364,124.99999999999979,160,0,0.25546178371980216
1,1365,41.75000000000013,85,0,0.25520632193608234
1,1366,36.900000000000134,92,0,0.25495111561414624
1,1367,43.450000000000145,81,0,0.2546961644985321
1,1368,127.84999999999984,163,0,0.2544414683340336
1,1369,50.650000000000134,87,0,0.25418702686569955
1,1370,38.80000000000014,84,0,0.25393283983883386
1,1371,49.000000000000156,90,0,0.25367890699899504
1,1372,44.95000000000013,81,0,0.253425228091996
1,1373,32.20000000000037,186,0,0.253171802863904
1,1374,40.45000000000013,81,0,0.2529186310610401
1,1375,301.34999999999957,203,1,0.2526657124299791
1,1376,50.850000000000136,83,0,0.2524130467175491
1,1377,128.04999999999978,159,0,0.2521606336708316
1,1378,126.59999999999978,158,0,0.25190847303716074
1,1379,301.8499999999994,193,1,0.25165656456412355
1,1380,117.44999999999983,161,0,0.25140490799955945
1,1381,301.54999999999933,199,1,0.25115350309155987
1,1382,301.4499999999994,201,1,0.2509023495884683
1,1383,301.6999999999994,196,1,0.25065144723887983
1,1384,305.09999999999945,188,1,0.25040079579164093
1,1385,50.95000000000013,81,0,0.2501503949958493
1,1386,46.30000000000015,84,0,0.24990024460085344
1,1387,301.8499999999994,193,1,0.24965034435625258
1,1388,301.6999999999994,196,1,0.24940069401189632
1,1389,301.4999999999994,200,1,0.24915129331788444
1,1390,301.49999999999943,200,1,0.24890214202456656
1,1391,35.05000000000024,129,0,0.248653239882542
1,1392,301.54999999999933,199,1,0.24840458664265946
1,1393,124.64999999999979,167,0,0.2481561820560168
1,1394,301.4999999999993,200,1,0.2479080258739608
1,1395,132.54999999999973,159,0,0.24766011784808684
1,1396,302.0999999999995,188,1,0.24741245773023876
1,1397,40.450000000000145,81,0,0.24716504527250852
1,1398,41.950000000000145,81,0,0.24691788022723601
1,1399,302.0999999999995,188,1,0.24667096234700878
1,1400,49.35000000000015,83,0,0.24642429138466176
1,1401,38.95000000000013,81,0,0.2461778670932771
1,1402,50.600000000000165,88,0,0.24593168922618383
1,1403,303.4499999999995,191,1,0.24568575753695765
1,1404,38.75000000000014,85,0,0.2454400717794207
1,1405,36.150000000000176,107,0,0.24519463170764128
1,1406,301.8499999999994,193,1,0.24494943707593364
1,1407,301.9999999999994,190,1,0.24470448763885772
1,1408,124.34999999999964,173,0,0.24445978315121886
1,1409,55.450000000000145,81,0,0.24421532336806764
1,1410,123.59999999999981,158,0,0.24397110804469957
1,1411,47.950000000000145,81,0,0.24372713693665488
1,1412,301.74999999999955,195,1,0.24348340979971822
1,1413,301.7499999999994,195,1,0.2432399263899185
1,1414,301.84999999999945,193,1,0.2429966864635286
1,1415,44.95000000000013,81,0,0.24275368977706507
1,1416,41.95000000000013,81,0,0.24251093608728802
1,1417,43.45000000000013,81,0,0.24226842515120073
1,1418,301.8499999999994,193,1,0.24202615672604952
1,1419,301.6999999999995,196,1,0.24178413056932346
1,1420,301.59999999999934,198,1,0.24154234643875414
1,1421,301.3499999999993,203,1,0.24130080409231539
1,1422,301.59999999999934,198,1,0.24105950328822306
1,1423,40.450000000000145,81,0,0.24081844378493483
1,1424,117.59999999999981,158,0,0.2405776253411499
1,1425,52.450000000000145,81,0,0.24033704771580874
1,1426,122.2999999999998,154,0,0.24009671066809293
1,1427,43.450000000000145,81,0,0.23985661395742483
1,1428,118.99999999999976,160,0,0.2396167573434674
1,1429,301.39999999999947,202,1,0.23937714058612394
1,1430,301.8999999999994,192,1,0.23913776344553783
1,1431,47.950000000000145,81,0,0.2388986256820923
1,1432,301.8499999999995,193,1,0.2386597270564102
1,1433,41.900000000000134,82,0,0.23842106732935378
1,1434,43.450000000000145,81,0,0.23818264626202443
1,1435,301.59999999999934,198,1,0.2379444636157624
1,1436,117.5499999999998,159,0,0.23770651915214663
1,1437,301.6999999999993,196,1,0.2374688126329945
1,1438,301.2499999999994,205,1,0.23723134382036148
1,1439,128.24999999999977,155,0,0.23699411247654112
1,1440,52.40000000000015,82,0,0.23675711836406457
1,1441,46.450000000000145,81,0,0.2365203612457005
1,1442,47.700000000000145,86,0,0.2362838408844548
1,1443,123.49999999999976,160,0,0.23604755704357036
1,1444,43.30000000000014,84,0,0.2358115094865268
1,1445,40.45000000000013,81,0,0.23557569797704025
1,1446,40.450000000000145,81,0,0.2353401222790632
1,1447,41.90000000000015,82,0,0.23510478215678413
1,1448,117.24999999999979,165,0,0.23486967737462733
1,1449,40.450000000000145,81,0,0.2346348076972527
1,1450,301.79999999999944,194,1,0.23440017288955545
1,1451,38.950000000000145,81,0,0.2341657727166659
1,1452,117.54999999999974,159,0,0.2339316069439492
1,1453,41.950000000000145,81,0,0.23369767533700525
1,1454,301.9499999999994,191,1,0.23346397766166824
1,1455,301.0999999999993,208,1,0.23323051368400657
1,1456,301.6999999999995,196,1,0.23299728317032256
1,1457,46.05000000000015,89,0,0.23276428588715223
1,1458,49.45000000000013,81,0,0.23253152160126508
1,1459,121.99999999999979,160,0,0.23229899007966381
1,1460,38.80000000000015,84,0,0.23206669108958414
1,1461,33.35000000000035,163,0,0.23183462439849456
1,1462,38.90000000000015,82,0,0.23160278977409607
1,1463,50.500000000000156,90,0,0.23137118698432196
1,1464,41.850000000000136,83,0,0.23113981579733764
1,1465,301.3999999999994,202,1,0.2309086759815403
1,1466,301.7999999999994,194,1,0.23067776730555875
1,1467,301.54999999999933,199,1,0.23044708953825319
1,1468,43.400000000000134,82,0,0.23021664244871493
1,1469,38.80000000000014,84,0,0.22998642580626621
1,1470,44.950000000000145,81,0,0.22975643938045995
1,1471,38.400000000000134,92,0,0.2295266829410795
1,1472,301.64999999999935,197,1,0.22929715625813843
1,1473,301.89999999999947,192,1,0.2290678591018803
1,1474,43.45000000000013,81,0,0.22883879124277842
1,1475,44.950000000000145,81,0,0.22860995245153565
1,1476,303.69999999999953,156,1,0.22838134249908412
1,1477,117.49999999999976,160,0,0.22815296115658504
1,1478,40.25000000000014,85,0,0.22792480819542846
1,1479,38.950000000000145,81,0,0.22769688338723304
1,1480,34.10000000000029,148,0,0.22746918650384582
1,1481,40.450000000000145,81,0,0.22724171731734197
1,1482,41.90000000000015,82,0,0.22701447560002463
1,1483,124.59999999999981,168,0,0.2267874611244246
1,1484,120.24999999999979,165,0,0.22656067366330018
1,1485,128.14999999999975,157,0,0.22633411298963688
1,1486,40.450000000000145,81,0,0.22610777887664724
1,1487,303.5499999999995,189,1,0.22588167109777058
1,1488,303.54999999999956,189,1,0.2256557894266728
1,1489,302.09999999999945,188,1,0.22543013363724612
1,1490,40.45000000000013,81,0,0.22520470350360888
1,1491,43.45000000000013,81,0,0.2249794988001053
1,1492,38.900000000000134,82,0,0.2247545193013052
1,1493,302.0499999999994,189,1,0.22452976478200387
1,1494,38.650000000000134,87,0,0.22430523501722185
1,1495,41.950000000000145,81,0,0.22408092978220462
1,1496,43.450000000000145,81,0,0.2238568488524224
1,1497,301.7499999999993,195,1,0.22363299200356998
1,1498,301.79999999999933,194,1,0.22340935901156642
1,1499,128.14999999999975,157,0,0.22318594965255484
1,1500,41.950000000000145,81,0,0.22296276370290227
1,1501,43.40000000000015,82,0,0.22273980093919937
1,1502,40.30000000000014,84,0,0.22251706113826017
1,1503,301.6499999999994,197,1,0.2222945440771219
1,1504,35.200000000000216,126,0,0.22207224953304477
1,1505,301.84999999999945,193,1,0.22185017728351172
1,1506,38.900000000000134,82,0,0.2216283271062282
1,1507,121.99999999999979,160,0,0.22140669877912197
1,1508,49.100000000000165,88,0,0.22118529208034285
1,1509,41.90000000000015,82,0,0.2209641067882625
1,1510,40.400000000000134,82,0,0.22074314268147424
1,1511,41.950000000000145,81,0,0.22052239953879277
1,1512,123.59999999999981,158,0,0.22030187713925398
1,1513,43.35000000000015,83,0,0.22008157526211472
1,1514,43.450000000000145,81,0,0.2198614936868526
1,1515,301.64999999999947,197,1,0.21964163219316574
1,1516,44.90000000000015,82,0,0.21942199056097256
1,1517,301.8499999999994,193,1,0.2192025685704116
1,1518,303.5999999999995,188,1,0.21898336600184118
1,1519,41.500000000000156,90,0,0.21876438263583933
1,1520,41.900000000000134,82,0,0.21854561825320348
1,1521,119.04999999999977,159,0,0.21832707263495027
1,1522,40.40000000000015,82,0,0.21810874556231533
1,1523,131.0999999999998,158,0,0.217890636816753
1,1524,119.19999999999986,156,0,0.21767274617993623
1,1525,273.6999999999971,396,0,0.2174550734337563
1,1526,128.0999999999998,158,0,0.21723761836032254
1,1527,44.950000000000145,81,0,0.21702038074196223
1,1528,303.5999999999995,158,1,0.21680336036122028
1,1529,38.95000000000013,81,0,0.21658655700085905
1,1530,46.30000000000015,84,0,0.2163699704438582
1,1531,44.950000000000145,81,0,0.21615360047341434
1,1532,41.85000000000012,83,0,0.21593744687294092
1,1533,128.14999999999975,157,0,0.21572150942606796
1,1534,123.34999999999978,163,0,0.2155057879166419
1,1535,43.25000000000014,85,0,0.21529028212872525
1,1536,38.70000000000016,86,0,0.21507499184659654
1,1537,41.950000000000145,81,0,0.21485991685474995
1,1538,46.450000000000145,81,0,0.2146450569378952
1,1539,38.95000000000013,81,0,0.21443041188095732
1,1540,41.90000000000015,82,0,0.21421598146907636
1,1541,44.950000000000145,81,0,0.21400176548760727
1,1542,43.35000000000012,83,0,0.21378776372211966
1,1543,36.400000000000176,102,0,0.21357397595839755
1,1544,44.950000000000145,81,0,0.21336040198243916
1,1545,44.95000000000013,81,0,0.21314704158045672
1,1546,47.95000000000013,81,0,0.21293389453887626
1,1547,41.650000000000134,87,0,0.21272096064433738
1,1548,43.350000000000136,83,0,0.21250823968369303
1,1549,38.90000000000015,82,0,0.21229573144400934
1,1550,43.450000000000145,81,0,0.21208343571256533
1,1551,47.950000000000145,81,0,0.21187135227685275
1,1552,117.69999999999978,156,0,0.2116594809245759
1,1553,53.950000000000145,81,0,0.21144782144365132
1,1554,40.350000000000136,83,0,0.21123637362220768
1,1555,120.5499999999998,159,0,0.21102513724858546
1,1556,40.450000000000145,81,0,0.21081411211133688
1,1557,301.84999999999934,193,1,0.21060329799922556
1,1558,41.80000000000014,84,0,0.21039269470122635
1,1559,117.6999999999998,156,0,0.21018230200652513
1,1560,41.80000000000015,84,0,0.2099721197045186
1,1561,41.85000000000015,83,0,0.20976214758481407
1,1562,44.900000000000134,82,0,0.20955238543722926
1,1563,41.95000000000013,81,0,0.20934283305179202
1,1564,41.95000000000013,81,0,0.20913349021874023
1,1565,41.950000000000145,81,0,0.2089243567285215
1,1566,302.09999999999945,188,1,0.20871543237179296
1,1567,40.40000000000015,82,0,0.20850671693942116
1,1568,46.40000000000015,82,0,0.20829821022248174
1,1569,49.350000000000136,83,0,0.20808991201225926
1,1570,44.95000000000013,81,0,0.207881822100247
1,1571,49.450000000000145,81,0,0.20767394027814676
1,1572,47.80000000000014,84,0,0.2074662663378686
1,1573,129.5999999999998,158,0,0.20725880007153075
1,1574,120.49999999999979,160,0,0.20705154127145922
1,1575,49.450000000000145,81,0,0.20684448973018776
1,1576,44.650000000000134,87,0,0.20663764524045758
1,1577,301.79999999999944,194,1,0.20643100759521713
1,1578,40.400000000000134,82,0,0.20622457658762192
1,1579,38.950000000000145,81,0,0.2060183520110343
1,1580,38.95000000000013,81,0,0.20581233365902327
1,1581,41.900000000000134,82,0,0.20560652132536425
1,1582,35.300000000000225,124,0,0.20540091480403888
1,1583,41.950000000000145,81,0,0.20519551388923485
1,1584,122.09999999999978,158,0,0.20499031837534562
1,1585,41.85000000000015,83,0,0.20478532805697028
1,1586,301.9999999999994,190,1,0.2045805427289133
1,1587,301.7499999999995,195,1,0.20437596218618437
1,1588,40.450000000000145,81,0,0.2041715862239982
1,1589,40.350000000000136,83,0,0.2039674146377742
1,1590,44.90000000000015,82,0,0.20376344722313644
1,1591,44.95000000000013,81,0,0.2035596837759133
1,1592,44.900000000000134,82,0,0.20335612409213738
1,1593,43.450000000000145,81,0,0.20315276796804524
1,1594,126.74999999999982,155,0,0.2029496152000772
1,1595,132.49999999999977,160,0,0.20274666558487714
1,1596,40.350000000000136,83,0,0.20254391891929227
1,1597,41.70000000000013,86,0,0.20234137500037297
1,1598,43.150000000000134,87,0,0.20213903362537258
1,1599,43.40000000000015,82,0,0.2019368945917472
1,1600,40.25000000000014,85,0,0.20173495769715546
1,1601,44.950000000000145,81,0,0.2015332227394583
1,1602,301.84999999999945,193,1,0.20133168951671884
1,1603,38.950000000000145,81,0,0.20113035782720212
1,1604,123.64999999999979,157,0,0.20092922746937492
1,1605,33.7000000000003,156,0,0.20072829824190555
1,1606,120.59999999999978,158,0,0.20052756994366364
1,1607,43.45000000000013,81,0,0.20032704237371998
1,1608,125.14999999999976,157,0,0.20012671533134627
1,1609,301.7999999999994,194,1,0.19992658861601492
1,1610,126.49999999999979,160,0,0.19972666202739892
1,1611,43.25000000000013,85,0,0.19952693536537153
1,1612,128.14999999999975,157,0,0.19932740843000615
1,1613,40.450000000000145,81,0,0.19912808102157614
1,1614,44.90000000000015,82,0,0.19892895294055457
1,1615,41.950000000000145,81,0,0.19873002398761402
1,1616,44.950000000000145,81,0,0.1985312939636264
1,1617,41.90000000000015,82,0,0.19833276266966277
1,1618,301.89999999999935,192,1,0.1981344299069931
1,1619,301.9499999999994,191,1,0.1979362954770861
1,1620,43.450000000000145,81,0,0.197738359181609
1,1621,38.950000000000145,81,0,0.1975406208224274
1,1622,44.95000000000013,81,0,0.197343080201605
1,1623,46.400000000000134,82,0,0.19714573712140337
1,1624,40.450000000000145,81,0,0.19694859138428197
1,1625,43.450000000000145,81,0,0.1967516427928977
1,1626,43.40000000000015,82,0,0.1965548911501048
1,1627,41.950000000000145,81,0,0.19635833625895469
1,1628,40.40000000000015,82,0,0.19616197792269574
1,1629,55.35000000000015,83,0,0.19596581594477305
1,1630,44.950000000000145,81,0,0.19576985012882828
1,1631,38.85000000000015,83,0,0.19557408027869944
1,1632,120.69999999999986,156,0,0.19537850619842073
1,1633,129.59999999999974,158,0,0.19518312769222232
1,1634,38.950000000000145,81,0,0.19498794456453009
1,1635,117.34999999999981,163,0,0.19479295661996557
1,1636,301.9499999999994,191,1,0.1945981636633456
1,1637,118.99999999999982,160,0,0.19440356549968224
1,1638,301.6999999999993,196,1,0.19420916193418256
1,1639,38.950000000000145,81,0,0.19401495277224837
1,1640,38.900000000000134,82,0,0.19382093781947612
1,1641,120.74999999999982,155,0,0.19362711688165665
1,1642,129.79999999999978,154,0,0.193433489764775
1,1643,40.400000000000134,82,0,0.19324005627501023
1,1644,38.950000000000145,81,0,0.1930468162187352
1,1645,43.45000000000013,81,0,0.19285376940251647
1,1646,47.90000000000015,82,0,0.19266091563311397
1,1647,41.950000000000145,81,0,0.19246825471748086
1,1648,44.950000000000145,81,0,0.1922757864627634
1,1649,43.450000000000145,81,0,0.1920835106763006
1,1650,43.450000000000145,81,0,0.19189142716562432
1,1651,117.64999999999982,157,0,0.1916995357384587
1,1652,40.35000000000015,83,0,0.19150783620272022
1,1653,134.1499999999998,157,0,0.1913163283665175
1,1654,119.19999999999983,156,0,0.19112501203815097
1,1655,41.950000000000145,81,0,0.1909338870261128
1,1656,43.450000000000145,81,0,0.19074295313908668
1,1657,46.450000000000145,81,0,0.1905522101859476
1,1658,40.45000000000013,81,0,0.19036165797576166
1,1659,41.950000000000145,81,0,0.1901712963177859
1,1660,40.30000000000014,84,0,0.1899811250214681
1,1661,40.150000000000134,87,0,0.18979114389644663
1,1662,35.25000000000023,125,0,0.1896013527525502
1,1663,120.84999999999987,153,0,0.18941175139979763
1,1664,301.7999999999994,194,1,0.18922233964839782
1,1665,38.950000000000145,81,0,0.18903311730874942
1,1666,44.900000000000134,82,0,0.18884408419144066
1,1667,44.90000000000015,82,0,0.1886552401072492
1,1668,46.400000000000134,82,0,0.18846658486714196
1,1669,44.80000000000014,84,0,0.1882781182822748
1,1670,126.64999999999979,157,0,0.18808984016399252
1,1671,52.450000000000145,81,0,0.18790175032382853
1,1672,125.09999999999978,158,0,0.1877138485735047
1,1673,44.95000000000013,81,0,0.1875261347249312
1,1674,47.950000000000145,81,0,0.1873386085902063
1,1675,46.45000000000013,81,0,0.18715126998161608
1,1676,43.450000000000145,81,0,0.18696411871163446
1,1677,117.84999999999978,153,0,0.18677715459292282
1,1678,40.45000000000013,81,0,0.1865903774383299
1,1679,40.40000000000015,82,0,0.18640378706089158
1,1680,41.950000000000145,81,0,0.1862173832738307
1,1681,122.24999999999979,155,0,0.18603116589055688
1,1682,44.950000000000145,81,0,0.18584513472466632
1,1683,135.74999999999977,155,0,0.18565928958994166
1,1684,41.950000000000145,81,0,0.18547363030035172
1,1685,41.950000000000145,81,0,0.18528815667005136
1,1686,124.9499999999998,161,0,0.1851028685133813
1,1687,126.54999999999977,159,0,0.18491776564486792
1,1688,40.45000000000013,81,0,0.18473284787922306
1,1689,40.450000000000145,81,0,0.18454811503134383
1,1690,41.900000000000134,82,0,0.18436356691631248
1,1691,122.0499999999998,159,0,0.18417920334939616
1,1692,40.350000000000136,83,0,0.18399502414604677
1,1693,119.34999999999978,153,0,0.18381102912190073
1,1694,41.900000000000134,82,0,0.18362721809277882
1,1695,38.950000000000145,81,0,0.18344359087468604
1,1696,44.950000000000145,81,0,0.18326014728381135
1,1697,43.450000000000145,81,0,0.18307688713652753
1,1698,38.80000000000014,84,0,0.182893810249391
1,1699,119.0499999999998,159,0,0.1827109164391416
1,1700,117.64999999999982,157,0,0.18252820552270246
1,1701,43.45000000000013,81,0,0.18234567731717977
1,1702,43.400000000000134,82,0,0.1821633316398626
1,1703,43.45000000000013,81,0,0.18198116830822272
1,1704,43.25000000000013,85,0,0.1817991871399145
1,1705,36.20000000000016,106,0,0.18161738795277457
1,1706,43.45000000000013,81,0,0.1814357705648218
1,1707,40.450000000000145,81,0,0.18125433479425698
1,1708,301.84999999999957,193,1,0.18107308045946272
1,1709,122.0499999999998,159,0,0.18089200737900324
1,1710,41.900000000000134,82,0,0.18071111537162424
1,1711,43.400000000000134,82,0,0.1805304042562526
1,1712,43.25000000000013,85,0,0.18034987385199636
1,1713,47.950000000000145,81,0,0.18016952397814437
1,1714,129.49999999999977,160,0,0.17998935445416622
1,1715,43.400000000000134,82,0,0.17980936509971204
1,1716,41.950000000000145,81,0,0.17962955573461234
1,1717,50.85000000000015,83,0,0.17944992617887773
1,1718,41.900000000000134,82,0,0.17927047625269885
1,1719,46.450000000000145,81,0,0.17909120577644616
1,1720,123.59999999999978,158,0,0.17891211457066972
1,1721,41.95000000000013,81,0,0.17873320245609906
1,1722,47.90000000000015,82,0,0.17855446925364296
1,1723,49.35000000000015,83,0,0.17837591478438933
1,1724,44.85000000000015,83,0,0.17819753886960493
1,1725,44.950000000000145,81,0,0.17801934133073533
1,1726,120.44999999999978,161,0,0.17784132198940458
1,1727,38.950000000000145,81,0,0.1776634806674152
1,1728,47.950000000000145,81,0,0.17748581718674777
1,1729,47.950000000000145,81,0,0.17730833136956103
1,1730,40.450000000000145,81,0,0.17713102303819148
1,1731,38.950000000000145,81,0,0.1769538920151533
1,1732,40.25000000000014,85,0,0.17677693812313813
1,1733,38.75000000000014,85,0,0.17660016118501498
1,1734,120.8499999999999,153,0,0.17642356102382997
1,1735,40.40000000000015,82,0,0.17624713746280615
1,1736,44.950000000000145,81,0,0.17607089032534334
1,1737,301.9499999999994,191,1,0.175894819435018
1,1738,41.95000000000013,81,0,0.17571892461558297
1,1739,120.79999999999977,154,0,0.1755432056909674
1,1740,303.4499999999994,161,1,0.17536766248527644
1,1741,301.5999999999994,198,1,0.17519229482279117
1,1742,129.44999999999976,161,0,0.17501710252796837
1,1743,56.950000000000145,81,0,0.1748420854254404
1,1744,46.450000000000145,81,0,0.17466724334001496
1,1745,41.950000000000145,81,0,0.17449257609667496
1,1746,301.8499999999995,193,1,0.1743180835205783
1,1747,41.950000000000145,81,0,0.1741437654370577
1,1748,38.850000000000136,83,0,0.17396962167162064
1,1749,123.59999999999978,158,0,0.173795652049949
1,1750,58.450000000000145,81,0,0.17362185639789907
1,1751,41.950000000000145,81,0,0.17344823454150116
1,1752,43.450000000000145,81,0,0.17327478630695967
1,1753,49.450000000000145,81,0,0.1731015115206527
1,1754,38.950000000000145,81,0,0.17292841000913206
1,1755,47.950000000000145,81,0,0.17275548159912293
1,1756,44.950000000000145,81,0,0.17258272611752382
1,1757,53.85000000000015,83,0,0.17241014339140628
1,1758,47.80000000000015,84,0,0.1722377332480149
1,1759,41.95000000000013,81,0,0.17206549551476688
1,1760,55.450000000000145,81,0,0.1718934300192521
1,1761,41.95000000000013,81,0,0.17172153658923286
1,1762,50.950000000000145,81,0,0.17154981505264363
1,1763,47.90000000000015,82,0,0.17137826523759098
1,1764,52.30000000000014,84,0,0.1712068869723534
1,1765,43.350000000000136,83,0,0.17103568008538103
1,1766,46.30000000000015,84,0,0.17086464440529564
1,1767,52.450000000000145,81,0,0.17069377976089034
1,1768,56.90000000000015,82,0,0.17052308598112945
1,1769,52.350000000000136,83,0,0.17035256289514833
1,1770,50.90000000000015,82,0,0.17018221033225317
1,1771,46.450000000000145,81,0,0.17001202812192093
1,1772,49.15000000000016,87,0,0.169842016093799
1,1773,58.200000000000145,86,0,0.1696721740777052
1,1774,50.450000000000145,91,0,0.1695025019036275
1,1775,49.40000000000015,82,0,0.1693329994017239
1,1776,52.40000000000015,82,0,0.16916366640232217
1,1777,55.450000000000145,81,0,0.16899450273591984
1,1778,56.55000000000015,89,0,0.16882550823318393
1,1779,53.80000000000015,84,0,0.16865668272495074
1,1780,52.30000000000015,84,0,0.1684880260422258
1,1781,47.90000000000015,82,0,0.16831953801618357
1,1782,53.40000000000015,92,0,0.16815121847816739
1,1783,47.90000000000015,82,0,0.16798306725968923
1,1784,47.90000000000015,82,0,0.16781508419242955
1,1785,52.40000000000015,82,0,0.16764726910823713
1,1786,43.450000000000145,81,0,0.1674796218391289
1,1787,53.85000000000015,83,0,0.16731214221728977
1,1788,52.30000000000015,84,0,0.16714483007507247
1,1789,50.750000000000156,85,0,0.1669776852449974
1,1790,126.64999999999976,157,0,0.1668107075597524
1,1791,127.7999999999998,164,0,0.16664389685219266
1,1792,41.35000000000015,93,0,0.16647725295534047
1,1793,49.35000000000015,83,0,0.16631077570238512
1,1794,53.80000000000015,84,0,0.16614446492668272
1,1795,44.70000000000016,86,0,0.16597832046175603
1,1796,50.80000000000015,84,0,0.16581234214129428
1,1797,301.44999999999936,201,1,0.16564652979915298
1,1798,49.15000000000016,87,0,0.16548088326935384
1,1799,302.9999999999995,170,1,0.1653154023860845
1,1800,49.25000000000014,85,0,0.1651500869836984
1,1801,50.950000000000145,81,0,0.1649849368967147
1,1802,55.35000000000015,83,0,0.164819951959818
1,1803,46.450000000000145,81,0,0.16465513200785817
1,1804,52.20000000000016,86,0,0.1644904768758503
1,1805,44.950000000000145,81,0,0.16432598639897444
1,1806,48.95000000000017,91,0,0.16416166041257546
1,1807,53.60000000000015,88,0,0.16399749875216288
1,1808,43.40000000000015,82,0,0.16383350125341073
1,1809,49.000000000000156,90,0,0.16366966775215733
1,1810,52.20000000000016,86,0,0.16350599808440516
1,1811,46.450000000000145,81,0,0.16334249208632076
1,1812,125.19999999999978,156,0,0.16317914959423443
1,1813,304.09999999999934,178,1,0.1630159704446402
1,1814,44.90000000000015,82,0,0.16285295447419557
1,1815,302.94999999999936,171,1,0.16269010151972138
1,1816,46.20000000000016,86,0,0.16252741141820165
1,1817,40.40000000000015,82,0,0.16236488400678345
1,1818,58.35000000000015,83,0,0.16220251912277667
1,1819,40.30000000000015,84,0,0.1620403166036539
1,1820,53.950000000000145,81,0,0.16187827628705023
1,1821,43.450000000000145,81,0,0.16171639801076318
1,1822,55.30000000000015,84,0,0.1615546816127524
1,1823,50.90000000000015,82,0,0.16139312693113966
1,1824,58.450000000000145,81,0,0.16123173380420852
1,1825,303.4999999999995,160,1,0.16107050207040433
1,1826,55.30000000000015,84,0,0.16090943156833393
1,1827,50.950000000000145,81,0,0.1607485221367656
1,1828,49.25000000000014,85,0,0.16058777361462884
1,1829,123.69999999999975,156,0,0.1604271858410142
1,1830,47.65000000000015,87,0,0.16026675865517317
1,1831,47.65000000000016,87,0,0.160106491896518
1,1832,56.750000000000156,85,0,0.15994638540462147
1,1833,46.40000000000015,82,0,0.15978643901921685
1,1834,50.80000000000015,84,0,0.15962665258019765
1,1835,52.000000000000156,90,0,0.15946702592761744
1,1836,301.39999999999935,202,1,0.15930755890168982
1,1837,52.35000000000015,83,0,0.15914825134278812
1,1838,50.65000000000015,87,0,0.15898910309144534
1,1839,47.90000000000015,82,0,0.1588301139883539
1,1840,47.80000000000014,84,0,0.15867128387436555
1,1841,44.950000000000145,81,0,0.15851261259049118
1,1842,53.90000000000015,82,0,0.1583540999779007
1,1843,49.40000000000015,82,0,0.1581957458779228
1,1844,49.40000000000015,82,0,0.15803755013204487
1,1845,47.55000000000015,89,0,0.15787951258191282
1,1846,58.15000000000015,87,0,0.1577216330693309
1,1847,50.750000000000156,85,0,0.15756391143626158
1,1848,50.90000000000015,82,0,0.15740634752482532
1,1849,52.20000000000016,86,0,0.1572489411773005
1,1850,46.35000000000015,83,0,0.1570916922361232
1,1851,49.40000000000015,82,0,0.15693460054388708
1,1852,55.30000000000015,84,0,0.1567776659433432
1,1853,50.950000000000145,81,0,0.15662088827739984
1,1854,49.40000000000015,82,0,0.15646426738912245
1,1855,44.85000000000015,83,0,0.1563078031217333
1,1856,40.35000000000015,83,0,0.15615149531861158
1,1857,52.250000000000156,85,0,0.15599534382329297
1,1858,50.90000000000015,82,0,0.15583934847946967
1,1859,303.2499999999995,165,1,0.15568350913099022
1,1860,38.85000000000015,83,0,0.15552782562185924
1,1861,44.95000000000013,81,0,0.15537229779623737
1,1862,44.95000000000013,81,0,0.15521692549844113
1,1863,55.40000000000015,82,0,0.15506170857294269
1,1864,53.700000000000145,86,0,0.15490664686436975
1,1865,53.90000000000015,82,0,0.15475174021750537
1,1866,53.85000000000015,83,0,0.15459698847728787
1,1867,47.850000000000136,83,0,0.1544423914888106
1,1868,40.450000000000145,81,0,0.15428794909732177
1,1869,303.79999999999956,154,1,0.15413366114822444
1,1870,303.64999999999947,157,1,0.15397952748707622
1,1871,50.80000000000015,84,0,0.15382554795958914
1,1872,58.450000000000145,81,0,0.15367172241162955
1,1873,58.15000000000015,87,0,0.15351805068921792
1,1874,46.000000000000156,90,0,0.1533645326385287
1,1875,56.85000000000015,83,0,0.15321116810589017
1,1876,301.84999999999945,193,1,0.1530579569377843
1,1877,53.75000000000014,85,0,0.1529048989808465
1,1878,46.450000000000145,81,0,0.15275199408186566
1,1879,52.450000000000145,81,0,0.15259924208778378
1,1880,52.35000000000015,83,0,0.15244664284569598
1,1881,52.450000000000145,81,0,0.15229419620285028
1,1882,52.40000000000015,82,0,0.15214190200664743
1,1883,53.85000000000015,83,0,0.15198976010464077
1,1884,52.05000000000015,89,0,0.15183777034453613
1,1885,49.25000000000014,85,0,0.1516859325741916
1,1886,52.30000000000014,84,0,0.1515342466416174
1,1887,47.950000000000145,81,0,0.1513827123949758
1,1888,50.65000000000015,87,0,0.15123132968258082
1,1889,53.950000000000145,81,0,0.15108009835289823
1,1890,47.50000000000017,90,0,0.15092901825454533
1,1891,50.700000000000145,86,0,0.15077808923629077
1,1892,58.450000000000145,81,0,0.15062731114705447
1,1893,55.10000000000015,88,0,0.1504766838359074
1,1894,49.30000000000015,84,0,0.15032620715207148
1,1895,53.950000000000145,81,0,0.1501758809449194
1,1896,52.30000000000015,84,0,0.15002570506397447
1,1897,52.05000000000015,89,0,0.1498756793589105
1,1898,50.80000000000015,84,0,0.14972580367955157
1,1899,303.94999999999953,151,1,0.14957607787587202
1,1900,56.80000000000014,84,0,0.14942650179799613
1,1901,52.450000000000145,81,0,0.14927707529619813
1,1902,301.7499999999994,195,1,0.14912779822090194
1,1903,49.450000000000145,81,0,0.14897867042268104
1,1904,52.10000000000015,88,0,0.14882969175225835
1,1905,55.450000000000145,81,0,0.1486808620605061
1,1906,49.25000000000014,85,0,0.14853218119844558
1,1907,49.35000000000015,83,0,0.14838364901724713
1,1908,47.85000000000015,83,0,0.14823526536822987
1,1909,50.90000000000015,82,0,0.14808703010286164
1,1910,38.90000000000015,82,0,0.1479389430727588
1,1911,52.450000000000145,81,0,0.14779100412968604
1,1912,49.450000000000145,81,0,0.14764321312555637
1,1913,52.400000000000134,82,0,0.14749556991243082
1,1914,118.64999999999968,137,0,0.1473480743425184
1,1915,50.80000000000015,84,0,0.14720072626817587
1,1916,303.4999999999995,160,1,0.1470535255419077
1,1917,53.60000000000015,88,0,0.1469064720163658
1,1918,40.450000000000145,81,0,0.14675956554434944
1,1919,52.30000000000015,84,0,0.14661280597880508
1,1920,303.7999999999995,154,1,0.14646619317282628
1,1921,53.75000000000014,85,0,0.14631972697965345
1,1922,58.450000000000145,81,0,0.1461734072526738
1,1923,303.79999999999956,154,1,0.14602723384542113
1,1924,55.10000000000015,88,0,0.14588120661157572
1,1925,303.3499999999995,163,1,0.14573532540496414
1,1926,55.450000000000145,81,0,0.14558959007955918
1,1927,303.64999999999947,157,1,0.1454440004894796
1,1928,49.450000000000145,81,0,0.14529855648899012
1,1929,50.85000000000015,83,0,0.14515325793250114
1,1930,129.54999999999978,159,0,0.14500810467456865
1,1931,58.450000000000145,81,0,0.14486309656989407
1,1932,46.20000000000016,86,0,0.1447182334733242
1,1933,52.25000000000014,85,0,0.14457351523985087
1,1934,46.40000000000015,82,0,0.14442894172461102
1,1935,58.450000000000145,81,0,0.1442845127828864
1,1936,56.950000000000145,81,0,0.1441402282701035
1,1937,52.05000000000015,89,0,0.1439960880418334
1,1938,127.89999999999979,162,0,0.14385209195379156
1,1939,52.450000000000145,81,0,0.14370823986183776
1,1940,53.55000000000015,89,0,0.1435645316219759
1,1941,52.40000000000015,82,0,0.14342096709035393
1,1942,52.40000000000015,82,0,0.14327754612326357
1,1943,55.25000000000014,85,0,0.14313426857714032
1,1944,56.90000000000015,82,0,0.14299113430856317
1,1945,58.450000000000145,81,0,0.1428481431742546
1,1946,49.35000000000015,83,0,0.14270529503108034
1,1947,50.80000000000014,84,0,0.14256258973604927
1,1948,52.450000000000145,81,0,0.14242002714631322
1,1949,55.35000000000015,83,0,0.1422776071191669
1,1950,38.950000000000145,81,0,0.14213532951204774
1,1951,52.450000000000145,81,0,0.1419931941825357
1,1952,52.450000000000145,81,0,0.14185120098835316
1,1953,49.30000000000015,84,0,0.1417093497873648
1,1954,49.40000000000015,82,0,0.14156764043757744
1,1955,52.40000000000015,82,0,0.14142607279713987
1,1956,52.40000000000015,82,0,0.14128464672434274
1,1957,46.200000000000145,86,0,0.1411433620776184
1,1958,53.80000000000014,84,0,0.14100221871554078
1,1959,305.3999999999996,152,1,0.14086121649682523
1,1960,50.80000000000015,84,0,0.14072035528032842
1,1961,52.25000000000014,85,0,0.1405796349250481
1,1962,47.85000000000015,83,0,0.14043905529012304
1,1963,50.85000000000015,83,0,0.14029861623483292
1,1964,46.400000000000134,82,0,0.1401583176185981
1,1965,46.150000000000134,87,0,0.1400181593009795
1,1966,49.450000000000145,81,0,0.1398781411416785
1,1967,53.90000000000015,82,0,0.13973826300053682
1,1968,49.450000000000145,81,0,0.13959852473753628
1,1969,53.850000000000136,83,0,0.13945892621279873
1,1970,47.90000000000015,82,0,0.13931946728658592
1,1971,123.59999999999978,158,0,0.13918014781929933
1,1972,47.950000000000145,81,0,0.13904096767148003
1,1973,50.700000000000145,86,0,0.13890192670380855
1,1974,303.49999999999955,160,1,0.13876302477710473
1,1975,49.350000000000136,83,0,0.13862426175232762
1,1976,50.950000000000145,81,0,0.1384856374905753
1,1977,47.70000000000016,86,0,0.13834715185308472
1,1978,303.8499999999995,153,1,0.13820880470123162
1,1979,123.64999999999979,157,0,0.1380705958965304
1,1980,47.70000000000016,86,0,0.13793252530063388
1,1981,52.450000000000145,81,0,0.13779459277533324
1,1982,53.950000000000145,81,0,0.1376567981825579
1,1983,50.90000000000015,82,0,0.13751914138437535
1,1984,55.35000000000015,83,0,0.13738162224299097
1,1985,58.250000000000156,85,0,0.13724424062074797
1,1986,49.450000000000145,81,0,0.13710699638012722
1,1987,52.40000000000015,82,0,0.1369698893837471
1,1988,50.950000000000145,81,0,0.13683291949436335
1,1989,50.85000000000015,83,0,0.13669608657486898
1,1990,47.90000000000015,82,0,0.1365593904882941
1,1991,46.30000000000015,84,0,0.1364228310978058
1,1992,52.40000000000015,82,0,0.13628640826670801
1,1993,52.400000000000134,82,0,0.1361501218584413
1,1994,53.85000000000015,83,0,0.13601397173658286
1,1995,52.40000000000015,82,0,0.1358779577648463
1,1996,50.85000000000015,83,0,0.13574207980708144
1,1997,49.450000000000145,81,0,0.13560633772727437
1,1998,53.950000000000145,81,0,0.1354707313895471
1,1999,50.90000000000015,82,0,0.13533526065815754
1,2000,49.25000000000014,85,0,0.1351999253974994
1,2001,47.950000000000145,81,0,0.13506472547210188
1,2002,58.35000000000015,83,0,0.1349296607466298
1,2003,49.250000000000156,85,0,0.13479473108588316
1,2004,58.40000000000015,82,0,0.13465993635479728
1,2005,55.35000000000015,83,0,0.13452527641844247
1,2006,47.90000000000015,82,0,0.13439075114202403
1,2007,43.30000000000015,84,0,0.134256360390882
1,2008,50.900000000000134,82,0,0.13412210403049113
1,2009,49.40000000000015,82,0,0.13398798192646064
1,2010,52.450000000000145,81,0,0.13385399394453418
1,2011,58.35000000000015,83,0,0.13372013995058965
1,2012,52.450000000000145,81,0,0.13358641981063907
1,2013,49.000000000000156,90,0,0.13345283339082842
1,2014,56.75000000000014,85,0,0.13331938055743758
1,2015,301.94999999999953,191,1,0.13318606117688014
1,2016,50.80000000000015,84,0,0.13305287511570327
1,2017,52.35000000000015,83,0,0.13291982224058757
1,2018,47.90000000000015,82,0,0.13278690241834698
1,2019,49.450000000000145,81,0,0.13265411551592862
1,2020,55.450000000000145,81,0,0.13252146140041268
1,2021,53.90000000000015,82,0,0.13238893993901227
1,2022,46.350000000000136,83,0,0.13225655099907327
1,2023,52.40000000000015,82,0,0.1321242944480742
1,2024,49.35000000000015,83,0,0.13199217015362613
1,2025,49.35000000000015,83,0,0.1318601779834725
1,2026,303.74999999999955,155,1,0.13172831780548902
1,2027,46.45000000000013,81,0,0.13159658948768352
1,2028,46.15000000000015,87,0,0.13146499289819583
1,2029,56.750000000000156,85,0,0.13133352790529762
1,2030,49.35000000000015,83,0,0.13120219437739233
1,2031,52.450000000000145,81,0,0.13107099218301493
1,2032,46.40000000000015,82,0,0.13093992119083192
1,2033,49.250000000000156,85,0,0.13080898126964108
1,2034,303.9499999999996,151,1,0.13067817228837145
1,2035,52.450000000000145,81,0,0.13054749411608307
1,2036,53.80000000000015,84,0,0.13041694662196698
1,2037,303.04999999999944,169,1,0.13028652967534501
1,2038,303.94999999999953,151,1,0.13015624314566968
1,2039,58.450000000000145,81,0,0.130026086902524
1,2040,47.65000000000015,87,0,0.1298960608156215
1,2041,303.79999999999956,154,1,0.12976616475480587
1,2042,58.30000000000014,84,0,0.12963639859005108
1,2043,58.35000000000015,83,0,0.12950676219146104
1,2044,56.900000000000134,82,0,0.1293772554292696
1,2045,47.60000000000015,88,0,0.1292478781738403
1,2046,50.75000000000014,85,0,0.12911863029566648
1,2047,40.45000000000013,81,0,0.12898951166537082
1,2048,53.85000000000015,83,0,0.12886052215370544
1,2049,55.250000000000156,85,0,0.12873166163155172
1,2050,52.40000000000015,82,0,0.12860292996992018
1,2051,47.80000000000014,84,0,0.12847432703995026
1,2052,53.950000000000145,81,0,0.12834585271291032
1,2053,44.85000000000015,83,0,0.12821750686019742
1,2054,55.450000000000145,81,0,0.12808928935333722
1,2055,50.950000000000145,81,0,0.12796120006398387
1,2056,55.450000000000145,81,0,0.1278332388639199
1,2057,52.200000000000145,86,0,0.12770540562505597
1,2058,55.200000000000145,86,0,0.1275777002194309
1,2059,55.450000000000145,81,0,0.12745012251921148
1,2060,41.80000000000015,84,0,0.12732267239669226
1,2061,52.30000000000015,84,0,0.12719534972429558
1,2062,302.04999999999944,189,1,0.12706815437457128
1,2063,52.35000000000015,83,0,0.1269410862201967
1,2064,46.35000000000015,83,0,0.1268141451339765
1,2065,52.20000000000016,86,0,0.12668733098884255
1,2066,52.40000000000015,82,0,0.12656064365785372
1,2067,58.200000000000145,86,0,0.12643408301419587
1,2068,43.450000000000145,81,0,0.12630764893118168
1,2069,47.950000000000145,81,0,0.1261813412822505
1,2070,50.85000000000015,83,0,0.12605515994096825
1,2071,53.85000000000015,83,0,0.12592910478102728
1,2072,47.75000000000014,85,0,0.12580317567624627
1,2073,50.80000000000015,84,0,0.12567737250057
1,2074,53.950000000000145,81,0,0.12555169512806943
1,2075,49.05000000000017,89,0,0.12542614343294137
1,2076,52.250000000000156,85,0,0.12530071728950842
1,2077,44.950000000000145,81,0,0.12517541657221892
1,2078,47.85000000000015,83,0,0.1250502411556467
1,2079,40.450000000000145,81,0,0.12492519091449104
1,2080,40.40000000000015,82,0,0.12480026572357655
1,2081,47.85000000000015,83,0,0.12467546545785298
1,2082,49.35000000000015,83,0,0.12455078999239512
1,2083,49.450000000000145,81,0,0.12442623920240273
1,2084,44.65000000000015,87,0,0.12430181296320032
1,2085,40.450000000000145,81,0,0.12417751115023712
1,2086,44.950000000000145,81,0,0.12405333363908688
1,2087,47.950000000000145,81,0,0.1239292803054478
1,2088,47.85000000000015,83,0,0.12380535102514234
1,2089,46.450000000000145,81,0,0.1236815456741172
1,2090,117.49999999999984,160,0,0.12355786412844308
1,2091,46.35000000000015,83,0,0.12343430626431463
1,2092,49.450000000000145,81,0,0.12331087195805032
1,2093,41.950000000000145,81,0,0.12318756108609227
1,2094,38.950000000000145,81,0,0.12306437352500618
1,2095,40.40000000000015,82,0,0.12294130915148117
1,2096,47.850000000000136,83,0,0.12281836784232969
1,2097,47.950000000000145,81,0,0.12269554947448735
1,2098,40.250000000000156,85,0,0.12257285392501287
1,2099,46.40000000000015,82,0,0.12245028107108785
1,2100,47.950000000000145,81,0,0.12232783079001676
1,2101,46.35000000000015,83,0,0.12220550295922675
1,2102,50.950000000000145,81,0,0.12208329745626752
1,2103,43.450000000000145,81,0,0.12196121415881125
1,2104,41.950000000000145,81,0,0.12183925294465245
1,2105,44.85000000000015,83,0,0.1217174136917078
1,2106,47.70000000000016,86,0,0.12159569627801609
1,2107,44.950000000000145,81,0,0.12147410058173808
1,2108,50.950000000000145,81,0,0.12135262648115634
1,2109,47.85000000000015,83,0,0.12123127385467519
1,2110,126.69999999999978,156,0,0.12111004258082052
1,2111,43.30000000000014,84,0,0.1209889325382397
1,2112,41.90000000000015,82,0,0.12086794360570145
1,2113,44.950000000000145,81,0,0.12074707566209575
1,2114,55.30000000000015,84,0,0.12062632858643366
1,2115,40.25000000000014,85,0,0.12050570225784722
1,2116,58.450000000000145,81,0,0.12038519655558938
1,2117,40.25000000000014,85,0,0.12026481135903379
1,2118,47.45000000000016,91,0,0.12014454654767476
1,2119,43.15000000000015,87,0,0.12002440200112709
1,2120,58.450000000000145,81,0,0.11990437759912596
1,2121,41.75000000000014,85,0,0.11978447322152684
1,2122,43.450000000000145,81,0,0.11966468874830531
1,2123,46.40000000000015,82,0,0.11954502405955701
1,2124,44.85000000000015,83,0,0.11942547903549745
1,2125,40.35000000000015,83,0,0.11930605355646196
1,2126,41.600000000000136,88,0,0.11918674750290549
1,2127,38.90000000000015,82,0,0.11906756075540259
1,2128,44.85000000000015,83,0,0.11894849319464719
1,2129,125.19999999999978,156,0,0.11882954470145254
1,2130,41.950000000000145,81,0,0.11871071515675109
1,2131,38.80000000000015,84,0,0.11859200444159435
1,2132,301.89999999999947,192,1,0.11847341243715274
1,2133,44.85000000000015,83,0,0.1183549390247156
1,2134,43.35000000000015,83,0,0.11823658408569088
1,2135,40.450000000000145,81,0,0.11811834750160519
1,2136,43.40000000000015,82,0,0.11800022915410358
1,2137,131.1499999999998,157,0,0.11788222892494947
1,2138,303.94999999999953,151,1,0.11776434669602452
1,2139,43.450000000000145,81,0,0.1176465823493285
1,2140,40.450000000000145,81,0,0.11752893576697916
1,2141,40.35000000000015,83,0,0.11741140683121218
1,2142,50.55000000000017,89,0,0.11729399542438097
1,2143,52.15000000000015,87,0,0.11717670142895659
1,2144,303.74999999999955,155,1,0.11705952472752763
1,2145,44.85000000000015,83,0,0.1169424652028001
1,2146,53.85000000000015,83,0,0.1168255227375973
1,2147,46.450000000000145,81,0,0.1167086972148597
1,2148,47.90000000000015,82,0,0.11659198851764484
1,2149,38.80000000000014,84,0,0.1164753965291272
1,2150,49.450000000000145,81,0,0.11635892113259806
1,2151,43.40000000000015,82,0,0.11624256221146546
1,2152,44.85000000000015,83,0,0.116126319649254
1,2153,41.75000000000014,85,0,0.11601019332960474
1,2154,124.79999999999977,164,0,0.11589418313627514
1,2155,303.8999999999996,152,1,0.11577828895313887
1,2156,43.35000000000015,83,0,0.11566251066418573
1,2157,131.04999999999978,159,0,0.11554684815352155
1,2158,41.950000000000145,81,0,0.11543130130536802
1,2159,126.49999999999979,160,0,0.11531587000406265
1,2160,44.950000000000145,81,0,0.1152005541340586
1,2161,49.200000000000145,86,0,0.11508535357992454
1,2162,44.90000000000015,82,0,0.11497026822634461
1,2163,47.90000000000015,82,0,0.11485529795811826
1,2164,38.60000000000015,88,0,0.11474044266016015
1,2165,47.90000000000015,82,0,0.11462570221749999
1,2166,56.950000000000145,81,0,0.11451107651528249
1,2167,56.950000000000145,81,0,0.11439656543876721
1,2168,50.950000000000145,81,0,0.11428216887332844
1,2169,47.90000000000015,82,0,0.11416788670445512
1,2170,44.80000000000015,84,0,0.11405371881775066
1,2171,50.90000000000015,82,0,0.11393966509893291
1,2172,55.450000000000145,81,0,0.11382572543383399
1,2173,49.25000000000014,85,0,0.11371189970840015
1,2174,49.10000000000015,88,0,0.11359818780869176
1,2175,50.80000000000014,84,0,0.11348458962088306
1,2176,41.950000000000145,81,0,0.11337110503126219
1,2177,49.35000000000015,83,0,0.11325773392623092
1,2178,47.90000000000015,82,0,0.1131444761923047
1,2179,38.90000000000015,82,0,0.11303133171611239
1,2180,41.85000000000015,83,0,0.11291830038439628
1,2181,41.950000000000145,81,0,0.11280538208401188
1,2182,49.450000000000145,81,0,0.11269257670192787
1,2183,40.30000000000014,84,0,0.11257988412522593
1,2184,46.100000000000165,88,0,0.1124673042411007
1,2185,49.450000000000145,81,0,0.1123548369368596
1,2186,52.450000000000145,81,0,0.11224248209992274
1,2187,49.35000000000015,83,0,0.11213023961782281
1,2188,53.85000000000015,83,0,0.11201810937820499
1,2189,46.35000000000015,83,0,0.11190609126882678
1,2190,50.85000000000015,83,0,0.11179418517755796
1,2191,49.35000000000015,83,0,0.1116823909923804
1,2192,128.0999999999998,158,0,0.11157070860138803
1,2193,47.80000000000014,84,0,0.11145913789278664
1,2194,52.450000000000145,81,0,0.11134767875489385
1,2195,41.950000000000145,81,0,0.11123633107613895
1,2196,41.90000000000015,82,0,0.11112509474506281
1,2197,43.450000000000145,81,0,0.11101396965031775
1,2198,50.90000000000015,82,0,0.11090295568066744
1,2199,49.45000000000013,81,0,0.11079205272498677
1,2200,49.250000000000156,85,0,0.11068126067226178
1,2201,47.90000000000015,82,0,0.11057057941158951
1,2202,50.950000000000145,81,0,0.11046000883217792
1,2203,129.49999999999977,160,0,0.11034954882334574
1,2204,43.40000000000015,82,0,0.1102391992745224
1,2205,50.950000000000145,81,0,0.11012896007524788
1,2206,49.40000000000015,82,0,0.11001883111517263
1,2207,49.35000000000015,83,0,0.10990881228405747
1,2208,43.30000000000014,84,0,0.10979890347177342
1,2209,44.750000000000156,85,0,0.10968910456830164
1,2210,46.05000000000015,89,0,0.10957941546373333
1,2211,50.90000000000015,82,0,0.1094698360482696
1,2212,46.450000000000145,81,0,0.10936036621222132
1,2213,46.450000000000145,81,0,0.10925100584600911
1,2214,50.950000000000145,81,0,0.1091417548401631
1,2215,40.450000000000145,81,0,0.10903261308532293
1,2216,43.450000000000145,81,0,0.1089235804722376
1,2217,43.450000000000145,81,0,0.10881465689176537
1,2218,52.450000000000145,81,0,0.1087058422348736
1,2219,44.950000000000145,81,0,0.10859713639263872
1,2220,46.30000000000015,84,0,0.10848853925624609
1,2221,38.85000000000015,83,0,0.10838005071698985
1,2222,41.950000000000145,81,0,0.10827167066627286
1,2223,40.25000000000014,85,0,0.10816339899560658
1,2224,41.950000000000145,81,0,0.10805523559661097
1,2225,40.450000000000145,81,0,0.10794718036101436
1,2226,43.35000000000015,83,0,0.10783923318065335
1,2227,38.950000000000145,81,0,0.10773139394747269
1,2228,38.950000000000145,81,0,0.10762366255352522
1,2229,43.05000000000015,89,0,0.1075160388909717
1,2230,40.450000000000145,81,0,0.10740852285208072
1,2231,38.90000000000015,82,0,0.10730111432922863
1,2232,41.950000000000145,81,0,0.1071938132148994
1,2233,44.90000000000015,82,0,0.1070866194016845
1,2234,40.450000000000145,81,0,0.10697953278228281
1,2235,43.40000000000015,82,0,0.10687255324950053
1,2236,40.450000000000145,81,0,0.10676568069625103
1,2237,131.19999999999976,156,0,0.10665891501555477
1,2238,41.85000000000015,83,0,0.10655225610053921
1,2239,41.90000000000015,82,0,0.10644570384443867
1,2240,44.950000000000145,81,0,0.10633925814059424
1,2241,41.950000000000145,81,0,0.10623291888245365
1,2242,41.75000000000014,85,0,0.1061266859635712
1,2243,41.75000000000014,85,0,0.10602055927760762
1,2244,43.450000000000145,81,0,0.10591453871833001
1,2245,131.1499999999998,157,0,0.10580862417961168
1,2246,41.80000000000015,84,0,0.10570281555543207
1,2247,38.85000000000015,83,0,0.10559711273987664
1,2248,40.35000000000015,83,0,0.10549151562713677
1,2249,40.450000000000145,81,0,0.10538602411150963
1,2250,41.950000000000145,81,0,0.10528063808739813
1,2251,41.950000000000145,81,0,0.10517535744931072
1,2252,41.85000000000015,83,0,0.10507018209186142
1,2253,47.90000000000015,82,0,0.10496511190976955
1,2254,43.450000000000145,81,0,0.10486014679785978
1,2255,123.64999999999979,157,0,0.10475528665106192
1,2256,43.450000000000145,81,0,0.10465053136441085
1,2257,47.950000000000145,81,0,0.10454588083304645
1,2258,38.90000000000015,82,0,0.1044413349522134
1,2259,38.950000000000145,81,0,0.10433689361726119
1,2260,46.250000000000156,85,0,0.10423255672364393
1,2261,129.49999999999977,160,0,0.10412832416692028
1,2262,132.69999999999976,156,0,0.10402419584275335
1,2263,46.450000000000145,81,0,0.1039201716469106
1,2264,47.950000000000145,81,0,0.10381625147526369
1,2265,47.85000000000015,83,0,0.10371243522378842
1,2266,129.74999999999977,155,0,0.10360872278856463
1,2267,44.950000000000145,81,0,0.10350511406577606
1,2268,47.90000000000015,82,0,0.10340160895171029
1,2269,49.450000000000145,81,0,0.10329820734275857
1,2270,301.9499999999994,191,1,0.10319490913541582
1,2271,43.30000000000014,84,0,0.1030917142262804
1,2272,43.450000000000145,81,0,0.10298862251205412
1,2273,43.450000000000145,81,0,0.10288563388954207
1,2274,40.35000000000015,83,0,0.10278274825565252
1,2275,43.450000000000145,81,0,0.10267996550739687
1,2276,44.85000000000015,83,0,0.10257728554188948
1,2277,46.15000000000016,87,0,0.1024747082563476
1,2278,38.75000000000014,85,0,0.10237223354809125
1,2279,43.30000000000015,84,0,0.10226986131454316
1,2280,44.90000000000015,82,0,0.10216759145322861
1,2281,44.950000000000145,81,0,0.10206542386177538
1,2282,41.80000000000014,84,0,0.1019633584379136
1,2283,44.950000000000145,81,0,0.10186139507947568
1,2284,123.59999999999978,158,0,0.1017595336843962
1,2285,43.35000000000015,83,0,0.10165777415071181
1,2286,38.85000000000015,83,0,0.1015561163765611
1,2287,52.000000000000156,90,0,0.10145456026018454
1,2288,40.250000000000156,85,0,0.10135310569992435
1,2289,40.450000000000145,81,0,0.10125175259422443
1,2290,126.69999999999978,156,0,0.10115050084163021
1,2291,40.450000000000145,81,0,0.10104935034078859
1,2292,132.5999999999998,158,0,0.1009483009904478
1,2293,41.90000000000015,82,0,0.10084735268945735
1,2294,41.950000000000145,81,0,0.10074650533676789
1,2295,43.35000000000015,83,0,0.10064575883143112
1,2296,125.09999999999978,158,0,0.1005451130725997
1,2297,43.450000000000145,81,0,0.1004445679595271
1,2298,41.850000000000136,83,0,0.10034412339156756
1,2299,301.99999999999943,190,1,0.100243779268176
1,2300,43.250000000000156,85,0,0.10014353548890782
1,2301,44.950000000000145,81,0,0.10004339195341891
1,2302,47.80000000000015,84,0,0.09994334856146549
1,2303,41.85000000000015,83,0,0.09984340521290402
1,2304,44.950000000000145,81,0,0.09974356180769112
1,2305,43.30000000000015,84,0,0.09964381824588342
1,2306,40.25000000000014,85,0,0.09954417442763754
1,2307,120.74999999999982,155,0,0.0994446302532099
1,2308,41.90000000000015,82,0,0.09934518562295669
1,2309,303.4499999999994,191,1,0.09924584043733373
1,2310,40.450000000000145,81,0,0.0991465945968964
1,2311,46.450000000000145,81,0,0.0990474480022995
1,2312,128.1499999999998,157,0,0.09894840055429721
1,2313,40.40000000000015,82,0,0.09884945215374291
1,2314,46.200000000000145,86,0,0.09875060270158917
1,2315,38.950000000000145,81,0,0.09865185209888758
1,2316,123.79999999999977,154,0,0.0985532002467887
1,2317,128.04999999999978,159,0,0.0984546470465419
1,2318,46.450000000000145,81,0,0.09835619239949536
1,2319,47.950000000000145,81,0,0.09825783620709587
1,2320,44.950000000000145,81,0,0.09815957837088878
1,2321,43.450000000000145,81,0,0.09806141879251788
1,2322,47.950000000000145,81,0,0.09796335737372537
1,2323,38.950000000000145,81,0,0.09786539401635165
1,2324,48.900000000000176,92,0,0.0977675286223353
1,2325,40.30000000000015,84,0,0.09766976109371296
1,2326,40.40000000000015,82,0,0.09757209133261925
1,2327,122.09999999999978,158,0,0.09747451924128663
1,2328,43.25000000000014,85,0,0.09737704472204534
1,2329,41.80000000000015,84,0,0.0972796676773233
1,2330,49.100000000000165,88,0,0.09718238800964597
1,2331,41.80000000000014,84,0,0.09708520562163633
1,2332,43.30000000000015,84,0,0.09698812041601469
1,2333,43.450000000000145,81,0,0.09689113229559868
1,2334,43.40000000000015,82,0,0.09679424116330308
1,2335,44.950000000000145,81,0,0.09669744692213977
1,2336,47.750000000000156,85,0,0.09660074947521763
1,2337,44.950000000000145,81,0,0.09650414872574241
1,2338,43.35000000000015,83,0,0.09640764457701667
1,2339,55.450000000000145,81,0,0.09631123693243965
1,2340,56.90000000000015,82,0,0.09621492569550721
1,2341,40.25000000000014,85,0,0.09611871076981171
1,2342,56.85000000000015,83,0,0.0960225920590419
1,2343,52.450000000000145,81,0,0.09592656946698286
1,2344,38.950000000000145,81,0,0.09583064289751587
1,2345,49.30000000000015,84,0,0.09573481225461836
1,2346,43.15000000000015,87,0,0.09563907744236373
1,2347,40.450000000000145,81,0,0.09554343836492137
1,2348,132.5999999999998,158,0,0.09544789492655645
1,2349,58.450000000000145,81,0,0.09535244703162989
1,2350,53.950000000000145,81,0,0.09525709458459826
1,2351,46.40000000000015,82,0,0.09516183749001367
1,2352,126.34999999999981,163,0,0.09506667565252365
1,2353,46.450000000000145,81,0,0.09497160897687112
1,2354,303.99999999999955,150,1,0.09487663736789426
1,2355,303.7499999999995,155,1,0.09478176073052637
1,2356,56.85000000000015,83,0,0.09468697896979585
1,2357,58.450000000000145,81,0,0.09459229199082606
1,2358,47.950000000000145,81,0,0.09449769969883523
1,2359,55.250000000000156,85,0,0.09440320199913639
1,2360,55.35000000000015,83,0,0.09430879879713726
1,2361,51.95000000000016,91,0,0.09421448999834012
1,2362,43.35000000000015,83,0,0.09412027550834177
1,2363,38.950000000000145,81,0,0.09402615523283343
1,2364,304.04999999999956,149,1,0.0939321290776006
1,2365,58.450000000000145,81,0,0.093838196948523
1,2366,132.6499999999998,157,0,0.09374435875157447
1,2367,125.09999999999978,158,0,0.09365061439282289
1,2368,55.450000000000145,81,0,0.09355696377843006
1,2369,55.450000000000145,81,0,0.09346340681465164
1,2370,52.35000000000015,83,0,0.09336994340783698
1,2371,46.35000000000015,83,0,0.09327657346442915
1,2372,52.450000000000145,81,0,0.09318329689096472
1,2373,56.750000000000156,85,0,0.09309011359407375
1,2374,55.450000000000145,81,0,0.09299702348047968
1,2375,46.450000000000145,81,0,0.0929040264569992
1,2376,55.450000000000145,81,0,0.09281112243054221
1,2377,53.950000000000145,81,0,0.09271831130811167
1,2378,52.450000000000145,81,0,0.09262559299680356
1,2379,53.950000000000145,81,0,0.09253296740380676
1,2380,50.90000000000015,82,0,0.09244043443640296
1,2381,43.15000000000016,87,0,0.09234799400196655
1,2382,41.950000000000145,81,0,0.09225564600796458
1,2383,41.950000000000145,81,0,0.09216339036195662
1,2384,49.450000000000145,81,0,0.09207122697159466
1,2385,44.950000000000145,81,0,0.09197915574462306
1,2386,47.600000000000165,88,0,0.09188717658887845
1,2387,49.450000000000145,81,0,0.09179528941228957
1,2388,129.5999999999998,158,0,0.09170349412287727
1,2389,47.90000000000015,82,0,0.0916117906287544
1,2390,44.950000000000145,81,0,0.09152017883812565
1,2391,49.40000000000015,82,0,0.09142865865928752
1,2392,129.69999999999976,156,0,0.09133723000062824
1,2393,44.90000000000015,82,0,0.09124589277062761
1,2394,41.80000000000015,84,0,0.09115464687785699
1,2395,49.40000000000015,82,0,0.09106349223097913
1,2396,49.40000000000015,82,0,0.09097242873874815
1,2397,49.30000000000015,84,0,0.0908814563100094
1,2398,38.950000000000145,81,0,0.0907905748536994
1,2399,49.450000000000145,81,0,0.0906997842788457
1,2400,47.950000000000145,81,0,0.09060908449456685
1,2401,50.90000000000015,82,0,0.09051847541007228
1,2402,38.80000000000015,84,0,0.09042795693466221
1,2403,52.450000000000145,81,0,0.09033752897772755
1,2404,49.450000000000145,81,0,0.09024719144874982
1,2405,305.54999999999956,149,1,0.09015694425730107
1,2406,126.74999999999979,155,0,0.09006678731304377
1,2407,122.34999999999987,153,0,0.08997672052573072
1,2408,301.9499999999994,191,1,0.08988674380520499
1,2409,46.450000000000145,81,0,0.08979685706139978
1,2410,129.49999999999977,160,0,0.08970706020433838
1,2411,52.450000000000145,81,0,0.08961735314413405
1,2412,50.950000000000145,81,0,0.08952773579098991
1,2413,303.99999999999955,150,1,0.08943820805519892
1,2414,49.40000000000015,82,0,0.08934876984714372
1,2415,58.25000000000014,85,0,0.08925942107729658
1,2416,303.79999999999956,154,1,0.08917016165621929
1,2417,303.5999999999995,158,1,0.08908099149456307
1,2418,44.90000000000015,82,0,0.08899191050306851
1,2419,47.85000000000015,83,0,0.08890291859256544
1,2420,303.9999999999996,150,1,0.08881401567397287
1,2421,303.94999999999953,151,1,0.0887252016582989
1,2422,58.450000000000145,81,0,0.0886364764566406
1,2423,44.950000000000145,81,0,0.08854783998018396
1,2424,44.950000000000145,81,0,0.08845929214020377
1,2425,44.90000000000015,82,0,0.08837083284806357
1,2426,128.19999999999976,156,0,0.08828246201521552
1,2427,126.69999999999978,156,0,0.0881941795532003
1,2428,303.8999999999995,152,1,0.0881059853736471
1,2429,303.8499999999995,153,1,0.08801787938827345
1,2430,53.90000000000015,82,0,0.08792986150888517
1,2431,49.450000000000145,81,0,0.08784193164737629
1,2432,303.9499999999996,151,1,0.08775408971572891
1,2433,122.2999999999998,154,0,0.08766633562601318
1,2434,303.6999999999995,156,1,0.08757866929038717
1,2435,40.40000000000015,82,0,0.08749109062109678
1,2436,58.45000000000013,81,0,0.08740359953047568
1,2437,304.04999999999956,149,1,0.0873161959309452
1,2438,304.04999999999956,149,1,0.08722887973501425
1,2439,304.04999999999956,149,1,0.08714165085527924
1,2440,303.8499999999995,153,1,0.08705450920442395
1,2441,303.8999999999996,152,1,0.08696745469521953
1,2442,303.94999999999953,151,1,0.08688048724052432
1,2443,58.450000000000145,81,0,0.08679360675328379
1,2444,122.2999999999998,154,0,0.0867068131465305
1,2445,302.14999999999947,187,1,0.08662010633338398
1,2446,304.04999999999956,149,1,0.0865334862270506
1,2447,44.950000000000145,81,0,0.08644695274082355
1,2448,53.90000000000015,82,0,0.08636050578808273
1,2449,58.450000000000145,81,0,0.08627414528229464
1,2450,303.6999999999995,156,1,0.08618787113701235
1,2451,123.74999999999982,155,0,0.08610168326587533
1,2452,47.950000000000145,81,0,0.08601558158260945
1,2453,303.8999999999996,152,1,0.08592956600102684
1,2454,43.450000000000145,81,0,0.08584363643502582
1,2455,58.450000000000145,81,0,0.08575779279859079
1,2456,50.950000000000145,81,0,0.0856720350057922
1,2457,58.450000000000145,81,0,0.0855863629707864
1,2458,46.450000000000145,81,0,0.0855007766078156
1,2459,47.950000000000145,81,0,0.08541527583120778
1,2460,303.49999999999943,160,1,0.08532986055537657
1,2461,304.04999999999956,149,1,0.0852445306948212
1,2462,56.75000000000014,85,0,0.08515928616412638
1,2463,47.90000000000015,82,0,0.08507412687796226
1,2464,303.8999999999995,152,1,0.0849890527510843
1,2465,303.7999999999995,154,1,0.08490406369833321
1,2466,58.40000000000015,82,0,0.08481915963463488
1,2467,303.8999999999995,152,1,0.08473434047500024
1,2468,50.950000000000145,81,0,0.08464960613452524
1,2469,52.450000000000145,81,0,0.08456495652839072
1,2470,305.44999999999953,151,1,0.08448039157186232
1,2471,303.8999999999996,152,1,0.08439591118029047
1,2472,303.8999999999996,152,1,0.08431151526911018
1,2473,56.950000000000145,81,0,0.08422720375384107
1,2474,303.94999999999953,151,1,0.08414297655008723
1,2475,305.54999999999956,149,1,0.08405883357353715
1,2476,303.99999999999955,150,1,0.0839747747399636
1,2477,303.7499999999995,155,1,0.08389079996522364
1,2478,56.950000000000145,81,0,0.08380690916525842
1,2479,303.9499999999996,151,1,0.08372310225609315
1,2480,53.950000000000145,81,0,0.08363937915383707
1,2481,58.40000000000015,82,0,0.08355573977468322
1,2482,55.35000000000015,83,0,0.08347218403490854
1,2483,303.99999999999955,150,1,0.08338871185087363
1,2484,303.84999999999957,153,1,0.08330532313902275
1,2485,124.99999999999982,160,0,0.08322201781588373
1,2486,131.14999999999975,157,0,0.08313879579806785
1,2487,56.90000000000015,82,0,0.08305565700226979
1,2488,303.8999999999995,152,1,0.08297260134526752
1,2489,56.950000000000145,81,0,0.08288962874392225
1,2490,303.6999999999995,156,1,0.08280673911517833
1,2491,303.4999999999995,160,1,0.08272393237606315
1,2492,303.79999999999956,154,1,0.0826412084436871
1,2493,58.450000000000145,81,0,0.08255856723524341
1,2494,56.90000000000015,82,0,0.08247600866800817
1,2495,303.79999999999956,154,1,0.08239353265934016
1,2496,53.950000000000145,81,0,0.08231113912668082
1,2497,58.450000000000145,81,0,0.08222882798755414
1,2498,303.8499999999995,153,1,0.08214659915956658
1,2499,303.79999999999956,154,1,0.08206445256040702
1,2500,303.8999999999995,152,1,0.08198238810784661
1,2501,303.94999999999953,151,1,0.08190040571973876
1,2502,303.5499999999995,159,1,0.08181850531401902
1,2503,58.450000000000145,81,0,0.081736686808705
1,2504,303.74999999999955,155,1,0.08165495012189629
1,2505,303.7499999999995,155,1,0.08157329517177439
1,2506,303.8499999999995,153,1,0.08149172187660261
1,2507,305.49999999999955,150,1,0.08141023015472601
1,2508,125.09999999999978,158,0,0.08132881992457128
1,2509,303.94999999999953,151,1,0.0812474911046467
1,2510,46.40000000000015,82,0,0.08116624361354205
1,2511,44.85000000000015,83,0,0.08108507736992851
1,2512,305.3999999999996,152,1,0.08100399229255859
1,2513,303.79999999999956,154,1,0.08092298830026602
1,2514,303.6999999999995,156,1,0.08084206531196575
1,2515,303.8999999999996,152,1,0.08076122324665379
1,2516,58.250000000000156,85,0,0.08068046202340713
1,2517,58.35000000000015,83,0,0.08059978156138373
1,2518,58.40000000000015,82,0,0.08051918177982234
1,2519,58.450000000000145,81,0,0.08043866259804251
1,2520,303.94999999999953,151,1,0.08035822393544446
1,2521,303.99999999999955,150,1,0.08027786571150902
1,2522,303.8999999999995,152,1,0.08019758784579752
1,2523,55.450000000000145,81,0,0.08011739025795171
1,2524,305.44999999999953,151,1,0.08003727286769376
1,2525,56.85000000000015,83,0,0.07995723559482606
1,2526,122.14999999999979,157,0,0.07987727835923124
1,2527,58.450000000000145,81,0,0.07979740108087201
1,2528,303.8499999999995,153,1,0.07971760367979114
1,2529,53.95000000000013,81,0,0.07963788607611134
1,2530,303.8499999999995,153,1,0.07955824819003524
1,2531,135.69999999999976,156,0,0.0794786899418452
1,2532,58.20000000000016,86,0,0.07939921125190336
1,2533,56.850000000000136,83,0,0.07931981204065146
1,2534,303.94999999999953,151,1,0.0792404922286108
1,2535,303.9999999999996,150,1,0.0791612517363822
1,2536,56.85000000000015,83,0,0.07908209048464582
1,2537,303.94999999999953,151,1,0.07900300839416118
1,2538,303.6999999999996,156,1,0.07892400538576702
1,2539,303.99999999999955,150,1,0.07884508138038125
1,2540,303.99999999999955,150,1,0.07876623629900087
1,2541,303.74999999999955,155,1,0.07868747006270187
1,2542,303.99999999999955,150,1,0.07860878259263916
1,2543,303.99999999999955,150,1,0.07853017381004652
1,2544,303.79999999999956,154,1,0.07845164363623648
1,2545,128.29999999999978,154,0,0.07837319199260025
1,2546,305.3999999999996,152,1,0.07829481880060765
1,2547,303.99999999999955,150,1,0.07821652398180705
1,2548,303.8499999999995,153,1,0.07813830745782524
1,2549,305.44999999999953,151,1,0.07806016915036741
1,2550,303.8999999999995,152,1,0.07798210898121705
1,2551,303.8999999999995,152,1,0.07790412687223583
1,2552,52.30000000000015,84,0,0.07782622274536359
1,2553,55.450000000000145,81,0,0.07774839652261822
1,2554,303.8499999999995,153,1,0.0776706481260956
1,2555,304.04999999999956,149,1,0.0775929774779695
1,2556,303.8999999999995,152,1,0.07751538450049153
1,2557,303.8499999999995,153,1,0.07743786911599104
1,2558,303.74999999999955,155,1,0.07736043124687506
1,2559,303.8999999999995,152,1,0.07728307081562819
1,2560,305.49999999999955,150,1,0.07720578774481256
1,2561,49.450000000000145,81,0,0.07712858195706775
1,2562,303.8499999999995,153,1,0.07705145337511068
1,2563,305.44999999999953,151,1,0.07697440192173557
1,2564,304.04999999999956,149,1,0.07689742751981384
1,2565,58.450000000000145,81,0,0.07682053009229402
1,2566,303.8999999999995,152,1,0.07674370956220172
1,2567,303.8999999999995,152,1,0.07666696585263952
1,2568,304.04999999999956,149,1,0.07659029888678688
1,2569,303.7499999999995,155,1,0.07651370858790009
1,2570,58.40000000000015,82,0,0.07643719487931219
1,2571,58.450000000000145,81,0,0.07636075768443289
1,2572,303.79999999999956,154,1,0.07628439692674846
1,2573,58.450000000000145,81,0,0.07620811252982171
1,2574,303.99999999999955,150,1,0.07613190441729188
1,2575,119.49999999999987,120,0,0.07605577251287458
1,2576,305.54999999999956,149,1,0.0759797167403617
1,2577,303.6499999999995,157,1,0.07590373702362134
1,2578,58.40000000000015,82,0,0.07582783328659772
1,2579,304.04999999999956,149,1,0.07575200545331112
1,2580,303.4499999999995,161,1,0.0756762534478578
1,2581,305.3999999999995,152,1,0.07560057719440995
1,2582,303.84999999999957,153,1,0.07552497661721554
1,2583,303.79999999999956,154,1,0.07544945164059833
1,2584,40.40000000000015,82,0,0.07537400218895772
1,2585,305.54999999999956,149,1,0.07529862818676876
1,2586,303.9499999999996,151,1,0.07522332955858199
1,2587,58.450000000000145,81,0,0.0751481062290234
1,2588,301.9999999999994,190,1,0.07507295812279438
1,2589,304.04999999999956,149,1,0.07499788516467158
1,2590,305.3499999999995,153,1,0.07492288727950691
1,2591,58.450000000000145,81,0,0.0748479643922274
1,2592,303.6999999999995,156,1,0.07477311642783518
1,2593,303.74999999999955,155,1,0.07469834331140734
1,2594,304.04999999999956,149,1,0.07462364496809594
1,2595,303.99999999999955,150,1,0.07454902132312784
1,2596,58.35000000000015,83,0,0.0744744723018047
1,2597,53.80000000000014,84,0,0.0743999978295029
1,2598,303.8999999999995,152,1,0.0743255978316734
1,2599,303.94999999999953,151,1,0.07425127223384173
1,2600,52.30000000000014,84,0,0.07417702096160789
1,2601,303.8999999999995,152,1,0.07410284394064628
1,2602,303.5499999999995,159,1,0.07402874109670564
1,2603,303.8999999999995,152,1,0.07395471235560894
1,2604,52.40000000000015,82,0,0.07388075764325333
1,2605,303.8999999999996,152,1,0.07380687688561008
1,2606,303.99999999999955,150,1,0.07373307000872446
1,2607,303.8999999999995,152,1,0.07365933693871574
1,2608,58.40000000000015,82,0,0.07358567760177702
1,2609,303.94999999999953,151,1,0.07351209192417524
1,2610,303.94999999999953,151,1,0.07343857983225106
1,2611,303.9499999999996,151,1,0.07336514125241882
1,2612,303.8999999999995,152,1,0.0732917761111664
1,2613,302.09999999999945,188,1,0.07321848433505523
1,2614,303.94999999999953,151,1,0.07314526585072018
1,2615,55.40000000000015,82,0,0.07307212058486945
1,2616,55.450000000000145,81,0,0.07299904846428458
1,2617,303.99999999999955,150,1,0.0729260494158203
1,2618,305.49999999999955,150,1,0.07285312336640448
1,2619,303.74999999999955,155,1,0.07278027024303808
1,2620,303.94999999999953,151,1,0.07270748997279504
1,2621,303.94999999999953,151,1,0.07263478248282225
1,2622,58.450000000000145,81,0,0.07256214770033943
1,2623,303.7999999999995,154,1,0.0724895855526391
1,2624,303.99999999999955,150,1,0.07241709596708645
1,2625,305.44999999999953,151,1,0.07234467887111937
1,2626,56.90000000000015,82,0,0.07227233419224825
1,2627,303.8999999999995,152,1,0.07220006185805601
1,2628,303.6999999999995,156,1,0.07212786179619796
1,2629,303.6999999999995,156,1,0.07205573393440176
1,2630,303.6999999999995,156,1,0.07198367820046736
1,2631,303.99999999999955,150,1,0.0719116945222669
1,2632,56.90000000000015,82,0,0.07183978282774463
1,2633,41.75000000000014,85,0,0.07176794304491688
1,2634,303.7999999999995,154,1,0.07169617510187196
1,2635,55.40000000000015,82,0,0.07162447892677008
1,2636,303.8499999999995,153,1,0.07155285444784332
1,2637,305.44999999999953,151,1,0.07148130159339547
1,2638,304.04999999999956,149,1,0.07140982029180207
1,2639,41.70000000000016,86,0,0.07133841047151027
1,2640,303.8999999999995,152,1,0.07126707206103876
1,2641,305.4499999999996,151,1,0.07119580498897772
1,2642,52.40000000000015,82,0,0.07112460918398875
1,2643,120.49999999999976,130,0,0.07105348457480476
1,2644,303.94999999999953,151,1,0.07098243109022996
1,2645,303.8499999999995,153,1,0.07091144865913973
1,2646,303.94999999999953,151,1,0.07084053721048059
1,2647,303.8499999999995,153,1,0.0707696966732701
1,2648,304.04999999999956,149,1,0.07069892697659683
1,2649,304.04999999999956,149,1,0.07062822804962023
1,2650,304.04999999999956,149,1,0.0705575998215706
1,2651,303.99999999999955,150,1,0.07048704222174904
1,2652,303.94999999999953,151,1,0.07041655517952729
1,2653,303.94999999999953,151,1,0.07034613862434776
1,2654,58.35000000000015,83,0,0.07027579248572341
1,2655,303.8999999999995,152,1,0.07020551669323769
1,2656,303.8499999999995,153,1,0.07013531117654445
1,2657,304.04999999999956,149,1,0.07006517586536791
1,2658,303.7999999999995,154,1,0.06999511068950254
1,2659,303.8999999999995,152,1,0.06992511557881304
1,2660,303.7499999999995,155,1,0.06985519046323423
1,2661,303.8999999999995,152,1,0.06978533527277099
1,2662,303.94999999999953,151,1,0.06971554993749822
1,2663,305.54999999999956,149,1,0.06964583438756072
1,2664,303.84999999999957,153,1,0.06957618855317316
1,2665,303.8999999999996,152,1,0.06950661236461998
1,2666,55.40000000000015,82,0,0.06943710575225537
1,2667,303.99999999999955,150,1,0.06936766864650311
1,2668,303.99999999999955,150,1,0.06929830097785661
1,2669,303.8999999999995,152,1,0.06922900267687875
1,2670,305.54999999999956,149,1,0.06915977367420187
1,2671,305.54999999999956,149,1,0.06909061390052766
1,2672,304.04999999999956,149,1,0.06902152328662714
1,2673,305.44999999999953,151,1,0.06895250176334052
1,2674,58.40000000000015,82,0,0.06888354926157718
1,2675,58.40000000000015,82,0,0.0688146657123156
1,2676,303.99999999999955,150,1,0.06874585104660329
1,2677,305.4499999999996,151,1,0.06867710519555668
1,2678,303.8999999999995,152,1,0.06860842809036113
1,2679,303.8499999999995,153,1,0.06853981966227077
1,2680,303.8499999999995,153,1,0.06847127984260849
1,2681,303.94999999999953,151,1,0.06840280856276588
1,2682,303.7999999999995,154,1,0.06833440575420312
1,2683,303.8999999999995,152,1,0.06826607134844892
1,2684,303.8499999999995,153,1,0.06819780527710047
1,2685,55.350000000000136,83,0,0.06812960747182337
1,2686,303.99999999999955,150,1,0.06806147786435154
1,2687,303.59999999999945,158,1,0.06799341638648719
1,2688,305.3999999999995,152,1,0.06792542297010071
1,2689,303.8499999999995,153,1,0.06785749754713061
1,2690,303.8499999999995,153,1,0.06778964004958347
1,2691,303.99999999999955,150,1,0.06772185040953389
1,2692,303.94999999999953,151,1,0.06765412855912437
1,2693,304.04999999999956,149,1,0.06758647443056524
1,2694,303.6999999999995,156,1,0.06751888795613468
1,2695,58.40000000000015,82,0,0.06745136906817856
1,2696,303.8499999999995,153,1,0.06738391769911038
1,2697,303.94999999999953,151,1,0.06731653378141127
1,2698,305.4499999999996,151,1,0.06724921724762986
1,2699,305.54999999999956,149,1,0.06718196803038223
1,2700,305.49999999999955,150,1,0.06711478606235186
1,2701,305.54999999999956,149,1,0.06704767127628951
1,2702,305.54999999999956,149,1,0.06698062360501322
1,2703,303.79999999999956,154,1,0.06691364298140821
1,2704,303.8999999999995,152,1,0.06684672933842681
1,2705,58.40000000000015,82,0,0.06677988260908838
1,2706,303.59999999999957,158,1,0.06671310272647929
1,2707,305.54999999999956,149,1,0.06664638962375281
1,2708,305.4999999999996,150,1,0.06657974323412906
1,2709,56.950000000000145,81,0,0.06651316349089494
1,2710,303.99999999999955,150,1,0.06644665032740404
1,2711,58.35000000000015,83,0,0.06638020367707664
1,2712,307.04999999999956,149,1,0.06631382347339956
1,2713,305.49999999999955,150,1,0.06624750964992616
1,2714,303.8999999999996,152,1,0.06618126214027624
1,2715,303.8999999999996,152,1,0.06611508087813596
1,2716,303.8999999999995,152,1,0.06604896579725783
1,2717,305.34999999999957,153,1,0.06598291683146057
1,2718,58.450000000000145,81,0,0.0659169339146291
1,2719,303.84999999999957,153,1,0.06585101698071448
1,2720,305.44999999999953,151,1,0.06578516596373377
1,2721,304.04999999999956,149,1,0.06571938079777004
1,2722,304.04999999999956,149,1,0.06565366141697226
1,2723,303.7999999999995,154,1,0.06558800775555529
1,2724,304.04999999999956,149,1,0.06552241974779974
1,2725,304.04999999999956,149,1,0.06545689732805193
1,2726,303.7999999999995,154,1,0.06539144043072388
1,2727,305.3999999999995,152,1,0.06532604899029316
1,2728,56.90000000000015,82,0,0.06526072294130288
1,2729,304.04999999999956,149,1,0.06519546221836157
1,2730,303.8999999999995,152,1,0.06513026675614321
1,2731,303.8999999999995,152,1,0.06506513648938707
1,2732,58.40000000000015,82,0,0.06500007135289768
1,2733,303.94999999999953,151,1,0.06493507128154478
1,2734,55.40000000000015,82,0,0.06487013621026325
1,2735,303.84999999999957,153,1,0.06480526607405299
1,2736,303.8999999999996,152,1,0.06474046080797893
1,2737,55.40000000000015,82,0,0.06467572034717095
1,2738,303.94999999999953,151,1,0.06461104462682378
1,2739,303.94999999999953,151,1,0.06454643358219696
1,2740,58.450000000000145,81,0,0.06448188714861476
1,2741,304.04999999999956,149,1,0.06441740526146615
1,2742,303.8999999999995,152,1,0.06435298785620469
1,2743,303.8999999999995,152,1,0.06428863486834849
1,2744,303.99999999999955,150,1,0.06422434623348014
1,2745,303.9999999999996,150,1,0.06416012188724667
1,2746,303.8999999999995,152,1,0.06409596176535942
1,2747,303.8499999999995,153,1,0.06403186580359406
1,2748,304.04999999999956,149,1,0.06396783393779047
1,2749,304.04999999999956,149,1,0.06390386610385268
1,2750,56.950000000000145,81,0,0.06383996223774882
1,2751,303.94999999999953,151,1,0.06377612227551108
1,2752,303.94999999999953,151,1,0.06371234615323557
1,2753,304.04999999999956,149,1,0.06364863380708233
1,2754,303.8499999999995,153,1,0.06358498517327525
1,2755,303.99999999999955,150,1,0.06352140018810197
1,2756,303.8499999999995,153,1,0.06345787878791387
1,2757,303.94999999999953,151,1,0.06339442090912595
1,2758,303.84999999999957,153,1,0.06333102648821683
1,2759,303.7999999999995,154,1,0.06326769546172861
1,2760,58.450000000000145,81,0,0.06320442776626688
1,2761,305.3999999999995,152,1,0.06314122333850061
1,2762,58.450000000000145,81,0,0.06307808211516211
1,2763,58.450000000000145,81,0,0.06301500403304695
1,2764,305.4999999999996,150,1,0.0629519890290139
1,2765,304.04999999999956,149,1,0.06288903703998489
1,2766,304.04999999999956,149,1,0.0628261480029449
1,2767,304.04999999999956,149,1,0.06276332185494196
1,2768,304.04999999999956,149,1,0.06270055853308702
1,2769,303.79999999999956,154,1,0.06263785797455393
1,2770,58.40000000000015,82,0,0.06257522011657937
1,2771,303.9499999999996,151,1,0.0625126448964628
1,2772,303.8499999999995,153,1,0.062450132251566336
1,2773,304.04999999999956,149,1,0.062387682119314766
1,2774,56.950000000000145,81,0,0.06232529443719545
1,2775,303.9999999999996,150,1,0.06226296914275825
1,2776,303.7999999999995,154,1,0.06220070617361549
1,2777,304.04999999999956,149,1,0.062138505467441874
1,2778,305.54999999999956,149,1,0.06207636696197443
1,2779,304.04999999999956,149,1,0.062014290595012456
1,2780,56.950000000000145,81,0,0.06195227630441744
1,2781,303.8999999999995,152,1,0.06189032402811302
1,2782,55.40000000000015,82,0,0.06182843370408491
1,2783,305.54999999999956,149,1,0.061766605270380824
1,2784,56.950000000000145,81,0,0.061704838665110444
1,2785,303.79999999999956,154,1,0.06164313382644533
1,2786,305.54999999999956,149,1,0.06158149069261889
1,2787,305.44999999999953,151,1,0.06151990920192627
1,2788,55.450000000000145,81,0,0.06145838929272435
1,2789,303.7999999999995,154,1,0.061396930903431624
1,2790,304.04999999999956,149,1,0.061335533972528195
1,2791,56.85000000000015,83,0,0.061274198438555666
1,2792,303.99999999999955,150,1,0.06121292424011711
1,2793,303.94999999999953,151,1,0.06115171131587699
1,2794,58.450000000000145,81,0,0.06109055960456111
1,2795,304.04999999999956,149,1,0.06102946904495655
1,2796,303.74999999999955,155,1,0.06096843957591159
1,2797,305.0999999999994,158,1,0.06090747113633568
1,2798,58.450000000000145,81,0,0.06084656366519934
1,2799,303.8999999999995,152,1,0.06078571710153414
1,2800,305.54999999999956,149,1,0.06072493138443261
1,2801,304.04999999999956,149,1,0.060664206453048174
1,2802,303.8499999999995,153,1,0.06060354224659512
1,2803,304.04999999999956,149,1,0.06054293870434853
1,2804,55.450000000000145,81,0,0.06048239576564418
1,2805,304.04999999999956,149,1,0.06042191336987854
1,2806,303.84999999999957,153,1,0.06036149145650866
1,2807,55.30000000000014,84,0,0.06030112996505215
1,2808,303.8499999999995,153,1,0.0602408288350871
1,2809,58.450000000000145,81,0,0.06018058800625201
1,2810,58.450000000000145,81,0,0.06012040741824576
1,2811,303.8999999999995,152,1,0.06006028701082751
1,2812,303.8999999999995,152,1,0.060000226723816684
1,2813,303.8999999999995,152,1,0.059940226497092866
1,2814,304.04999999999956,149,1,0.05988028627059577
1,2815,303.94999999999953,151,1,0.05982040598432518
1,2816,303.7499999999995,155,1,0.05976058557834085
1,2817,303.94999999999953,151,1,0.05970082499276251
1,2818,58.450000000000145,81,0,0.059641124167769746
1,2819,303.8499999999995,153,1,0.059581483043601974
1,2820,305.54999999999956,149,1,0.05952190156055837
1,2821,303.84999999999957,153,1,0.05946237965899782
1,2822,303.8499999999995,153,1,0.05940291727933882
1,2823,58.40000000000015,82,0,0.05934351436205949
1,2824,304.04999999999956,149,1,0.05928417084769743
1,2825,303.94999999999953,151,1,0.05922488667684973
1,2826,303.8499999999995,153,1,0.05916566179017289
1,2827,303.59999999999957,158,1,0.059106496128382716
1,2828,303.99999999999955,150,1,0.05904738963225433
1,2829,303.8499999999995,153,1,0.058988342242622074
1,2830,304.04999999999956,149,1,0.058929353900379455
1,2831,303.6999999999996,156,1,0.058870424546479075
1,2832,303.9499999999996,151,1,0.0588115541219326
1,2833,303.8999999999996,152,1,0.05875274256781066
1,2834,305.44999999999953,151,1,0.058693989825242855
1,2835,303.79999999999956,154,1,0.058635295835417614
1,2836,303.94999999999953,151,1,0.058576660539582194
1,2837,303.99999999999955,150,1,0.058518083879042615
1,2838,303.8999999999995,152,1,0.05845956579516357
1,2839,303.6999999999995,156,1,0.05840110622936841
1,2840,303.8499999999995,153,1,0.05834270512313904
1,2841,55.400000000000134,82,0,0.058284362418015906
1,2842,305.3999999999996,152,1,0.05822607805559789
1,2843,303.9499999999996,151,1,0.05816785197754229
1,2844,303.9499999999996,151,1,0.05810968412556475
1,2845,303.9999999999996,150,1,0.058051574441439185
1,2846,303.9999999999996,150,1,0.05799352286699774
1,2847,303.94999999999953,151,1,0.057935529344130744
1,2848,303.7999999999995,154,1,0.05787759381478661
1,2849,305.4499999999996,151,1,0.057819716220971824
1,2850,56.85000000000015,83,0,0.05776189650475085
1,2851,303.94999999999953,151,1,0.0577041346082461
1,2852,303.7999999999995,154,1,0.05764643047363786
1,2853,305.44999999999953,151,1,0.05758878404316422
1,2854,58.450000000000145,81,0,0.05753119525912106
1,2855,304.04999999999956,149,1,0.05747366406386194
1,2856,53.950000000000145,81,0,0.057416190399798075
1,2857,58.450000000000145,81,0,0.05735877420939828
1,2858,305.54999999999956,149,1,0.05730141543518888
1,2859,303.9999999999996,150,1,0.05724411401975369
1,2860,303.94999999999953,151,1,0.057186869905733934
1,2861,56.90000000000015,82,0,0.0571296830358282
1,2862,58.450000000000145,81,0,0.05707255335279238
1,2863,303.8999999999996,152,1,0.057015480799439584
1,2864,303.99999999999955,150,1,0.05695846531864014
1,2865,305.44999999999953,151,1,0.0569015068533215
1,2866,303.8999999999995,152,1,0.05684460534646818
1,2867,303.99999999999955,150,1,0.05678776074112171
1,2868,303.99999999999955,150,1,0.056730972980380594
1,2869,58.450000000000145,81,0,0.05667424200740021
1,2870,304.04999999999956,149,1,0.05661756776539281
1,2871,303.8999999999995,152,1,0.05656095019762742
1,2872,304.04999999999956,149,1,0.056504389247429794
1,2873,303.94999999999953,151,1,0.05644788485818236
1,2874,304.04999999999956,149,1,0.05639143697332418
1,2875,303.9499999999996,151,1,0.05633504553635086
1,2876,303.8999999999995,152,1,0.05627871049081451
1,2877,304.04999999999956,149,1,0.0562224317803237
1,2878,304.04999999999956,149,1,0.056166209348543376
1,2879,56.950000000000145,81,0,0.056110043139194835
1,2880,303.94999999999953,151,1,0.05605393309605564
1,2881,56.70000000000016,86,0,0.055997879162959584
1,2882,303.94999999999953,151,1,0.055941881283796624
1,2883,303.8999999999995,152,1,0.055885939402512824
1,2884,303.94999999999953,151,1,0.05583005346311031
1,2885,305.54999999999956,149,1,0.0557742234096472
1,2886,303.7999999999995,154,1,0.055718449186237556
1,2887,303.94999999999953,151,1,0.055662730737051316
1,2888,303.7499999999995,155,1,0.055607068006314264
1,2889,303.8499999999995,153,1,0.05555146093830795
1,2890,305.44999999999953,151,1,0.05549590947736964
1,2891,303.94999999999953,151,1,0.05544041356789227
1,2892,58.35000000000015,83,0,0.05538497315432438
1,2893,303.94999999999953,151,1,0.05532958818117005
1,2894,303.94999999999953,151,1,0.05527425859298888
1,2895,303.8499999999995,153,1,0.05521898433439589
1,2896,303.99999999999955,150,1,0.0551637653500615
1,2897,304.04999999999956,149,1,0.05510860158471143
1,2898,58.25000000000014,85,0,0.05505349298312672
1,2899,303.99999999999955,150,1,0.054998439490143596
1,2900,55.450000000000145,81,0,0.05494344105065345
1,2901,304.04999999999956,149,1,0.05488849760960279
1,2902,304.04999999999956,149,1,0.05483360911199319
1,2903,58.40000000000015,82,0,0.0547787755028812
1,2904,303.8999999999996,152,1,0.054723996727378314
1,2905,304.04999999999956,149,1,0.054669272730650934
1,2906,303.7499999999995,155,1,0.05461460345792028
1,2907,303.8999999999995,152,1,0.054559988854462366
1,2908,305.44999999999953,151,1,0.054505428865607906
1,2909,303.94999999999953,151,1,0.0544509234367423
1,2910,303.99999999999955,150,1,0.05439647251330556
1,2911,303.99999999999955,150,1,0.054342076040792255
1,2912,303.94999999999953,151,1,0.054287733964751464
1,2913,304.04999999999956,149,1,0.054233446230786714
1,2914,303.7999999999995,154,1,0.054179212784555925
1,2915,58.250000000000156,85,0,0.05412503357177137
1,2916,303.8999999999995,152,1,0.0540709085381996
1,2917,303.99999999999955,150,1,0.0540168376296614
1,2918,304.04999999999956,149,1,0.053962820792031733
1,2919,303.94999999999953,151,1,0.053908857971239704
1,2920,56.950000000000145,81,0,0.05385494911326846
1,2921,58.450000000000145,81,0,0.0538010941641552
1,2922,303.8999999999995,152,1,0.05374729306999104
1,2923,305.54999999999956,149,1,0.05369354577692105
1,2924,305.54999999999956,149,1,0.053639852231144126
1,2925,304.04999999999956,149,1,0.053586212378912985
1,2926,58.450000000000145,81,0,0.05353262616653407
1,2927,305.49999999999955,150,1,0.053479093540367534
1,2928,304.04999999999956,149,1,0.05342561444682717
1,2929,304.04999999999956,149,1,0.05337218883238034
1,2930,303.94999999999953,151,1,0.053318816643547956
1,2931,305.44999999999953,151,1,0.05326549782690441
1,2932,303.99999999999955,150,1,0.053212232329077506
1,2933,303.8999999999995,152,1,0.05315902009674843
1,2934,305.54999999999956,149,1,0.05310586107665168
1,2935,303.99999999999955,150,1,0.05305275521557503
1,2936,303.9499999999996,151,1,0.052999702460359455
1,2937,58.30000000000015,84,0,0.052946702757899096
1,2938,303.8999999999995,152,1,0.0528937560551412
1,2939,305.54999999999956,149,1,0.05284086229908606
1,2940,303.94999999999953,151,1,0.05278802143678697
1,2941,304.04999999999956,149,1,0.052735233415350184
1,2942,303.9499999999996,151,1,0.052682498181934836
1,2943,303.9499999999996,151,1,0.052629815683752905
1,2944,303.94999999999953,151,1,0.05257718586806915
1,2945,303.8999999999995,152,1,0.05252460868220108
1,2946,303.94999999999953,151,1,0.05247208407351888
1,2947,303.7999999999995,154,1,0.052419611989445364
1,2948,303.94999999999953,151,1,0.05236719237745592
1,2949,304.04999999999956,149,1,0.05231482518507846
1,2950,56.950000000000145,81,0,0.052262510359893384
1,2951,303.99999999999955,150,1,0.05221024784953349
1,2952,55.450000000000145,81,0,0.05215803760168396
1,2953,303.94999999999953,151,1,0.052105879564082275
1,2954,303.8499999999995,153,1,0.05205377368451819
1,2955,305.4499999999996,151,1,0.052001719910833674
1,2956,303.94999999999953,151,1,0.05194971819092284
1,2957,304.04999999999956,149,1,0.05189776847273191
1,2958,303.94999999999953,151,1,0.05184587070425918
1,2959,303.8999999999996,152,1,0.05179402483355492
1,2960,304.04999999999956,149,1,0.05174223080872137
1,2961,305.49999999999955,150,1,0.05169048857791265
1,2962,303.79999999999956,154,1,0.051638798089334734
1,2963,305.44999999999953,151,1,0.051587159291245396
1,2964,303.8999999999995,152,1,0.05153557213195415
1,2965,304.04999999999956,149,1,0.0514840365598222
1,2966,303.94999999999953,151,1,0.05143255252326238
1,2967,47.950000000000145,81,0,0.05138111997073912
1,2968,303.5999999999995,158,1,0.05132973885076838
1,2969,303.7499999999995,155,1,0.05127840911191761
1,2970,303.7999999999995,154,1,0.05122713070280569
1,2971,305.54999999999956,149,1,0.05117590357210289
1,2972,58.450000000000145,81,0,0.05112472766853079
1,2973,303.99999999999955,150,1,0.05107360294086226
1,2974,303.99999999999955,150,1,0.051022529337921396
1,2975,56.950000000000145,81,0,0.05097150680858348
1,2976,303.8499999999995,153,1,0.05092053530177489
1,2977,305.3499999999995,153,1,0.050869614766473115
1,2978,303.8999999999995,152,1,0.05081874515170664
1,2979,305.44999999999953,151,1,0.050767926406554933
1,2980,58.20000000000016,86,0,0.05071715848014838
1,2981,305.4999999999996,150,1,0.050666441321668226
1,2982,306.8499999999995,153,1,0.050615774880346555
1,2983,305.3499999999995,153,1,0.05056515910546621
1,2984,304.04999999999956,149,1,0.05051459394636074
1,2985,304.04999999999956,149,1,0.050464079352414384
1,2986,58.450000000000145,81,0,0.05041361527306197
1,2987,303.8499999999995,153,1,0.05036320165778891
1,2988,305.44999999999953,151,1,0.05031283845613112
1,2989,303.6999999999995,156,1,0.05026252561767499
1,2990,303.84999999999957,153,1,0.05021226309205731
1,2991,56.950000000000145,81,0,0.05016205082896526
1,2992,303.8999999999995,152,1,0.05011188877813629
1,2993,304.04999999999956,149,1,0.05006177688935816
1,2994,303.8999999999995,152,1,0.0500117151124688
1,2995,303.94999999999953,151,1,0.04996170339735633
1,2996,303.8499999999995,153,1,0.04996170339735633
1,2997,55.450000000000145,81,0,0.04996170339735633
1,2998,303.7999999999995,154,1,0.04996170339735633
1,2999,303.94999999999953,151,1,0.04996170339735633
1,3000,305.3999999999995,152,1,0.04996170339735633
1,3001,303.9499999999996,151,1,0.04996170339735633
1,3002,304.04999999999956,149,1,0.04996170339735633
1,3003,303.8999999999995,152,1,0.04996170339735633
1,3004,305.3999999999995,152,1,0.04996170339735633
1,3005,303.8999999999995,152,1,0.04996170339735633
1,3006,305.54999999999956,149,1,0.04996170339735633
1,3007,303.99999999999955,150,1,0.04996170339735633
1,3008,55.450000000000145,81,0,0.04996170339735633
1,3009,303.94999999999953,151,1,0.04996170339735633
1,3010,303.94999999999953,151,1,0.04996170339735633
1,3011,303.99999999999955,150,1,0.04996170339735633
1,3012,305.54999999999956,149,1,0.04996170339735633
1,3013,304.04999999999956,149,1,0.04996170339735633
1,3014,303.94999999999953,151,1,0.04996170339735633
1,3015,303.8499999999995,153,1,0.04996170339735633
1,3016,58.40000000000015,82,0,0.04996170339735633
1,3017,304.04999999999956,149,1,0.04996170339735633
1,3018,303.99999999999955,150,1,0.04996170339735633
1,3019,303.8999999999995,152,1,0.04996170339735633
1,3020,303.8999999999995,152,1,0.04996170339735633
1,3021,303.8999999999995,152,1,0.04996170339735633
1,3022,58.450000000000145,81,0,0.04996170339735633
1,3023,303.8499999999995,153,1,0.04996170339735633
1,3024,303.94999999999953,151,1,0.04996170339735633
1,3025,305.54999999999956,149,1,0.04996170339735633
1,3026,303.94999999999953,151,1,0.04996170339735633
1,3027,305.49999999999955,150,1,0.04996170339735633
1,3028,303.8499999999995,153,1,0.04996170339735633
1,3029,303.8499999999995,153,1,0.04996170339735633
1,3030,303.94999999999953,151,1,0.04996170339735633
1,3031,303.8499999999995,153,1,0.04996170339735633
1,3032,58.450000000000145,81,0,0.04996170339735633
1,3033,303.8999999999995,152,1,0.04996170339735633
1,3034,305.44999999999953,151,1,0.04996170339735633
1,3035,58.40000000000015,82,0,0.04996170339735633
1,3036,304.04999999999956,149,1,0.04996170339735633
1,3037,303.9499999999996,151,1,0.04996170339735633
1,3038,303.8499999999995,153,1,0.04996170339735633
1,3039,303.94999999999953,151,1,0.04996170339735633
1,3040,303.94999999999953,151,1,0.04996170339735633
1,3041,304.04999999999956,149,1,0.04996170339735633
1,3042,303.8499999999995,153,1,0.04996170339735633
1,3043,303.8499999999995,153,1,0.04996170339735633
1,3044,305.54999999999956,149,1,0.04996170339735633
1,3045,303.94999999999953,151,1,0.04996170339735633
1,3046,303.8499999999995,153,1,0.04996170339735633
1,3047,303.94999999999953,151,1,0.04996170339735633
1,3048,55.40000000000015,82,0,0.04996170339735633
1,3049,305.3999999999996,152,1,0.04996170339735633
1,3050,303.9999999999996,150,1,0.04996170339735633
1,3051,56.950000000000145,81,0,0.04996170339735633
1,3052,303.94999999999953,151,1,0.04996170339735633
1,3053,58.450000000000145,81,0,0.04996170339735633
1,3054,303.94999999999953,151,1,0.04996170339735633
1,3055,303.8499999999995,153,1,0.04996170339735633
1,3056,303.99999999999955,150,1,0.04996170339735633
1,3057,303.8999999999995,152,1,0.04996170339735633
1,3058,304.04999999999956,149,1,0.04996170339735633
1,3059,304.04999999999956,149,1,0.04996170339735633
1,3060,305.44999999999953,151,1,0.04996170339735633
1,3061,56.950000000000145,81,0,0.04996170339735633
1,3062,53.950000000000145,81,0,0.04996170339735633
1,3063,305.4499999999996,151,1,0.04996170339735633
1,3064,305.54999999999956,149,1,0.04996170339735633
1,3065,303.94999999999953,151,1,0.04996170339735633
1,3066,303.6999999999995,156,1,0.04996170339735633
1,3067,303.99999999999955,150,1,0.04996170339735633
1,3068,305.54999999999956,149,1,0.04996170339735633
1,3069,304.04999999999956,149,1,0.04996170339735633
1,3070,303.94999999999953,151,1,0.04996170339735633
1,3071,303.8999999999995,152,1,0.04996170339735633
1,3072,303.8499999999995,153,1,0.04996170339735633
1,3073,303.99999999999955,150,1,0.04996170339735633
1,3074,58.450000000000145,81,0,0.04996170339735633
1,3075,303.84999999999957,153,1,0.04996170339735633
1,3076,58.450000000000145,81,0,0.04996170339735633
1,3077,303.8999999999995,152,1,0.04996170339735633
1,3078,303.79999999999956,154,1,0.04996170339735633
1,3079,304.04999999999956,149,1,0.04996170339735633
1,3080,305.44999999999953,151,1,0.04996170339735633
1,3081,307.04999999999956,149,1,0.04996170339735633
1,3082,303.94999999999953,151,1,0.04996170339735633
1,3083,303.8999999999995,152,1,0.04996170339735633
1,3084,305.44999999999953,151,1,0.04996170339735633
1,3085,303.94999999999953,151,1,0.04996170339735633
1,3086,305.49999999999955,150,1,0.04996170339735633
1,3087,303.94999999999953,151,1,0.04996170339735633
1,3088,56.90000000000015,82,0,0.04996170339735633
1,3089,303.94999999999953,151,1,0.04996170339735633
1,3090,306.94999999999953,151,1,0.04996170339735633
1,3091,304.04999999999956,149,1,0.04996170339735633
1,3092,304.04999999999956,149,1,0.04996170339735633
1,3093,303.99999999999955,150,1,0.04996170339735633
1,3094,303.7499999999995,155,1,0.04996170339735633
1,3095,303.94999999999953,151,1,0.04996170339735633
1,3096,304.04999999999956,149,1,0.04996170339735633
1,3097,303.7499999999995,155,1,0.04996170339735633
1,3098,56.950000000000145,81,0,0.04996170339735633
1,3099,305.44999999999953,151,1,0.04996170339735633
1,3100,304.04999999999956,149,1,0.04996170339735633
1,3101,303.6999999999995,156,1,0.04996170339735633
1,3102,303.8499999999995,153,1,0.04996170339735633
1,3103,303.8999999999995,152,1,0.04996170339735633
1,3104,303.94999999999953,151,1,0.04996170339735633
1,3105,305.44999999999953,151,1,0.04996170339735633
1,3106,304.04999999999956,149,1,0.04996170339735633
1,3107,303.94999999999953,151,1,0.04996170339735633
1,3108,304.04999999999956,149,1,0.04996170339735633
1,3109,303.79999999999956,154,1,0.04996170339735633
1,3110,303.94999999999953,151,1,0.04996170339735633
1,3111,303.99999999999955,150,1,0.04996170339735633
1,3112,58.450000000000145,81,0,0.04996170339735633
1,3113,303.8999999999995,152,1,0.04996170339735633
1,3114,304.04999999999956,149,1,0.04996170339735633
1,3115,303.8499999999995,153,1,0.04996170339735633
1,3116,305.49999999999955,150,1,0.04996170339735633
1,3117,303.99999999999955,150,1,0.04996170339735633
1,3118,303.8999999999995,152,1,0.04996170339735633
1,3119,305.44999999999953,151,1,0.04996170339735633
1,3120,305.3499999999995,153,1,0.04996170339735633
1,3121,303.94999999999953,151,1,0.04996170339735633
1,3122,303.8499999999995,153,1,0.04996170339735633
1,3123,303.8999999999995,152,1,0.04996170339735633
1,3124,303.94999999999953,151,1,0.04996170339735633
1,3125,305.44999999999953,151,1,0.04996170339735633
1,3126,304.04999999999956,149,1,0.04996170339735633
1,3127,303.8999999999995,152,1,0.04996170339735633
1,3128,43.450000000000145,81,0,0.04996170339735633
1,3129,56.600000000000136,88,0,0.04996170339735633
1,3130,304.04999999999956,149,1,0.04996170339735633
1,3131,303.7999999999995,154,1,0.04996170339735633
1,3132,303.94999999999953,151,1,0.04996170339735633
1,3133,303.94999999999953,151,1,0.04996170339735633
1,3134,304.04999999999956,149,1,0.04996170339735633
1,3135,303.8999999999995,152,1,0.04996170339735633
1,3136,305.54999999999956,149,1,0.04996170339735633
1,3137,303.69999999999953,156,1,0.04996170339735633
1,3138,305.49999999999955,150,1,0.04996170339735633
1,3139,305.44999999999953,151,1,0.04996170339735633
1,3140,303.8999999999995,152,1,0.04996170339735633
1,3141,303.8999999999995,152,1,0.04996170339735633
1,3142,303.7999999999995,154,1,0.04996170339735633
1,3143,305.3999999999995,152,1,0.04996170339735633
1,3144,303.74999999999955,155,1,0.04996170339735633
1,3145,303.8999999999995,152,1,0.04996170339735633
1,3146,304.04999999999956,149,1,0.04996170339735633
1,3147,303.94999999999953,151,1,0.04996170339735633
1,3148,304.04999999999956,149,1,0.04996170339735633
1,3149,303.94999999999953,151,1,0.04996170339735633
1,3150,305.54999999999956,149,1,0.04996170339735633
1,3151,305.44999999999953,151,1,0.04996170339735633
1,3152,305.44999999999953,151,1,0.04996170339735633
1,3153,303.8999999999995,152,1,0.04996170339735633
1,3154,303.99999999999955,150,1,0.04996170339735633
1,3155,305.44999999999953,151,1,0.04996170339735633
1,3156,303.94999999999953,151,1,0.04996170339735633
1,3157,304.04999999999956,149,1,0.04996170339735633
1,3158,304.04999999999956,149,1,0.04996170339735633
1,3159,303.8499999999995,153,1,0.04996170339735633
1,3160,303.94999999999953,151,1,0.04996170339735633
1,3161,58.450000000000145,81,0,0.04996170339735633
1,3162,303.99999999999955,150,1,0.04996170339735633
1,3163,303.7999999999995,154,1,0.04996170339735633
1,3164,303.79999999999956,154,1,0.04996170339735633
1,3165,303.7499999999995,155,1,0.04996170339735633
1,3166,303.9499999999996,151,1,0.04996170339735633
1,3167,305.4999999999996,150,1,0.04996170339735633
1,3168,305.3999999999995,152,1,0.04996170339735633
1,3169,305.54999999999956,149,1,0.04996170339735633
1,3170,303.8499999999995,153,1,0.04996170339735633
1,3171,303.99999999999955,150,1,0.04996170339735633
1,3172,305.44999999999953,151,1,0.04996170339735633
1,3173,303.94999999999953,151,1,0.04996170339735633
1,3174,303.94999999999953,151,1,0.04996170339735633
1,3175,304.04999999999956,149,1,0.04996170339735633
1,3176,303.6999999999995,156,1,0.04996170339735633
1,3177,304.04999999999956,149,1,0.04996170339735633
1,3178,305.54999999999956,149,1,0.04996170339735633
1,3179,303.99999999999955,150,1,0.04996170339735633
1,3180,303.8499999999995,153,1,0.04996170339735633
1,3181,303.7999999999995,154,1,0.04996170339735633
1,3182,305.44999999999953,151,1,0.04996170339735633
1,3183,305.3499999999995,153,1,0.04996170339735633
1,3184,53.950000000000145,81,0,0.04996170339735633
1,3185,55.450000000000145,81,0,0.04996170339735633
1,3186,303.8999999999996,152,1,0.04996170339735633
1,3187,304.04999999999956,149,1,0.04996170339735633
1,3188,58.450000000000145,81,0,0.04996170339735633
1,3189,303.94999999999953,151,1,0.04996170339735633
1,3190,304.04999999999956,149,1,0.04996170339735633
1,3191,304.04999999999956,149,1,0.04996170339735633
1,3192,305.44999999999953,151,1,0.04996170339735633
1,3193,303.99999999999955,150,1,0.04996170339735633
1,3194,303.94999999999953,151,1,0.04996170339735633
1,3195,303.8499999999995,153,1,0.04996170339735633
1,3196,304.04999999999956,149,1,0.04996170339735633
1,3197,303.94999999999953,151,1,0.04996170339735633
1,3198,305.2999999999995,154,1,0.04996170339735633
1,3199,303.69999999999953,156,1,0.04996170339735633
1,3200,303.8999999999995,152,1,0.04996170339735633
1,3201,305.44999999999953,151,1,0.04996170339735633
1,3202,303.94999999999953,151,1,0.04996170339735633
1,3203,303.8999999999995,152,1,0.04996170339735633
1,3204,304.04999999999956,149,1,0.04996170339735633
1,3205,305.14999999999947,157,1,0.04996170339735633
1,3206,303.94999999999953,151,1,0.04996170339735633
1,3207,303.99999999999955,150,1,0.04996170339735633
1,3208,303.8999999999995,152,1,0.04996170339735633
1,3209,305.44999999999953,151,1,0.04996170339735633
1,3210,305.2999999999995,154,1,0.04996170339735633
1,3211,305.44999999999953,151,1,0.04996170339735633
1,3212,304.04999999999956,149,1,0.04996170339735633
1,3213,303.8999999999995,152,1,0.04996170339735633
1,3214,303.7999999999995,154,1,0.04996170339735633
1,3215,303.9499999999996,151,1,0.04996170339735633
1,3216,304.04999999999956,149,1,0.04996170339735633
1,3217,303.8999999999995,152,1,0.04996170339735633
1,3218,303.9999999999996,150,1,0.04996170339735633
1,3219,303.8999999999995,152,1,0.04996170339735633
1,3220,303.99999999999955,150,1,0.04996170339735633
1,3221,56.950000000000145,81,0,0.04996170339735633
1,3222,47.950000000000145,81,0,0.04996170339735633
1,3223,305.49999999999955,150,1,0.04996170339735633
1,3224,303.8999999999995,152,1,0.04996170339735633
1,3225,305.54999999999956,149,1,0.04996170339735633
1,3226,305.44999999999953,151,1,0.04996170339735633
1,3227,303.8999999999995,152,1,0.04996170339735633
1,3228,58.450000000000145,81,0,0.04996170339735633
1,3229,303.7999999999995,154,1,0.04996170339735633
1,3230,303.94999999999953,151,1,0.04996170339735633
1,3231,303.8499999999995,153,1,0.04996170339735633
1,3232,303.94999999999953,151,1,0.04996170339735633
1,3233,303.94999999999953,151,1,0.04996170339735633
1,3234,303.64999999999947,157,1,0.04996170339735633
1,3235,56.950000000000145,81,0,0.04996170339735633
1,3236,303.8499999999995,153,1,0.04996170339735633
1,3237,303.7499999999995,155,1,0.04996170339735633
1,3238,303.99999999999955,150,1,0.04996170339735633
1,3239,303.8999999999995,152,1,0.04996170339735633
1,3240,303.9999999999996,150,1,0.04996170339735633
1,3241,305.3999999999995,152,1,0.04996170339735633
1,3242,303.79999999999956,154,1,0.04996170339735633
1,3243,303.7999999999995,154,1,0.04996170339735633
1,3244,128.19999999999976,156,0,0.04996170339735633
1,3245,303.8499999999995,153,1,0.04996170339735633
1,3246,303.99999999999955,150,1,0.04996170339735633
1,3247,303.94999999999953,151,1,0.04996170339735633
1,3248,304.04999999999956,149,1,0.04996170339735633
1,3249,303.94999999999953,151,1,0.04996170339735633
1,3250,303.99999999999955,150,1,0.04996170339735633
1,3251,305.54999999999956,149,1,0.04996170339735633
1,3252,56.90000000000015,82,0,0.04996170339735633
1,3253,305.44999999999953,151,1,0.04996170339735633
1,3254,303.8499999999995,153,1,0.04996170339735633
1,3255,303.8499999999995,153,1,0.04996170339735633
1,3256,303.94999999999953,151,1,0.04996170339735633
1,3257,303.99999999999955,150,1,0.04996170339735633
1,3258,303.94999999999953,151,1,0.04996170339735633
1,3259,56.90000000000015,82,0,0.04996170339735633
1,3260,304.04999999999956,149,1,0.04996170339735633
1,3261,303.99999999999955,150,1,0.04996170339735633
1,3262,303.8999999999995,152,1,0.04996170339735633
1,3263,303.84999999999957,153,1,0.04996170339735633
1,3264,304.04999999999956,149,1,0.04996170339735633
1,3265,304.04999999999956,149,1,0.04996170339735633
1,3266,303.6499999999995,157,1,0.04996170339735633
1,3267,303.8999999999995,152,1,0.04996170339735633
1,3268,303.8499999999995,153,1,0.04996170339735633
1,3269,303.8999999999995,152,1,0.04996170339735633
1,3270,303.99999999999955,150,1,0.04996170339735633
1,3271,305.54999999999956,149,1,0.04996170339735633
1,3272,303.8999999999996,152,1,0.04996170339735633
1,3273,303.99999999999955,150,1,0.04996170339735633
1,3274,303.8999999999995,152,1,0.04996170339735633
1,3275,303.79999999999956,154,1,0.04996170339735633
1,3276,58.450000000000145,81,0,0.04996170339735633
1,3277,303.94999999999953,151,1,0.04996170339735633
1,3278,305.54999999999956,149,1,0.04996170339735633
1,3279,303.94999999999953,151,1,0.04996170339735633
1,3280,304.04999999999956,149,1,0.04996170339735633
1,3281,303.8999999999995,152,1,0.04996170339735633
1,3282,305.49999999999955,150,1,0.04996170339735633
1,3283,53.90000000000015,82,0,0.04996170339735633
1,3284,303.8999999999995,152,1,0.04996170339735633
1,3285,304.04999999999956,149,1,0.04996170339735633
1,3286,303.54999999999956,159,1,0.04996170339735633
1,3287,303.94999999999953,151,1,0.04996170339735633
1,3288,304.04999999999956,149,1,0.04996170339735633
1,3289,303.7999999999995,154,1,0.04996170339735633
1,3290,303.7999999999995,154,1,0.04996170339735633
1,3291,304.04999999999956,149,1,0.04996170339735633
1,3292,303.9499999999996,151,1,0.04996170339735633
1,3293,305.54999999999956,149,1,0.04996170339735633
1,3294,58.450000000000145,81,0,0.04996170339735633
1,3295,305.44999999999953,151,1,0.04996170339735633
1,3296,303.8499999999995,153,1,0.04996170339735633
1,3297,304.04999999999956,149,1,0.04996170339735633
1,3298,303.7999999999995,154,1,0.04996170339735633
1,3299,305.54999999999956,149,1,0.04996170339735633
1,3300,305.49999999999955,150,1,0.04996170339735633
1,3301,56.90000000000015,82,0,0.04996170339735633
1,3302,58.450000000000145,81,0,0.04996170339735633
1,3303,305.54999999999956,149,1,0.04996170339735633
1,3304,304.04999999999956,149,1,0.04996170339735633
1,3305,303.99999999999955,150,1,0.04996170339735633
1,3306,303.8499999999995,153,1,0.04996170339735633
1,3307,303.8999999999995,152,1,0.04996170339735633
1,3308,303.94999999999953,151,1,0.04996170339735633
1,3309,303.7999999999995,154,1,0.04996170339735633
1,3310,303.8499999999995,153,1,0.04996170339735633
1,3311,305.3999999999995,152,1,0.04996170339735633
1,3312,58.30000000000015,84,0,0.04996170339735633
1,3313,303.9999999999996,150,1,0.04996170339735633
1,3314,303.7999999999995,154,1,0.04996170339735633
1,3315,304.04999999999956,149,1,0.04996170339735633
1,3316,303.99999999999955,150,1,0.04996170339735633
1,3317,303.94999999999953,151,1,0.04996170339735633
1,3318,303.94999999999953,151,1,0.04996170339735633
1,3319,305.2999999999996,154,1,0.04996170339735633
1,3320,305.3499999999995,153,1,0.04996170339735633
1,3321,304.04999999999956,149,1,0.04996170339735633
1,3322,303.8499999999995,153,1,0.04996170339735633
1,3323,56.950000000000145,81,0,0.04996170339735633
1,3324,304.04999999999956,149,1,0.04996170339735633
1,3325,303.8499999999995,153,1,0.04996170339735633
1,3326,305.44999999999953,151,1,0.04996170339735633
1,3327,304.04999999999956,149,1,0.04996170339735633
1,3328,303.94999999999953,151,1,0.04996170339735633
1,3329,303.8999999999995,152,1,0.04996170339735633
1,3330,303.94999999999953,151,1,0.04996170339735633
1,3331,303.9999999999996,150,1,0.04996170339735633
1,3332,303.94999999999953,151,1,0.04996170339735633
1,3333,305.44999999999953,151,1,0.04996170339735633
1,3334,58.450000000000145,81,0,0.04996170339735633
1,3335,305.54999999999956,149,1,0.04996170339735633
1,3336,304.04999999999956,149,1,0.04996170339735633
1,3337,304.04999999999956,149,1,0.04996170339735633
1,3338,58.450000000000145,81,0,0.04996170339735633
1,3339,303.7999999999995,154,1,0.04996170339735633
1,3340,303.94999999999953,151,1,0.04996170339735633
1,3341,304.04999999999956,149,1,0.04996170339735633
1,3342,303.94999999999953,151,1,0.04996170339735633
1,3343,303.94999999999953,151,1,0.04996170339735633
1,3344,305.49999999999955,150,1,0.04996170339735633
1,3345,303.7999999999995,154,1,0.04996170339735633
1,3346,303.99999999999955,150,1,0.04996170339735633
1,3347,303.94999999999953,151,1,0.04996170339735633
1,3348,304.04999999999956,149,1,0.04996170339735633
1,3349,303.94999999999953,151,1,0.04996170339735633
1,3350,304.04999999999956,149,1,0.04996170339735633
1,3351,58.40000000000015,82,0,0.04996170339735633
1,3352,303.94999999999953,151,1,0.04996170339735633
1,3353,304.04999999999956,149,1,0.04996170339735633
1,3354,303.94999999999953,151,1,0.04996170339735633
1,3355,56.90000000000015,82,0,0.04996170339735633
1,3356,303.7999999999995,154,1,0.04996170339735633
1,3357,304.04999999999956,149,1,0.04996170339735633
1,3358,303.94999999999953,151,1,0.04996170339735633
1,3359,303.99999999999955,150,1,0.04996170339735633
1,3360,305.3999999999995,152,1,0.04996170339735633
1,3361,303.7499999999995,155,1,0.04996170339735633
1,3362,304.04999999999956,149,1,0.04996170339735633
1,3363,303.84999999999957,153,1,0.04996170339735633
1,3364,303.8999999999995,152,1,0.04996170339735633
1,3365,303.8499999999995,153,1,0.04996170339735633
1,3366,303.7499999999995,155,1,0.04996170339735633
1,3367,304.04999999999956,149,1,0.04996170339735633
1,3368,304.04999999999956,149,1,0.04996170339735633
1,3369,303.8999999999995,152,1,0.04996170339735633
1,3370,303.84999999999957,153,1,0.04996170339735633
1,3371,305.54999999999956,149,1,0.04996170339735633
1,3372,304.04999999999956,149,1,0.04996170339735633
1,3373,56.90000000000015,82,0,0.04996170339735633
1,3374,303.94999999999953,151,1,0.04996170339735633
1,3375,303.99999999999955,150,1,0.04996170339735633
1,3376,304.04999999999956,149,1,0.04996170339735633
1,3377,58.450000000000145,81,0,0.04996170339735633
1,3378,305.54999999999956,149,1,0.04996170339735633
1,3379,303.94999999999953,151,1,0.04996170339735633
1,3380,303.99999999999955,150,1,0.04996170339735633
1,3381,304.04999999999956,149,1,0.04996170339735633
1,3382,303.8999999999995,152,1,0.04996170339735633
1,3383,303.94999999999953,151,1,0.04996170339735633
1,3384,306.7999999999995,154,1,0.04996170339735633
1,3385,303.8999999999995,152,1,0.04996170339735633
1,3386,303.94999999999953,151,1,0.04996170339735633
1,3387,305.54999999999956,149,1,0.04996170339735633
1,3388,303.94999999999953,151,1,0.04996170339735633
1,3389,58.450000000000145,81,0,0.04996170339735633
1,3390,305.44999999999953,151,1,0.04996170339735633
1,3391,303.99999999999955,150,1,0.04996170339735633
1,3392,303.8999999999995,152,1,0.04996170339735633
1,3393,303.94999999999953,151,1,0.04996170339735633
1,3394,304.04999999999956,149,1,0.04996170339735633
1,3395,303.99999999999955,150,1,0.04996170339735633
1,3396,305.49999999999955,150,1,0.04996170339735633
1,3397,303.8999999999995,152,1,0.04996170339735633
1,3398,303.99999999999955,150,1,0.04996170339735633
1,3399,303.94999999999953,151,1,0.04996170339735633
1,3400,305.3999999999995,152,1,0.04996170339735633
1,3401,305.54999999999956,149,1,0.04996170339735633
1,3402,305.4499999999996,151,1,0.04996170339735633
1,3403,303.8999999999995,152,1,0.04996170339735633
1,3404,304.04999999999956,149,1,0.04996170339735633
1,3405,303.99999999999955,150,1,0.04996170339735633
1,3406,305.54999999999956,149,1,0.04996170339735633
1,3407,304.04999999999956,149,1,0.04996170339735633
1,3408,303.94999999999953,151,1,0.04996170339735633
1,3409,304.04999999999956,149,1,0.04996170339735633
1,3410,304.04999999999956,149,1,0.04996170339735633
1,3411,303.94999999999953,151,1,0.04996170339735633
1,3412,305.54999999999956,149,1,0.04996170339735633
1,3413,304.04999999999956,149,1,0.04996170339735633
1,3414,303.99999999999955,150,1,0.04996170339735633
1,3415,303.94999999999953,151,1,0.04996170339735633
1,3416,303.8499999999995,153,1,0.04996170339735633
1,3417,303.99999999999955,150,1,0.04996170339735633
1,3418,303.94999999999953,151,1,0.04996170339735633
1,3419,303.99999999999955,150,1,0.04996170339735633
1,3420,304.04999999999956,149,1,0.04996170339735633
1,3421,303.8499999999995,153,1,0.04996170339735633
1,3422,304.04999999999956,149,1,0.04996170339735633
1,3423,303.8999999999995,152,1,0.04996170339735633
1,3424,303.94999999999953,151,1,0.04996170339735633
1,3425,305.3999999999995,152,1,0.04996170339735633
1,3426,304.04999999999956,149,1,0.04996170339735633
1,3427,58.450000000000145,81,0,0.04996170339735633
1,3428,305.44999999999953,151,1,0.04996170339735633
1,3429,303.6999999999995,156,1,0.04996170339735633
1,3430,303.8999999999995,152,1,0.04996170339735633
1,3431,304.04999999999956,149,1,0.04996170339735633
1,3432,303.99999999999955,150,1,0.04996170339735633
1,3433,58.40000000000015,82,0,0.04996170339735633
1,3434,303.8999999999996,152,1,0.04996170339735633
1,3435,303.7499999999995,155,1,0.04996170339735633
1,3436,305.44999999999953,151,1,0.04996170339735633
1,3437,303.8999999999995,152,1,0.04996170339735633
1,3438,303.94999999999953,151,1,0.04996170339735633
1,3439,303.9499999999996,151,1,0.04996170339735633
1,3440,303.8999999999995,152,1,0.04996170339735633
1,3441,305.3999999999995,152,1,0.04996170339735633
1,3442,303.94999999999953,151,1,0.04996170339735633
1,3443,58.40000000000015,82,0,0.04996170339735633
1,3444,305.44999999999953,151,1,0.04996170339735633
1,3445,305.44999999999953,151,1,0.04996170339735633
1,3446,303.99999999999955,150,1,0.04996170339735633
1,3447,303.8999999999995,152,1,0.04996170339735633
1,3448,135.69999999999976,156,0,0.04996170339735633
1,3449,303.8499999999995,153,1,0.04996170339735633
1,3450,303.99999999999955,150,1,0.04996170339735633
1,3451,303.99999999999955,150,1,0.04996170339735633
1,3452,304.04999999999956,149,1,0.04996170339735633
1,3453,303.99999999999955,150,1,0.04996170339735633
1,3454,305.54999999999956,149,1,0.04996170339735633
1,3455,304.04999999999956,149,1,0.04996170339735633
1,3456,303.79999999999956,154,1,0.04996170339735633
1,3457,303.94999999999953,151,1,0.04996170339735633
1,3458,304.04999999999956,149,1,0.04996170339735633
1,3459,304.04999999999956,149,1,0.04996170339735633
1,3460,303.8499999999995,153,1,0.04996170339735633
1,3461,304.04999999999956,149,1,0.04996170339735633
1,3462,303.99999999999955,150,1,0.04996170339735633
1,3463,303.94999999999953,151,1,0.04996170339735633
1,3464,131.24999999999977,155,0,0.04996170339735633
1,3465,305.54999999999956,149,1,0.04996170339735633
1,3466,305.44999999999953,151,1,0.04996170339735633
1,3467,58.450000000000145,81,0,0.04996170339735633
1,3468,305.4499999999996,151,1,0.04996170339735633
1,3469,305.54999999999956,149,1,0.04996170339735633
1,3470,303.99999999999955,150,1,0.04996170339735633
1,3471,303.8999999999996,152,1,0.04996170339735633
1,3472,303.69999999999953,156,1,0.04996170339735633
1,3473,58.450000000000145,81,0,0.04996170339735633
1,3474,303.99999999999955,150,1,0.04996170339735633
1,3475,303.84999999999957,153,1,0.04996170339735633
1,3476,303.8999999999995,152,1,0.04996170339735633
1,3477,56.90000000000015,82,0,0.04996170339735633
1,3478,304.04999999999956,149,1,0.04996170339735633
1,3479,303.7999999999995,154,1,0.04996170339735633
1,3480,305.54999999999956,149,1,0.04996170339735633
1,3481,303.94999999999953,151,1,0.04996170339735633
1,3482,305.54999999999956,149,1,0.04996170339735633
1,3483,303.94999999999953,151,1,0.04996170339735633
1,3484,305.44999999999953,151,1,0.04996170339735633
1,3485,303.99999999999955,150,1,0.04996170339735633
1,3486,303.94999999999953,151,1,0.04996170339735633
1,3487,303.8999999999995,152,1,0.04996170339735633
1,3488,303.94999999999953,151,1,0.04996170339735633
1,3489,303.8999999999995,152,1,0.04996170339735633
1,3490,303.94999999999953,151,1,0.04996170339735633
1,3491,305.54999999999956,149,1,0.04996170339735633
1,3492,303.8499999999995,153,1,0.04996170339735633
1,3493,305.44999999999953,151,1,0.04996170339735633
1,3494,58.450000000000145,81,0,0.04996170339735633
1,3495,303.94999999999953,151,1,0.04996170339735633
1,3496,304.04999999999956,149,1,0.04996170339735633
1,3497,303.94999999999953,151,1,0.04996170339735633
1,3498,58.450000000000145,81,0,0.04996170339735633
1,3499,303.8999999999995,152,1,0.04996170339735633
1,3500,303.99999999999955,150,1,0.04996170339735633
1,3501,304.04999999999956,149,1,0.04996170339735633
1,3502,303.8999999999995,152,1,0.04996170339735633
1,3503,305.3999999999995,152,1,0.04996170339735633
1,3504,303.7499999999995,155,1,0.04996170339735633
1,3505,305.44999999999953,151,1,0.04996170339735633
1,3506,303.99999999999955,150,1,0.04996170339735633
1,3507,305.4499999999996,151,1,0.04996170339735633
1,3508,303.99999999999955,150,1,0.04996170339735633
1,3509,303.8999999999996,152,1,0.04996170339735633
1,3510,303.7499999999995,155,1,0.04996170339735633
1,3511,303.8999999999995,152,1,0.04996170339735633
1,3512,303.8499999999995,153,1,0.04996170339735633
1,3513,56.950000000000145,81,0,0.04996170339735633
1,3514,303.7499999999995,155,1,0.04996170339735633
1,3515,303.94999999999953,151,1,0.04996170339735633
1,3516,305.44999999999953,151,1,0.04996170339735633
1,3517,58.40000000000015,82,0,0.04996170339735633
1,3518,303.8999999999995,152,1,0.04996170339735633
1,3519,304.04999999999956,149,1,0.04996170339735633
1,3520,303.8499999999995,153,1,0.04996170339735633
1,3521,303.94999999999953,151,1,0.04996170339735633
1,3522,304.04999999999956,149,1,0.04996170339735633
1,3523,305.4999999999996,150,1,0.04996170339735633
1,3524,304.04999999999956,149,1,0.04996170339735633
1,3525,304.04999999999956,149,1,0.04996170339735633
1,3526,303.8999999999995,152,1,0.04996170339735633
1,3527,304.04999999999956,149,1,0.04996170339735633
1,3528,305.54999999999956,149,1,0.04996170339735633
1,3529,304.04999999999956,149,1,0.04996170339735633
1,3530,303.8499999999995,153,1,0.04996170339735633
1,3531,303.8999999999995,152,1,0.04996170339735633
1,3532,303.94999999999953,151,1,0.04996170339735633
1,3533,306.8999999999996,152,1,0.04996170339735633
1,3534,303.8499999999995,153,1,0.04996170339735633
1,3535,303.8999999999996,152,1,0.04996170339735633
1,3536,56.950000000000145,81,0,0.04996170339735633
1,3537,303.8499999999995,153,1,0.04996170339735633
1,3538,303.6999999999995,156,1,0.04996170339735633
1,3539,303.8999999999995,152,1,0.04996170339735633
1,3540,305.54999999999956,149,1,0.04996170339735633
1,3541,304.04999999999956,149,1,0.04996170339735633
1,3542,303.99999999999955,150,1,0.04996170339735633
1,3543,304.04999999999956,149,1,0.04996170339735633
1,3544,303.99999999999955,150,1,0.04996170339735633
1,3545,303.94999999999953,151,1,0.04996170339735633
1,3546,303.8499999999995,153,1,0.04996170339735633
1,3547,304.04999999999956,149,1,0.04996170339735633
1,3548,303.8499999999995,153,1,0.04996170339735633
1,3549,303.94999999999953,151,1,0.04996170339735633
1,3550,303.8999999999995,152,1,0.04996170339735633
1,3551,303.8999999999995,152,1,0.04996170339735633
1,3552,304.04999999999956,149,1,0.04996170339735633
1,3553,303.99999999999955,150,1,0.04996170339735633
1,3554,303.94999999999953,151,1,0.04996170339735633
1,3555,303.94999999999953,151,1,0.04996170339735633
1,3556,305.49999999999955,150,1,0.04996170339735633
1,3557,303.99999999999955,150,1,0.04996170339735633
1,3558,303.8999999999995,152,1,0.04996170339735633
1,3559,303.94999999999953,151,1,0.04996170339735633
1,3560,303.8499999999995,153,1,0.04996170339735633
1,3561,303.94999999999953,151,1,0.04996170339735633
1,3562,303.7999999999995,154,1,0.04996170339735633
1,3563,304.04999999999956,149,1,0.04996170339735633
1,3564,303.99999999999955,150,1,0.04996170339735633
1,3565,303.94999999999953,151,1,0.04996170339735633
1,3566,304.04999999999956,149,1,0.04996170339735633
1,3567,304.04999999999956,149,1,0.04996170339735633
1,3568,303.94999999999953,151,1,0.04996170339735633
1,3569,304.04999999999956,149,1,0.04996170339735633
1,3570,304.04999999999956,149,1,0.04996170339735633
1,3571,58.40000000000015,82,0,0.04996170339735633
1,3572,305.34999999999957,153,1,0.04996170339735633
1,3573,304.04999999999956,149,1,0.04996170339735633
1,3574,303.99999999999955,150,1,0.04996170339735633
1,3575,303.99999999999955,150,1,0.04996170339735633
1,3576,305.54999999999956,149,1,0.04996170339735633
1,3577,303.94999999999953,151,1,0.04996170339735633
1,3578,304.04999999999956,149,1,0.04996170339735633
1,3579,128.04999999999978,159,0,0.04996170339735633
1,3580,303.69999999999953,156,1,0.04996170339735633
1,3581,303.8999999999995,152,1,0.04996170339735633
1,3582,304.04999999999956,149,1,0.04996170339735633
1,3583,305.54999999999956,149,1,0.04996170339735633
1,3584,303.94999999999953,151,1,0.04996170339735633
1,3585,58.30000000000014,84,0,0.04996170339735633
1,3586,303.8999999999995,152,1,0.04996170339735633
1,3587,304.04999999999956,149,1,0.04996170339735633
1,3588,303.94999999999953,151,1,0.04996170339735633
1,3589,303.8999999999995,152,1,0.04996170339735633
1,3590,56.85000000000015,83,0,0.04996170339735633
1,3591,303.94999999999953,151,1,0.04996170339735633
1,3592,305.3999999999995,152,1,0.04996170339735633
1,3593,304.04999999999956,149,1,0.04996170339735633
1,3594,303.99999999999955,150,1,0.04996170339735633
1,3595,305.54999999999956,149,1,0.04996170339735633
1,3596,304.04999999999956,149,1,0.04996170339735633
1,3597,304.04999999999956,149,1,0.04996170339735633
1,3598,303.8999999999995,152,1,0.04996170339735633
1,3599,47.90000000000015,82,0,0.04996170339735633
1,3600,305.54999999999956,149,1,0.04996170339735633
1,3601,303.94999999999953,151,1,0.04996170339735633
1,3602,303.8499999999995,153,1,0.04996170339735633
1,3603,303.8499999999995,153,1,0.04996170339735633
1,3604,303.94999999999953,151,1,0.04996170339735633
1,3605,303.69999999999953,156,1,0.04996170339735633
1,3606,305.54999999999956,149,1,0.04996170339735633
1,3607,56.950000000000145,81,0,0.04996170339735633
1,3608,303.6499999999995,157,1,0.04996170339735633
1,3609,303.6999999999995,156,1,0.04996170339735633
1,3610,303.7499999999995,155,1,0.04996170339735633
1,3611,303.94999999999953,151,1,0.04996170339735633
1,3612,58.450000000000145,81,0,0.04996170339735633
1,3613,303.8499999999995,153,1,0.04996170339735633
1,3614,303.99999999999955,150,1,0.04996170339735633
1,3615,303.8499999999995,153,1,0.04996170339735633
1,3616,303.94999999999953,151,1,0.04996170339735633
1,3617,303.8499999999995,153,1,0.04996170339735633
1,3618,304.04999999999956,149,1,0.04996170339735633
1,3619,304.04999999999956,149,1,0.04996170339735633
1,3620,303.74999999999955,155,1,0.04996170339735633
1,3621,304.04999999999956,149,1,0.04996170339735633
1,3622,303.94999999999953,151,1,0.04996170339735633
1,3623,303.94999999999953,151,1,0.04996170339735633
1,3624,303.7499999999995,155,1,0.04996170339735633
1,3625,303.7999999999995,154,1,0.04996170339735633
1,3626,303.99999999999955,150,1,0.04996170339735633
1,3627,303.7499999999995,155,1,0.04996170339735633
1,3628,303.94999999999953,151,1,0.04996170339735633
1,3629,303.74999999999955,155,1,0.04996170339735633
1,3630,303.6999999999995,156,1,0.04996170339735633
1,3631,305.44999999999953,151,1,0.04996170339735633
1,3632,303.8999999999995,152,1,0.04996170339735633
1,3633,303.99999999999955,150,1,0.04996170339735633
1,3634,303.94999999999953,151,1,0.04996170339735633
1,3635,303.94999999999953,151,1,0.04996170339735633
1,3636,303.94999999999953,151,1,0.04996170339735633
1,3637,303.99999999999955,150,1,0.04996170339735633
1,3638,303.7499999999995,155,1,0.04996170339735633
1,3639,303.8999999999995,152,1,0.04996170339735633
1,3640,303.8999999999995,152,1,0.04996170339735633
1,3641,303.7499999999995,155,1,0.04996170339735633
1,3642,305.44999999999953,151,1,0.04996170339735633
1,3643,303.94999999999953,151,1,0.04996170339735633
1,3644,304.04999999999956,149,1,0.04996170339735633
1,3645,303.94999999999953,151,1,0.04996170339735633
1,3646,304.04999999999956,149,1,0.04996170339735633
1,3647,303.99999999999955,150,1,0.04996170339735633
1,3648,305.44999999999953,151,1,0.04996170339735633
1,3649,303.7999999999995,154,1,0.04996170339735633
1,3650,303.99999999999955,150,1,0.04996170339735633
1,3651,303.8999999999995,152,1,0.04996170339735633
1,3652,303.8499999999995,153,1,0.04996170339735633
1,3653,56.950000000000145,81,0,0.04996170339735633
1,3654,303.99999999999955,150,1,0.04996170339735633
1,3655,305.44999999999953,151,1,0.04996170339735633
1,3656,303.9499999999996,151,1,0.04996170339735633
1,3657,305.54999999999956,149,1,0.04996170339735633
1,3658,303.7999999999995,154,1,0.04996170339735633
1,3659,303.8999999999995,152,1,0.04996170339735633
1,3660,303.99999999999955,150,1,0.04996170339735633
1,3661,303.8999999999996,152,1,0.04996170339735633
1,3662,303.99999999999955,150,1,0.04996170339735633
1,3663,305.34999999999957,153,1,0.04996170339735633
1,3664,303.8499999999995,153,1,0.04996170339735633
1,3665,303.99999999999955,150,1,0.04996170339735633
1,3666,303.6999999999995,156,1,0.04996170339735633
1,3667,305.44999999999953,151,1,0.04996170339735633
1,3668,305.44999999999953,151,1,0.04996170339735633
1,3669,303.99999999999955,150,1,0.04996170339735633
1,3670,303.94999999999953,151,1,0.04996170339735633
1,3671,304.04999999999956,149,1,0.04996170339735633
1,3672,303.99999999999955,150,1,0.04996170339735633
1,3673,303.8499999999995,153,1,0.04996170339735633
1,3674,303.8999999999995,152,1,0.04996170339735633
1,3675,305.44999999999953,151,1,0.04996170339735633
1,3676,303.8999999999995,152,1,0.04996170339735633
1,3677,304.04999999999956,149,1,0.04996170339735633
1,3678,56.90000000000015,82,0,0.04996170339735633
1,3679,303.79999999999956,154,1,0.04996170339735633
1,3680,303.94999999999953,151,1,0.04996170339735633
1,3681,303.94999999999953,151,1,0.04996170339735633
1,3682,304.04999999999956,149,1,0.04996170339735633
1,3683,305.44999999999953,151,1,0.04996170339735633
1,3684,307.04999999999956,149,1,0.04996170339735633
1,3685,304.04999999999956,149,1,0.04996170339735633
1,3686,304.04999999999956,149,1,0.04996170339735633
1,3687,58.450000000000145,81,0,0.04996170339735633
1,3688,305.3999999999995,152,1,0.04996170339735633
1,3689,305.54999999999956,149,1,0.04996170339735633
1,3690,56.950000000000145,81,0,0.04996170339735633
1,3691,303.9999999999996,150,1,0.04996170339735633
1,3692,304.04999999999956,149,1,0.04996170339735633
1,3693,303.7999999999995,154,1,0.04996170339735633
1,3694,303.99999999999955,150,1,0.04996170339735633
1,3695,58.450000000000145,81,0,0.04996170339735633
1,3696,303.8999999999995,152,1,0.04996170339735633
1,3697,303.99999999999955,150,1,0.04996170339735633
1,3698,303.6999999999995,156,1,0.04996170339735633
1,3699,53.950000000000145,81,0,0.04996170339735633
1,3700,305.54999999999956,149,1,0.04996170339735633
1,3701,53.950000000000145,81,0,0.04996170339735633
1,3702,303.64999999999947,157,1,0.04996170339735633
1,3703,303.99999999999955,150,1,0.04996170339735633
1,3704,55.35000000000015,83,0,0.04996170339735633
1,3705,305.49999999999955,150,1,0.04996170339735633
1,3706,305.3999999999995,152,1,0.04996170339735633
1,3707,303.94999999999953,151,1,0.04996170339735633
1,3708,305.54999999999956,149,1,0.04996170339735633
1,3709,58.450000000000145,81,0,0.04996170339735633
1,3710,303.8499999999995,153,1,0.04996170339735633
1,3711,305.49999999999955,150,1,0.04996170339735633
1,3712,303.94999999999953,151,1,0.04996170339735633
1,3713,303.94999999999953,151,1,0.04996170339735633
1,3714,303.99999999999955,150,1,0.04996170339735633
1,3715,305.54999999999956,149,1,0.04996170339735633
1,3716,303.8999999999995,152,1,0.04996170339735633
1,3717,303.99999999999955,150,1,0.04996170339735633
1,3718,303.8499999999995,153,1,0.04996170339735633
1,3719,303.8999999999995,152,1,0.04996170339735633
1,3720,303.8999999999995,152,1,0.04996170339735633
1,3721,56.950000000000145,81,0,0.04996170339735633
1,3722,303.94999999999953,151,1,0.04996170339735633
1,3723,303.8999999999995,152,1,0.04996170339735633
1,3724,303.8499999999995,153,1,0.04996170339735633
1,3725,303.8499999999995,153,1,0.04996170339735633
1,3726,303.8499999999995,153,1,0.04996170339735633
1,3727,303.8999999999995,152,1,0.04996170339735633
1,3728,304.04999999999956,149,1,0.04996170339735633
1,3729,304.04999999999956,149,1,0.04996170339735633
1,3730,303.7499999999995,155,1,0.04996170339735633
1,3731,303.8999999999995,152,1,0.04996170339735633
1,3732,303.69999999999953,156,1,0.04996170339735633
1,3733,304.04999999999956,149,1,0.04996170339735633
1,3734,303.7499999999995,155,1,0.04996170339735633
1,3735,303.94999999999953,151,1,0.04996170339735633
1,3736,303.99999999999955,150,1,0.04996170339735633
1,3737,58.450000000000145,81,0,0.04996170339735633
1,3738,305.44999999999953,151,1,0.04996170339735633
1,3739,304.04999999999956,149,1,0.04996170339735633
1,3740,304.04999999999956,149,1,0.04996170339735633
1,3741,303.8499999999995,153,1,0.04996170339735633
1,3742,305.54999999999956,149,1,0.04996170339735633
1,3743,303.8999999999995,152,1,0.04996170339735633
1,3744,303.99999999999955,150,1,0.04996170339735633
1,3745,305.54999999999956,149,1,0.04996170339735633
1,3746,304.04999999999956,149,1,0.04996170339735633
1,3747,303.94999999999953,151,1,0.04996170339735633
1,3748,303.99999999999955,150,1,0.04996170339735633
1,3749,303.99999999999955,150,1,0.04996170339735633
1,3750,304.04999999999956,149,1,0.04996170339735633
1,3751,304.04999999999956,149,1,0.04996170339735633
1,3752,52.450000000000145,81,0,0.04996170339735633
1,3753,303.94999999999953,151,1,0.04996170339735633
1,3754,305.54999999999956,149,1,0.04996170339735633
1,3755,304.04999999999956,149,1,0.04996170339735633
1,3756,304.04999999999956,149,1,0.04996170339735633
1,3757,303.8999999999995,152,1,0.04996170339735633
1,3758,305.54999999999956,149,1,0.04996170339735633
1,3759,305.3999999999995,152,1,0.04996170339735633
1,3760,303.59999999999945,158,1,0.04996170339735633
1,3761,56.950000000000145,81,0,0.04996170339735633
1,3762,303.99999999999955,150,1,0.04996170339735633
1,3763,303.94999999999953,151,1,0.04996170339735633
1,3764,303.99999999999955,150,1,0.04996170339735633
1,3765,305.3999999999995,152,1,0.04996170339735633
1,3766,303.94999999999953,151,1,0.04996170339735633
1,3767,305.54999999999956,149,1,0.04996170339735633
1,3768,303.84999999999957,153,1,0.04996170339735633
1,3769,303.7999999999995,154,1,0.04996170339735633
1,3770,303.8499999999995,153,1,0.04996170339735633
1,3771,303.94999999999953,151,1,0.04996170339735633
1,3772,304.04999999999956,149,1,0.04996170339735633
1,3773,303.7999999999995,154,1,0.04996170339735633
1,3774,303.94999999999953,151,1,0.04996170339735633
1,3775,303.94999999999953,151,1,0.04996170339735633
1,3776,303.99999999999955,150,1,0.04996170339735633
1,3777,303.74999999999955,155,1,0.04996170339735633
1,3778,303.99999999999955,150,1,0.04996170339735633
1,3779,303.94999999999953,151,1,0.04996170339735633
1,3780,303.94999999999953,151,1,0.04996170339735633
1,3781,305.54999999999956,149,1,0.04996170339735633
1,3782,303.99999999999955,150,1,0.04996170339735633
1,3783,305.3999999999995,152,1,0.04996170339735633
1,3784,303.84999999999957,153,1,0.04996170339735633
1,3785,58.450000000000145,81,0,0.04996170339735633
1,3786,303.94999999999953,151,1,0.04996170339735633
1,3787,303.94999999999953,151,1,0.04996170339735633
1,3788,303.94999999999953,151,1,0.04996170339735633
1,3789,303.8499999999995,153,1,0.04996170339735633
1,3790,305.44999999999953,151,1,0.04996170339735633
1,3791,305.49999999999955,150,1,0.04996170339735633
1,3792,303.8499999999995,153,1,0.04996170339735633
1,3793,303.8999999999996,152,1,0.04996170339735633
1,3794,303.94999999999953,151,1,0.04996170339735633
1,3795,303.94999999999953,151,1,0.04996170339735633
1,3796,305.49999999999955,150,1,0.04996170339735633
1,3797,303.69999999999953,156,1,0.04996170339735633
1,3798,303.6999999999995,156,1,0.04996170339735633
1,3799,303.8999999999996,152,1,0.04996170339735633
1,3800,304.04999999999956,149,1,0.04996170339735633
1,3801,303.8499999999995,153,1,0.04996170339735633
1,3802,303.8999999999995,152,1,0.04996170339735633
1,3803,303.8999999999995,152,1,0.04996170339735633
1,3804,305.3499999999995,153,1,0.04996170339735633
1,3805,305.54999999999956,149,1,0.04996170339735633
1,3806,305.49999999999955,150,1,0.04996170339735633
1,3807,303.99999999999955,150,1,0.04996170339735633
1,3808,303.94999999999953,151,1,0.04996170339735633
1,3809,303.6999999999995,156,1,0.04996170339735633
1,3810,303.99999999999955,150,1,0.04996170339735633
1,3811,303.8999999999995,152,1,0.04996170339735633
1,3812,58.30000000000015,84,0,0.04996170339735633
1,3813,303.99999999999955,150,1,0.04996170339735633
1,3814,303.94999999999953,151,1,0.04996170339735633
1,3815,304.04999999999956,149,1,0.04996170339735633
1,3816,303.94999999999953,151,1,0.04996170339735633
1,3817,304.04999999999956,149,1,0.04996170339735633
1,3818,303.94999999999953,151,1,0.04996170339735633
1,3819,305.44999999999953,151,1,0.04996170339735633
1,3820,303.94999999999953,151,1,0.04996170339735633
1,3821,305.4499999999996,151,1,0.04996170339735633
1,3822,304.04999999999956,149,1,0.04996170339735633
1,3823,303.8999999999995,152,1,0.04996170339735633
1,3824,303.7999999999995,154,1,0.04996170339735633
1,3825,305.54999999999956,149,1,0.04996170339735633
1,3826,304.04999999999956,149,1,0.04996170339735633
1,3827,303.99999999999955,150,1,0.04996170339735633
1,3828,303.8999999999995,152,1,0.04996170339735633
1,3829,58.40000000000015,82,0,0.04996170339735633
1,3830,303.94999999999953,151,1,0.04996170339735633
1,3831,304.04999999999956,149,1,0.04996170339735633
1,3832,303.94999999999953,151,1,0.04996170339735633
1,3833,303.94999999999953,151,1,0.04996170339735633
1,3834,303.8499999999995,153,1,0.04996170339735633
1,3835,303.8999999999995,152,1,0.04996170339735633
1,3836,305.44999999999953,151,1,0.04996170339735633
1,3837,305.44999999999953,151,1,0.04996170339735633
1,3838,303.8999999999995,152,1,0.04996170339735633
1,3839,303.94999999999953,151,1,0.04996170339735633
1,3840,303.99999999999955,150,1,0.04996170339735633
1,3841,304.04999999999956,149,1,0.04996170339735633
1,3842,303.8499999999995,153,1,0.04996170339735633
1,3843,303.9499999999996,151,1,0.04996170339735633
1,3844,303.8999999999995,152,1,0.04996170339735633
1,3845,58.35000000000015,83,0,0.04996170339735633
1,3846,303.94999999999953,151,1,0.04996170339735633
1,3847,303.99999999999955,150,1,0.04996170339735633
1,3848,305.54999999999956,149,1,0.04996170339735633
1,3849,304.04999999999956,149,1,0.04996170339735633
1,3850,303.94999999999953,151,1,0.04996170339735633
1,3851,303.8999999999995,152,1,0.04996170339735633
1,3852,303.99999999999955,150,1,0.04996170339735633
1,3853,303.99999999999955,150,1,0.04996170339735633
1,3854,303.94999999999953,151,1,0.04996170339735633
1,3855,303.84999999999957,153,1,0.04996170339735633
1,3856,303.99999999999955,150,1,0.04996170339735633
1,3857,304.04999999999956,149,1,0.04996170339735633
1,3858,305.4999999999996,150,1,0.04996170339735633
1,3859,305.3999999999995,152,1,0.04996170339735633
1,3860,305.54999999999956,149,1,0.04996170339735633
1,3861,303.8999999999995,152,1,0.04996170339735633
1,3862,305.54999999999956,149,1,0.04996170339735633
1,3863,303.99999999999955,150,1,0.04996170339735633
1,3864,305.54999999999956,149,1,0.04996170339735633
1,3865,303.94999999999953,151,1,0.04996170339735633
1,3866,303.7999999999995,154,1,0.04996170339735633
1,3867,303.8999999999995,152,1,0.04996170339735633
1,3868,303.94999999999953,151,1,0.04996170339735633
1,3869,303.7999999999995,154,1,0.04996170339735633
1,3870,303.94999999999953,151,1,0.04996170339735633
1,3871,303.99999999999955,150,1,0.04996170339735633
1,3872,303.99999999999955,150,1,0.04996170339735633
1,3873,305.44999999999953,151,1,0.04996170339735633
1,3874,303.94999999999953,151,1,0.04996170339735633
1,3875,305.3999999999996,152,1,0.04996170339735633
1,3876,304.04999999999956,149,1,0.04996170339735633
1,3877,303.94999999999953,151,1,0.04996170339735633
1,3878,303.94999999999953,151,1,0.04996170339735633
1,3879,303.99999999999955,150,1,0.04996170339735633
1,3880,303.7499999999996,155,1,0.04996170339735633
1,3881,303.9499999999996,151,1,0.04996170339735633
1,3882,305.3999999999995,152,1,0.04996170339735633
1,3883,303.94999999999953,151,1,0.04996170339735633
1,3884,303.94999999999953,151,1,0.04996170339735633
1,3885,303.8999999999995,152,1,0.04996170339735633
1,3886,303.94999999999953,151,1,0.04996170339735633
1,3887,303.94999999999953,151,1,0.04996170339735633
1,3888,303.8499999999995,153,1,0.04996170339735633
1,3889,303.8499999999995,153,1,0.04996170339735633
1,3890,303.8999999999995,152,1,0.04996170339735633
1,3891,53.90000000000015,82,0,0.04996170339735633
1,3892,305.24999999999955,155,1,0.04996170339735633
1,3893,55.450000000000145,81,0,0.04996170339735633
1,3894,58.40000000000015,82,0,0.04996170339735633
1,3895,303.7999999999995,154,1,0.04996170339735633
1,3896,305.49999999999955,150,1,0.04996170339735633
1,3897,304.04999999999956,149,1,0.04996170339735633
1,3898,303.94999999999953,151,1,0.04996170339735633
1,3899,303.8999999999995,152,1,0.04996170339735633
1,3900,303.94999999999953,151,1,0.04996170339735633
1,3901,303.94999999999953,151,1,0.04996170339735633
1,3902,303.94999999999953,151,1,0.04996170339735633
1,3903,303.94999999999953,151,1,0.04996170339735633
1,3904,303.99999999999955,150,1,0.04996170339735633
1,3905,303.99999999999955,150,1,0.04996170339735633
1,3906,304.04999999999956,149,1,0.04996170339735633
1,3907,303.99999999999955,150,1,0.04996170339735633
1,3908,304.04999999999956,149,1,0.04996170339735633
1,3909,303.99999999999955,150,1,0.04996170339735633
1,3910,303.94999999999953,151,1,0.04996170339735633
1,3911,58.450000000000145,81,0,0.04996170339735633
1,3912,303.99999999999955,150,1,0.04996170339735633
1,3913,46.25000000000014,85,0,0.04996170339735633
1,3914,303.99999999999955,150,1,0.04996170339735633
1,3915,303.7499999999995,155,1,0.04996170339735633
1,3916,56.950000000000145,81,0,0.04996170339735633
1,3917,303.8499999999995,153,1,0.04996170339735633
1,3918,303.7499999999995,155,1,0.04996170339735633
1,3919,303.8999999999995,152,1,0.04996170339735633
1,3920,303.7999999999995,154,1,0.04996170339735633
1,3921,303.94999999999953,151,1,0.04996170339735633
1,3922,303.94999999999953,151,1,0.04996170339735633
1,3923,303.7499999999995,155,1,0.04996170339735633
1,3924,303.7499999999995,155,1,0.04996170339735633
1,3925,58.35000000000015,83,0,0.04996170339735633
1,3926,303.7499999999995,155,1,0.04996170339735633
1,3927,303.99999999999955,150,1,0.04996170339735633
1,3928,304.04999999999956,149,1,0.04996170339735633
1,3929,303.8999999999996,152,1,0.04996170339735633
1,3930,303.99999999999955,150,1,0.04996170339735633
1,3931,303.8999999999995,152,1,0.04996170339735633
1,3932,304.04999999999956,149,1,0.04996170339735633
1,3933,303.8999999999995,152,1,0.04996170339735633
1,3934,303.6499999999995,157,1,0.04996170339735633
1,3935,304.04999999999956,149,1,0.04996170339735633
1,3936,303.99999999999955,150,1,0.04996170339735633
1,3937,303.8999999999995,152,1,0.04996170339735633
1,3938,303.94999999999953,151,1,0.04996170339735633
1,3939,303.99999999999955,150,1,0.04996170339735633
1,3940,303.8999999999995,152,1,0.04996170339735633
1,3941,305.49999999999955,150,1,0.04996170339735633
1,3942,303.99999999999955,150,1,0.04996170339735633
1,3943,305.44999999999953,151,1,0.04996170339735633
1,3944,126.69999999999978,156,0,0.04996170339735633
1,3945,58.450000000000145,81,0,0.04996170339735633
1,3946,305.3499999999995,153,1,0.04996170339735633
1,3947,303.94999999999953,151,1,0.04996170339735633
1,3948,303.99999999999955,150,1,0.04996170339735633
1,3949,304.04999999999956,149,1,0.04996170339735633
1,3950,303.8499999999995,153,1,0.04996170339735633
1,3951,303.69999999999953,156,1,0.04996170339735633
1,3952,303.9999999999996,150,1,0.04996170339735633
1,3953,303.8499999999995,153,1,0.04996170339735633
1,3954,305.3999999999995,152,1,0.04996170339735633
1,3955,303.99999999999955,150,1,0.04996170339735633
1,3956,303.94999999999953,151,1,0.04996170339735633
1,3957,304.04999999999956,149,1,0.04996170339735633
1,3958,303.7999999999995,154,1,0.04996170339735633
1,3959,304.04999999999956,149,1,0.04996170339735633
1,3960,56.85000000000015,83,0,0.04996170339735633
1,3961,304.04999999999956,149,1,0.04996170339735633
1,3962,304.04999999999956,149,1,0.04996170339735633
1,3963,303.99999999999955,150,1,0.04996170339735633
1,3964,305.54999999999956,149,1,0.04996170339735633
1,3965,303.94999999999953,151,1,0.04996170339735633
1,3966,58.450000000000145,81,0,0.04996170339735633
1,3967,303.99999999999955,150,1,0.04996170339735633
1,3968,304.04999999999956,149,1,0.04996170339735633
1,3969,305.44999999999953,151,1,0.04996170339735633
1,3970,304.04999999999956,149,1,0.04996170339735633
1,3971,303.94999999999953,151,1,0.04996170339735633
1,3972,56.950000000000145,81,0,0.04996170339735633
1,3973,303.9499999999996,151,1,0.04996170339735633
1,3974,304.04999999999956,149,1,0.04996170339735633
1,3975,304.04999999999956,149,1,0.04996170339735633
1,3976,303.8499999999995,153,1,0.04996170339735633
1,3977,303.8999999999995,152,1,0.04996170339735633
1,3978,303.74999999999955,155,1,0.04996170339735633
1,3979,56.90000000000015,82,0,0.04996170339735633
1,3980,303.8999999999995,152,1,0.04996170339735633
1,3981,303.8499999999995,153,1,0.04996170339735633
1,3982,305.3999999999995,152,1,0.04996170339735633
1,3983,303.84999999999957,153,1,0.04996170339735633
1,3984,303.99999999999955,150,1,0.04996170339735633
1,3985,303.94999999999953,151,1,0.04996170339735633
1,3986,303.79999999999956,154,1,0.04996170339735633
1,3987,303.94999999999953,151,1,0.04996170339735633
1,3988,303.99999999999955,150,1,0.04996170339735633
1,3989,303.5999999999995,158,1,0.04996170339735633
1,3990,303.8499999999995,153,1,0.04996170339735633
1,3991,305.3499999999995,153,1,0.04996170339735633
1,3992,303.8999999999995,152,1,0.04996170339735633
1,3993,304.04999999999956,149,1,0.04996170339735633
1,3994,305.49999999999955,150,1,0.04996170339735633
1,3995,303.94999999999953,151,1,0.04996170339735633
1,3996,305.44999999999953,151,1,0.04996170339735633
1,3997,304.04999999999956,149,1,0.04996170339735633
1,3998,303.7499999999995,155,1,0.04996170339735633
1,3999,303.7499999999995,155,1,0.04996170339735633
1,4000,303.94999999999953,151,1,0.04996170339735633
1,4001,303.94999999999953,151,1,0.04996170339735633
1,4002,303.94999999999953,151,1,0.04996170339735633
1,4003,303.94999999999953,151,1,0.04996170339735633
1,4004,305.44999999999953,151,1,0.04996170339735633
1,4005,304.04999999999956,149,1,0.04996170339735633
1,4006,303.94999999999953,151,1,0.04996170339735633
1,4007,303.8499999999995,153,1,0.04996170339735633
1,4008,303.99999999999955,150,1,0.04996170339735633
1,4009,58.450000000000145,81,0,0.04996170339735633
1,4010,304.04999999999956,149,1,0.04996170339735633
1,4011,304.04999999999956,149,1,0.04996170339735633
1,4012,304.04999999999956,149,1,0.04996170339735633
1,4013,303.6999999999995,156,1,0.04996170339735633
1,4014,305.44999999999953,151,1,0.04996170339735633
1,4015,58.350000000000136,83,0,0.04996170339735633
1,4016,56.850000000000136,83,0,0.04996170339735633
1,4017,303.99999999999955,150,1,0.04996170339735633
1,4018,303.8999999999995,152,1,0.04996170339735633
1,4019,303.8999999999995,152,1,0.04996170339735633
1,4020,303.8999999999995,152,1,0.04996170339735633
1,4021,303.8499999999995,153,1,0.04996170339735633
1,4022,58.35000000000015,83,0,0.04996170339735633
1,4023,58.35000000000015,83,0,0.04996170339735633
1,4024,303.94999999999953,151,1,0.04996170339735633
1,4025,303.94999999999953,151,1,0.04996170339735633
1,4026,303.8999999999995,152,1,0.04996170339735633
1,4027,303.7499999999995,155,1,0.04996170339735633
1,4028,303.8499999999995,153,1,0.04996170339735633
1,4029,303.94999999999953,151,1,0.04996170339735633
1,4030,304.04999999999956,149,1,0.04996170339735633
1,4031,303.8499999999995,153,1,0.04996170339735633
1,4032,303.74999999999955,155,1,0.04996170339735633
1,4033,303.94999999999953,151,1,0.04996170339735633
1,4034,303.94999999999953,151,1,0.04996170339735633
1,4035,303.64999999999947,157,1,0.04996170339735633
1,4036,303.94999999999953,151,1,0.04996170339735633
1,4037,305.54999999999956,149,1,0.04996170339735633
1,4038,305.54999999999956,149,1,0.04996170339735633
1,4039,303.9999999999996,150,1,0.04996170339735633
1,4040,303.8999999999995,152,1,0.04996170339735633
1,4041,303.94999999999953,151,1,0.04996170339735633
1,4042,304.04999999999956,149,1,0.04996170339735633
1,4043,303.99999999999955,150,1,0.04996170339735633
1,4044,303.94999999999953,151,1,0.04996170339735633
1,4045,303.8999999999995,152,1,0.04996170339735633
1,4046,303.8499999999995,153,1,0.04996170339735633
1,4047,305.49999999999955,150,1,0.04996170339735633
1,4048,304.04999999999956,149,1,0.04996170339735633
1,4049,56.950000000000145,81,0,0.04996170339735633
1,4050,303.99999999999955,150,1,0.04996170339735633
1,4051,303.7499999999995,155,1,0.04996170339735633
1,4052,303.8499999999995,153,1,0.04996170339735633
1,4053,305.54999999999956,149,1,0.04996170339735633
1,4054,303.99999999999955,150,1,0.04996170339735633
1,4055,305.4499999999996,151,1,0.04996170339735633
1,4056,305.54999999999956,149,1,0.04996170339735633
1,4057,303.9499999999996,151,1,0.04996170339735633
1,4058,304.04999999999956,149,1,0.04996170339735633
1,4059,303.7499999999995,155,1,0.04996170339735633
1,4060,304.04999999999956,149,1,0.04996170339735633
1,4061,303.7999999999995,154,1,0.04996170339735633
1,4062,58.450000000000145,81,0,0.04996170339735633
1,4063,304.04999999999956,149,1,0.04996170339735633
1,4064,304.04999999999956,149,1,0.04996170339735633
1,4065,304.04999999999956,149,1,0.04996170339735633
1,4066,304.04999999999956,149,1,0.04996170339735633
1,4067,304.04999999999956,149,1,0.04996170339735633
1,4068,304.04999999999956,149,1,0.04996170339735633
1,4069,303.99999999999955,150,1,0.04996170339735633
1,4070,58.40000000000015,82,0,0.04996170339735633
1,4071,305.44999999999953,151,1,0.04996170339735633
1,4072,304.04999999999956,149,1,0.04996170339735633
1,4073,303.8499999999995,153,1,0.04996170339735633
1,4074,304.04999999999956,149,1,0.04996170339735633
1,4075,303.8999999999996,152,1,0.04996170339735633
1,4076,304.04999999999956,149,1,0.04996170339735633
1,4077,303.8999999999995,152,1,0.04996170339735633
1,4078,303.94999999999953,151,1,0.04996170339735633
1,4079,303.7499999999995,155,1,0.04996170339735633
1,4080,303.8499999999995,153,1,0.04996170339735633
1,4081,303.8499999999995,153,1,0.04996170339735633
1,4082,303.99999999999955,150,1,0.04996170339735633
1,4083,305.54999999999956,149,1,0.04996170339735633
1,4084,303.84999999999957,153,1,0.04996170339735633
1,4085,303.94999999999953,151,1,0.04996170339735633
1,4086,303.99999999999955,150,1,0.04996170339735633
1,4087,303.8499999999995,153,1,0.04996170339735633
1,4088,304.04999999999956,149,1,0.04996170339735633
1,4089,303.8999999999995,152,1,0.04996170339735633
1,4090,303.8999999999995,152,1,0.04996170339735633
1,4091,303.94999999999953,151,1,0.04996170339735633
1,4092,303.94999999999953,151,1,0.04996170339735633
1,4093,304.04999999999956,149,1,0.04996170339735633
1,4094,303.9999999999996,150,1,0.04996170339735633
1,4095,303.94999999999953,151,1,0.04996170339735633
1,4096,303.99999999999955,150,1,0.04996170339735633
1,4097,58.35000000000015,83,0,0.04996170339735633
1,4098,303.94999999999953,151,1,0.04996170339735633
1,4099,303.9999999999996,150,1,0.04996170339735633
1,4100,305.44999999999953,151,1,0.04996170339735633
1,4101,304.04999999999956,149,1,0.04996170339735633
1,4102,303.99999999999955,150,1,0.04996170339735633
1,4103,303.94999999999953,151,1,0.04996170339735633
1,4104,303.8999999999995,152,1,0.04996170339735633
1,4105,303.8999999999995,152,1,0.04996170339735633
1,4106,303.59999999999945,158,1,0.04996170339735633
1,4107,303.94999999999953,151,1,0.04996170339735633
1,4108,305.54999999999956,149,1,0.04996170339735633
1,4109,305.44999999999953,151,1,0.04996170339735633
1,4110,303.94999999999953,151,1,0.04996170339735633
1,4111,303.94999999999953,151,1,0.04996170339735633
1,4112,304.04999999999956,149,1,0.04996170339735633
1,4113,303.94999999999953,151,1,0.04996170339735633
1,4114,305.44999999999953,151,1,0.04996170339735633
1,4115,303.8999999999995,152,1,0.04996170339735633
1,4116,303.8999999999995,152,1,0.04996170339735633
1,4117,304.04999999999956,149,1,0.04996170339735633
1,4118,303.99999999999955,150,1,0.04996170339735633
1,4119,303.99999999999955,150,1,0.04996170339735633
1,4120,304.04999999999956,149,1,0.04996170339735633
1,4121,305.54999999999956,149,1,0.04996170339735633
1,4122,303.99999999999955,150,1,0.04996170339735633
1,4123,303.8999999999995,152,1,0.04996170339735633
1,4124,305.44999999999953,151,1,0.04996170339735633
1,4125,303.94999999999953,151,1,0.04996170339735633
1,4126,303.94999999999953,151,1,0.04996170339735633
1,4127,305.3999999999995,152,1,0.04996170339735633
1,4128,303.4499999999995,161,1,0.04996170339735633
1,4129,303.6999999999995,156,1,0.04996170339735633
1,4130,303.94999999999953,151,1,0.04996170339735633
1,4131,303.94999999999953,151,1,0.04996170339735633
1,4132,303.8499999999995,153,1,0.04996170339735633
1,4133,303.8499999999995,153,1,0.04996170339735633
1,4134,303.94999999999953,151,1,0.04996170339735633
1,4135,305.44999999999953,151,1,0.04996170339735633
1,4136,303.8999999999995,152,1,0.04996170339735633
1,4137,305.4499999999996,151,1,0.04996170339735633
1,4138,303.94999999999953,151,1,0.04996170339735633
1,4139,303.8999999999995,152,1,0.04996170339735633
1,4140,303.99999999999955,150,1,0.04996170339735633
1,4141,303.94999999999953,151,1,0.04996170339735633
1,4142,304.04999999999956,149,1,0.04996170339735633
1,4143,303.94999999999953,151,1,0.04996170339735633
1,4144,303.94999999999953,151,1,0.04996170339735633
1,4145,304.04999999999956,149,1,0.04996170339735633
1,4146,303.8999999999995,152,1,0.04996170339735633
1,4147,303.8499999999995,153,1,0.04996170339735633
1,4148,303.79999999999956,154,1,0.04996170339735633
1,4149,303.99999999999955,150,1,0.04996170339735633
1,4150,303.99999999999955,150,1,0.04996170339735633
1,4151,303.7999999999995,154,1,0.04996170339735633
1,4152,303.7999999999995,154,1,0.04996170339735633
1,4153,303.79999999999956,154,1,0.04996170339735633
1,4154,303.94999999999953,151,1,0.04996170339735633
1,4155,303.94999999999953,151,1,0.04996170339735633
1,4156,303.8999999999995,152,1,0.04996170339735633
1,4157,304.04999999999956,149,1,0.04996170339735633
1,4158,304.04999999999956,149,1,0.04996170339735633
1,4159,303.79999999999956,154,1,0.04996170339735633
1,4160,58.450000000000145,81,0,0.04996170339735633
1,4161,303.8499999999995,153,1,0.04996170339735633
1,4162,303.8999999999995,152,1,0.04996170339735633
1,4163,304.04999999999956,149,1,0.04996170339735633
1,4164,58.450000000000145,81,0,0.04996170339735633
1,4165,305.54999999999956,149,1,0.04996170339735633
1,4166,303.94999999999953,151,1,0.04996170339735633
1,4167,58.450000000000145,81,0,0.04996170339735633
1,4168,305.49999999999955,150,1,0.04996170339735633
1,4169,303.7999999999995,154,1,0.04996170339735633
1,4170,303.84999999999957,153,1,0.04996170339735633
1,4171,56.950000000000145,81,0,0.04996170339735633
1,4172,303.8499999999995,153,1,0.04996170339735633
1,4173,303.9999999999996,150,1,0.04996170339735633
1,4174,304.04999999999956,149,1,0.04996170339735633
1,4175,303.99999999999955,150,1,0.04996170339735633
1,4176,303.7499999999995,155,1,0.04996170339735633
1,4177,58.35000000000015,83,0,0.04996170339735633
1,4178,304.04999999999956,149,1,0.04996170339735633
1,4179,305.54999999999956,149,1,0.04996170339735633
1,4180,305.54999999999956,149,1,0.04996170339735633
1,4181,303.94999999999953,151,1,0.04996170339735633
1,4182,304.04999999999956,149,1,0.04996170339735633
1,4183,58.450000000000145,81,0,0.04996170339735633
1,4184,305.44999999999953,151,1,0.04996170339735633
1,4185,305.54999999999956,149,1,0.04996170339735633
1,4186,305.54999999999956,149,1,0.04996170339735633
1,4187,303.8999999999995,152,1,0.04996170339735633
1,4188,305.49999999999955,150,1,0.04996170339735633
1,4189,303.99999999999955,150,1,0.04996170339735633
1,4190,303.99999999999955,150,1,0.04996170339735633
1,4191,303.8999999999995,152,1,0.04996170339735633
1,4192,55.450000000000145,81,0,0.04996170339735633
1,4193,303.94999999999953,151,1,0.04996170339735633
1,4194,303.9999999999996,150,1,0.04996170339735633
1,4195,303.8999999999996,152,1,0.04996170339735633
1,4196,55.40000000000015,82,0,0.04996170339735633
1,4197,303.8499999999995,153,1,0.04996170339735633
1,4198,305.3999999999995,152,1,0.04996170339735633
1,4199,305.4499999999996,151,1,0.04996170339735633
1,4200,303.94999999999953,151,1,0.04996170339735633
1,4201,303.99999999999955,150,1,0.04996170339735633
1,4202,303.8999999999996,152,1,0.04996170339735633
1,4203,305.54999999999956,149,1,0.04996170339735633
1,4204,303.8999999999995,152,1,0.04996170339735633
1,4205,58.35000000000015,83,0,0.04996170339735633
1,4206,303.8499999999995,153,1,0.04996170339735633
1,4207,305.54999999999956,149,1,0.04996170339735633
1,4208,303.7499999999995,155,1,0.04996170339735633
1,4209,303.99999999999955,150,1,0.04996170339735633
1,4210,303.94999999999953,151,1,0.04996170339735633
1,4211,304.04999999999956,149,1,0.04996170339735633
1,4212,55.450000000000145,81,0,0.04996170339735633
1,4213,303.99999999999955,150,1,0.04996170339735633
1,4214,303.79999999999956,154,1,0.04996170339735633
1,4215,303.7999999999995,154,1,0.04996170339735633
1,4216,303.99999999999955,150,1,0.04996170339735633
1,4217,304.04999999999956,149,1,0.04996170339735633
1,4218,305.3499999999995,153,1,0.04996170339735633
1,4219,303.8499999999995,153,1,0.04996170339735633
1,4220,305.2499999999995,155,1,0.04996170339735633
1,4221,58.40000000000015,82,0,0.04996170339735633
1,4222,303.8499999999995,153,1,0.04996170339735633
1,4223,305.54999999999956,149,1,0.04996170339735633
1,4224,303.8999999999995,152,1,0.04996170339735633
1,4225,303.8999999999995,152,1,0.04996170339735633
1,4226,303.8999999999996,152,1,0.04996170339735633
1,4227,303.8999999999995,152,1,0.04996170339735633
1,4228,303.69999999999953,156,1,0.04996170339735633
1,4229,303.8499999999995,153,1,0.04996170339735633
1,4230,305.2999999999995,154,1,0.04996170339735633
1,4231,56.950000000000145,81,0,0.04996170339735633
1,4232,303.94999999999953,151,1,0.04996170339735633
1,4233,303.94999999999953,151,1,0.04996170339735633
1,4234,304.04999999999956,149,1,0.04996170339735633
1,4235,303.94999999999953,151,1,0.04996170339735633
1,4236,303.94999999999953,151,1,0.04996170339735633
1,4237,303.99999999999955,150,1,0.04996170339735633
1,4238,304.04999999999956,149,1,0.04996170339735633
1,4239,304.04999999999956,149,1,0.04996170339735633
1,4240,305.44999999999953,151,1,0.04996170339735633
1,4241,303.9999999999996,150,1,0.04996170339735633
1,4242,304.04999999999956,149,1,0.04996170339735633
1,4243,303.99999999999955,150,1,0.04996170339735633
1,4244,304.04999999999956,149,1,0.04996170339735633
1,4245,303.8499999999995,153,1,0.04996170339735633
1,4246,303.8499999999995,153,1,0.04996170339735633
1,4247,303.8999999999995,152,1,0.04996170339735633
1,4248,303.84999999999957,153,1,0.04996170339735633
1,4249,303.8499999999995,153,1,0.04996170339735633
1,4250,305.54999999999956,149,1,0.04996170339735633
1,4251,303.8999999999996,152,1,0.04996170339735633
1,4252,303.8499999999995,153,1,0.04996170339735633
1,4253,303.7999999999995,154,1,0.04996170339735633
1,4254,303.94999999999953,151,1,0.04996170339735633
1,4255,303.94999999999953,151,1,0.04996170339735633
1,4256,303.94999999999953,151,1,0.04996170339735633
1,4257,303.7999999999995,154,1,0.04996170339735633
1,4258,303.94999999999953,151,1,0.04996170339735633
1,4259,305.49999999999955,150,1,0.04996170339735633
1,4260,303.8499999999995,153,1,0.04996170339735633
1,4261,303.8499999999995,153,1,0.04996170339735633
1,4262,303.8499999999995,153,1,0.04996170339735633
1,4263,303.94999999999953,151,1,0.04996170339735633
1,4264,305.44999999999953,151,1,0.04996170339735633
1,4265,305.3499999999995,153,1,0.04996170339735633
1,4266,303.8999999999995,152,1,0.04996170339735633
1,4267,303.94999999999953,151,1,0.04996170339735633
1,4268,58.40000000000015,82,0,0.04996170339735633
1,4269,305.3999999999995,152,1,0.04996170339735633
1,4270,303.94999999999953,151,1,0.04996170339735633
1,4271,303.6499999999995,157,1,0.04996170339735633
1,4272,303.94999999999953,151,1,0.04996170339735633
1,4273,303.8499999999995,153,1,0.04996170339735633
1,4274,305.54999999999956,149,1,0.04996170339735633
1,4275,303.7999999999995,154,1,0.04996170339735633
1,4276,303.94999999999953,151,1,0.04996170339735633
1,4277,303.94999999999953,151,1,0.04996170339735633
1,4278,303.8999999999995,152,1,0.04996170339735633
1,4279,303.94999999999953,151,1,0.04996170339735633
1,4280,303.9499999999996,151,1,0.04996170339735633
1,4281,303.99999999999955,150,1,0.04996170339735633
1,4282,303.94999999999953,151,1,0.04996170339735633
1,4283,303.94999999999953,151,1,0.04996170339735633
1,4284,303.94999999999953,151,1,0.04996170339735633
1,4285,303.99999999999955,150,1,0.04996170339735633
1,4286,304.04999999999956,149,1,0.04996170339735633
1,4287,304.04999999999956,149,1,0.04996170339735633
1,4288,56.950000000000145,81,0,0.04996170339735633
1,4289,303.94999999999953,151,1,0.04996170339735633
1,4290,303.64999999999947,157,1,0.04996170339735633
1,4291,303.9499999999996,151,1,0.04996170339735633
1,4292,303.94999999999953,151,1,0.04996170339735633
1,4293,304.04999999999956,149,1,0.04996170339735633
1,4294,305.44999999999953,151,1,0.04996170339735633
1,4295,303.94999999999953,151,1,0.04996170339735633
1,4296,305.44999999999953,151,1,0.04996170339735633
1,4297,303.8499999999995,153,1,0.04996170339735633
1,4298,305.54999999999956,149,1,0.04996170339735633
1,4299,303.7999999999995,154,1,0.04996170339735633
1,4300,303.8999999999995,152,1,0.04996170339735633
1,4301,303.94999999999953,151,1,0.04996170339735633
1,4302,305.44999999999953,151,1,0.04996170339735633
1,4303,303.7999999999995,154,1,0.04996170339735633
1,4304,303.7999999999995,154,1,0.04996170339735633
1,4305,55.450000000000145,81,0,0.04996170339735633
1,4306,58.40000000000015,82,0,0.04996170339735633
1,4307,304.04999999999956,149,1,0.04996170339735633
1,4308,303.8499999999995,153,1,0.04996170339735633
1,4309,303.8999999999995,152,1,0.04996170339735633
1,4310,47.950000000000145,81,0,0.04996170339735633
1,4311,303.8999999999995,152,1,0.04996170339735633
1,4312,58.40000000000015,82,0,0.04996170339735633
1,4313,303.99999999999955,150,1,0.04996170339735633
1,4314,303.99999999999955,150,1,0.04996170339735633
1,4315,303.8999999999995,152,1,0.04996170339735633
1,4316,303.9499999999996,151,1,0.04996170339735633
1,4317,303.8999999999995,152,1,0.04996170339735633
1,4318,305.54999999999956,149,1,0.04996170339735633
1,4319,303.8499999999995,153,1,0.04996170339735633
1,4320,303.8999999999995,152,1,0.04996170339735633
1,4321,303.8999999999995,152,1,0.04996170339735633
1,4322,303.6499999999995,157,1,0.04996170339735633
1,4323,303.94999999999953,151,1,0.04996170339735633
1,4324,305.44999999999953,151,1,0.04996170339735633
1,4325,303.7999999999995,154,1,0.04996170339735633
1,4326,303.8499999999995,153,1,0.04996170339735633
1,4327,303.94999999999953,151,1,0.04996170339735633
1,4328,303.99999999999955,150,1,0.04996170339735633
1,4329,303.7999999999995,154,1,0.04996170339735633
1,4330,303.94999999999953,151,1,0.04996170339735633
1,4331,303.8999999999995,152,1,0.04996170339735633
1,4332,303.94999999999953,151,1,0.04996170339735633
1,4333,58.450000000000145,81,0,0.04996170339735633
1,4334,303.8999999999995,152,1,0.04996170339735633
1,4335,304.04999999999956,149,1,0.04996170339735633
1,4336,303.94999999999953,151,1,0.04996170339735633
1,4337,304.04999999999956,149,1,0.04996170339735633
1,4338,305.54999999999956,149,1,0.04996170339735633
1,4339,304.04999999999956,149,1,0.04996170339735633
1,4340,304.04999999999956,149,1,0.04996170339735633
1,4341,305.54999999999956,149,1,0.04996170339735633
1,4342,303.9999999999996,150,1,0.04996170339735633
1,4343,303.99999999999955,150,1,0.04996170339735633
1,4344,303.8999999999996,152,1,0.04996170339735633
1,4345,303.94999999999953,151,1,0.04996170339735633
1,4346,303.8499999999995,153,1,0.04996170339735633
1,4347,303.94999999999953,151,1,0.04996170339735633
1,4348,303.8999999999995,152,1,0.04996170339735633
1,4349,305.54999999999956,149,1,0.04996170339735633
1,4350,304.04999999999956,149,1,0.04996170339735633
1,4351,303.8999999999995,152,1,0.04996170339735633
1,4352,303.8999999999995,152,1,0.04996170339735633
1,4353,305.44999999999953,151,1,0.04996170339735633
1,4354,56.90000000000015,82,0,0.04996170339735633
1,4355,304.04999999999956,149,1,0.04996170339735633
1,4356,305.34999999999957,153,1,0.04996170339735633
1,4357,303.99999999999955,150,1,0.04996170339735633
1,4358,303.9499999999996,151,1,0.04996170339735633
1,4359,303.7499999999995,155,1,0.04996170339735633
1,4360,303.94999999999953,151,1,0.04996170339735633
1,4361,303.8999999999995,152,1,0.04996170339735633
1,4362,305.44999999999953,151,1,0.04996170339735633
1,4363,305.44999999999953,151,1,0.04996170339735633
1,4364,303.6499999999995,157,1,0.04996170339735633
1,4365,303.7999999999995,154,1,0.04996170339735633
1,4366,303.94999999999953,151,1,0.04996170339735633
1,4367,305.54999999999956,149,1,0.04996170339735633
1,4368,303.99999999999955,150,1,0.04996170339735633
1,4369,58.35000000000015,83,0,0.04996170339735633
1,4370,303.8999999999996,152,1,0.04996170339735633
1,4371,303.99999999999955,150,1,0.04996170339735633
1,4372,303.8499999999995,153,1,0.04996170339735633
1,4373,303.84999999999957,153,1,0.04996170339735633
1,4374,306.94999999999953,151,1,0.04996170339735633
1,4375,303.79999999999956,154,1,0.04996170339735633
1,4376,303.8999999999995,152,1,0.04996170339735633
1,4377,305.3999999999996,152,1,0.04996170339735633
1,4378,58.40000000000015,82,0,0.04996170339735633
1,4379,305.2999999999995,154,1,0.04996170339735633
1,4380,305.54999999999956,149,1,0.04996170339735633
1,4381,303.8999999999996,152,1,0.04996170339735633
1,4382,305.44999999999953,151,1,0.04996170339735633
1,4383,303.9999999999996,150,1,0.04996170339735633
1,4384,303.94999999999953,151,1,0.04996170339735633
1,4385,303.99999999999955,150,1,0.04996170339735633
1,4386,303.8499999999995,153,1,0.04996170339735633
1,4387,303.7499999999995,155,1,0.04996170339735633
1,4388,303.99999999999955,150,1,0.04996170339735633
1,4389,303.94999999999953,151,1,0.04996170339735633
1,4390,304.04999999999956,149,1,0.04996170339735633
1,4391,303.8999999999995,152,1,0.04996170339735633
1,4392,305.54999999999956,149,1,0.04996170339735633
1,4393,303.94999999999953,151,1,0.04996170339735633
1,4394,303.8999999999995,152,1,0.04996170339735633
1,4395,303.94999999999953,151,1,0.04996170339735633
1,4396,303.7499999999995,155,1,0.04996170339735633
1,4397,303.8499999999995,153,1,0.04996170339735633
1,4398,303.8999999999995,152,1,0.04996170339735633
1,4399,305.49999999999955,150,1,0.04996170339735633
1,4400,303.8499999999995,153,1,0.04996170339735633
1,4401,303.99999999999955,150,1,0.04996170339735633
1,4402,303.7499999999995,155,1,0.04996170339735633
1,4403,303.8999999999995,152,1,0.04996170339735633
1,4404,304.04999999999956,149,1,0.04996170339735633
1,4405,303.8999999999995,152,1,0.04996170339735633
1,4406,303.8499999999995,153,1,0.04996170339735633
1,4407,303.94999999999953,151,1,0.04996170339735633
1,4408,305.3999999999996,152,1,0.04996170339735633
1,4409,303.94999999999953,151,1,0.04996170339735633
1,4410,303.94999999999953,151,1,0.04996170339735633
1,4411,303.8999999999995,152,1,0.04996170339735633
1,4412,305.3499999999995,153,1,0.04996170339735633
1,4413,303.8499999999995,153,1,0.04996170339735633
1,4414,303.8999999999995,152,1,0.04996170339735633
1,4415,303.99999999999955,150,1,0.04996170339735633
1,4416,305.3999999999995,152,1,0.04996170339735633
1,4417,303.99999999999955,150,1,0.04996170339735633
1,4418,303.94999999999953,151,1,0.04996170339735633
1,4419,303.94999999999953,151,1,0.04996170339735633
1,4420,305.3499999999995,153,1,0.04996170339735633
1,4421,303.8999999999995,152,1,0.04996170339735633
1,4422,304.04999999999956,149,1,0.04996170339735633
1,4423,303.59999999999945,158,1,0.04996170339735633
1,4424,303.8499999999995,153,1,0.04996170339735633
1,4425,304.04999999999956,149,1,0.04996170339735633
1,4426,303.7999999999995,154,1,0.04996170339735633
1,4427,303.94999999999953,151,1,0.04996170339735633
1,4428,304.04999999999956,149,1,0.04996170339735633
1,4429,303.8499999999995,153,1,0.04996170339735633
1,4430,303.99999999999955,150,1,0.04996170339735633
1,4431,303.94999999999953,151,1,0.04996170339735633
1,4432,303.7999999999995,154,1,0.04996170339735633
1,4433,303.99999999999955,150,1,0.04996170339735633
1,4434,303.84999999999957,153,1,0.04996170339735633
1,4435,303.9499999999996,151,1,0.04996170339735633
1,4436,303.7999999999995,154,1,0.04996170339735633
1,4437,304.04999999999956,149,1,0.04996170339735633
1,4438,303.8999999999995,152,1,0.04996170339735633
1,4439,303.94999999999953,151,1,0.04996170339735633
1,4440,305.49999999999955,150,1,0.04996170339735633
1,4441,304.04999999999956,149,1,0.04996170339735633
1,4442,305.49999999999955,150,1,0.04996170339735633
1,4443,305.49999999999955,150,1,0.04996170339735633
1,4444,304.04999999999956,149,1,0.04996170339735633
1,4445,303.99999999999955,150,1,0.04996170339735633
1,4446,303.94999999999953,151,1,0.04996170339735633
1,4447,303.7999999999995,154,1,0.04996170339735633
1,4448,303.94999999999953,151,1,0.04996170339735633
1,4449,303.7999999999995,154,1,0.04996170339735633
1,4450,305.54999999999956,149,1,0.04996170339735633
1,4451,303.6999999999995,156,1,0.04996170339735633
1,4452,304.04999999999956,149,1,0.04996170339735633
1,4453,304.04999999999956,149,1,0.04996170339735633
1,4454,303.94999999999953,151,1,0.04996170339735633
1,4455,303.8499999999995,153,1,0.04996170339735633
1,4456,304.04999999999956,149,1,0.04996170339735633
1,4457,304.04999999999956,149,1,0.04996170339735633
1,4458,49.450000000000145,81,0,0.04996170339735633
1,4459,303.94999999999953,151,1,0.04996170339735633
1,4460,305.54999999999956,149,1,0.04996170339735633
1,4461,55.450000000000145,81,0,0.04996170339735633
1,4462,304.04999999999956,149,1,0.04996170339735633
1,4463,304.04999999999956,149,1,0.04996170339735633
1,4464,304.04999999999956,149,1,0.04996170339735633
1,4465,303.8999999999995,152,1,0.04996170339735633
1,4466,303.7999999999995,154,1,0.04996170339735633
1,4467,304.04999999999956,149,1,0.04996170339735633
1,4468,303.8499999999995,153,1,0.04996170339735633
1,4469,303.94999999999953,151,1,0.04996170339735633
1,4470,305.44999999999953,151,1,0.04996170339735633
1,4471,304.04999999999956,149,1,0.04996170339735633
1,4472,304.04999999999956,149,1,0.04996170339735633
1,4473,303.8499999999995,153,1,0.04996170339735633
1,4474,304.04999999999956,149,1,0.04996170339735633
1,4475,304.04999999999956,149,1,0.04996170339735633
1,4476,305.49999999999955,150,1,0.04996170339735633
1,4477,303.7499999999995,155,1,0.04996170339735633
1,4478,304.04999999999956,149,1,0.04996170339735633
1,4479,304.04999999999956,149,1,0.04996170339735633
1,4480,303.8999999999996,152,1,0.04996170339735633
1,4481,305.54999999999956,149,1,0.04996170339735633
1,4482,305.54999999999956,149,1,0.04996170339735633
1,4483,303.7999999999995,154,1,0.04996170339735633
1,4484,303.94999999999953,151,1,0.04996170339735633
1,4485,305.49999999999955,150,1,0.04996170339735633
1,4486,304.04999999999956,149,1,0.04996170339735633
1,4487,303.9999999999996,150,1,0.04996170339735633
1,4488,303.94999999999953,151,1,0.04996170339735633
1,4489,304.04999999999956,149,1,0.04996170339735633
1,4490,303.6999999999995,156,1,0.04996170339735633
1,4491,303.8499999999995,153,1,0.04996170339735633
1,4492,303.99999999999955,150,1,0.04996170339735633
1,4493,303.8999999999995,152,1,0.04996170339735633
1,4494,305.44999999999953,151,1,0.04996170339735633
1,4495,305.3499999999995,153,1,0.04996170339735633
1,4496,305.49999999999955,150,1,0.04996170339735633
1,4497,305.44999999999953,151,1,0.04996170339735633
1,4498,58.450000000000145,81,0,0.04996170339735633
1,4499,303.6999999999995,156,1,0.04996170339735633
1,4500,303.7499999999995,155,1,0.04996170339735633
1,4501,304.04999999999956,149,1,0.04996170339735633
1,4502,303.94999999999953,151,1,0.04996170339735633
1,4503,304.04999999999956,149,1,0.04996170339735633
1,4504,303.94999999999953,151,1,0.04996170339735633
1,4505,303.94999999999953,151,1,0.04996170339735633
1,4506,305.54999999999956,149,1,0.04996170339735633
1,4507,303.94999999999953,151,1,0.04996170339735633
1,4508,303.94999999999953,151,1,0.04996170339735633
1,4509,303.7999999999995,154,1,0.04996170339735633
1,4510,304.04999999999956,149,1,0.04996170339735633
1,4511,43.450000000000145,81,0,0.04996170339735633
1,4512,303.94999999999953,151,1,0.04996170339735633
1,4513,303.94999999999953,151,1,0.04996170339735633
1,4514,303.94999999999953,151,1,0.04996170339735633
1,4515,303.7999999999995,154,1,0.04996170339735633
1,4516,305.54999999999956,149,1,0.04996170339735633
1,4517,303.94999999999953,151,1,0.04996170339735633
1,4518,306.94999999999953,151,1,0.04996170339735633
1,4519,303.79999999999956,154,1,0.04996170339735633
1,4520,305.44999999999953,151,1,0.04996170339735633
1,4521,303.99999999999955,150,1,0.04996170339735633
1,4522,303.8999999999996,152,1,0.04996170339735633
1,4523,305.3999999999995,152,1,0.04996170339735633
1,4524,303.6999999999995,156,1,0.04996170339735633
1,4525,305.44999999999953,151,1,0.04996170339735633
1,4526,303.94999999999953,151,1,0.04996170339735633
1,4527,303.8999999999996,152,1,0.04996170339735633
1,4528,303.94999999999953,151,1,0.04996170339735633
1,4529,303.99999999999955,150,1,0.04996170339735633
1,4530,303.74999999999955,155,1,0.04996170339735633
1,4531,303.8999999999995,152,1,0.04996170339735633
1,4532,303.99999999999955,150,1,0.04996170339735633
1,4533,58.40000000000015,82,0,0.04996170339735633
1,4534,304.04999999999956,149,1,0.04996170339735633
1,4535,304.04999999999956,149,1,0.04996170339735633
1,4536,305.54999999999956,149,1,0.04996170339735633
1,4537,303.8999999999995,152,1,0.04996170339735633
1,4538,303.8499999999995,153,1,0.04996170339735633
1,4539,303.8999999999995,152,1,0.04996170339735633
1,4540,303.84999999999957,153,1,0.04996170339735633
1,4541,304.04999999999956,149,1,0.04996170339735633
1,4542,303.94999999999953,151,1,0.04996170339735633
1,4543,303.8999999999995,152,1,0.04996170339735633
1,4544,303.64999999999947,157,1,0.04996170339735633
1,4545,303.8499999999995,153,1,0.04996170339735633
1,4546,304.04999999999956,149,1,0.04996170339735633
1,4547,303.7499999999995,155,1,0.04996170339735633
1,4548,58.450000000000145,81,0,0.04996170339735633
1,4549,304.04999999999956,149,1,0.04996170339735633
1,4550,303.94999999999953,151,1,0.04996170339735633
1,4551,305.54999999999956,149,1,0.04996170339735633
1,4552,305.54999999999956,149,1,0.04996170339735633
1,4553,303.94999999999953,151,1,0.04996170339735633
1,4554,303.8499999999995,153,1,0.04996170339735633
1,4555,303.99999999999955,150,1,0.04996170339735633
1,4556,305.44999999999953,151,1,0.04996170339735633
1,4557,305.3999999999996,152,1,0.04996170339735633
1,4558,305.44999999999953,151,1,0.04996170339735633
1,4559,303.99999999999955,150,1,0.04996170339735633
1,4560,305.3499999999995,153,1,0.04996170339735633
1,4561,304.04999999999956,149,1,0.04996170339735633
1,4562,303.94999999999953,151,1,0.04996170339735633
1,4563,303.8999999999995,152,1,0.04996170339735633
1,4564,303.99999999999955,150,1,0.04996170339735633
1,4565,305.44999999999953,151,1,0.04996170339735633
1,4566,303.94999999999953,151,1,0.04996170339735633
1,4567,303.9999999999996,150,1,0.04996170339735633
1,4568,303.94999999999953,151,1,0.04996170339735633
1,4569,304.04999999999956,149,1,0.04996170339735633
1,4570,305.54999999999956,149,1,0.04996170339735633
1,4571,303.94999999999953,151,1,0.04996170339735633
1,4572,303.9499999999996,151,1,0.04996170339735633
1,4573,303.94999999999953,151,1,0.04996170339735633
1,4574,303.8999999999995,152,1,0.04996170339735633
1,4575,303.94999999999953,151,1,0.04996170339735633
1,4576,303.7999999999995,154,1,0.04996170339735633
1,4577,303.8999999999995,152,1,0.04996170339735633
1,4578,56.950000000000145,81,0,0.04996170339735633
1,4579,303.94999999999953,151,1,0.04996170339735633
1,4580,305.4499999999996,151,1,0.04996170339735633
1,4581,303.94999999999953,151,1,0.04996170339735633
1,4582,303.7499999999995,155,1,0.04996170339735633
1,4583,303.8999999999995,152,1,0.04996170339735633
1,4584,303.94999999999953,151,1,0.04996170339735633
1,4585,303.99999999999955,150,1,0.04996170339735633
1,4586,58.450000000000145,81,0,0.04996170339735633
1,4587,304.04999999999956,149,1,0.04996170339735633
1,4588,303.94999999999953,151,1,0.04996170339735633
1,4589,303.8499999999995,153,1,0.04996170339735633
1,4590,304.04999999999956,149,1,0.04996170339735633
1,4591,303.94999999999953,151,1,0.04996170339735633
1,4592,303.84999999999957,153,1,0.04996170339735633
1,4593,303.99999999999955,150,1,0.04996170339735633
1,4594,303.99999999999955,150,1,0.04996170339735633
1,4595,304.04999999999956,149,1,0.04996170339735633
1,4596,58.35000000000015,83,0,0.04996170339735633
1,4597,303.94999999999953,151,1,0.04996170339735633
1,4598,55.40000000000015,82,0,0.04996170339735633
1,4599,53.950000000000145,81,0,0.04996170339735633
1,4600,303.8999999999995,152,1,0.04996170339735633
1,4601,303.8999999999995,152,1,0.04996170339735633
1,4602,304.04999999999956,149,1,0.04996170339735633
1,4603,303.8499999999995,153,1,0.04996170339735633
1,4604,304.04999999999956,149,1,0.04996170339735633
1,4605,303.7499999999995,155,1,0.04996170339735633
1,4606,304.04999999999956,149,1,0.04996170339735633
1,4607,304.04999999999956,149,1,0.04996170339735633
1,4608,303.8999999999995,152,1,0.04996170339735633
1,4609,305.49999999999955,150,1,0.04996170339735633
1,4610,303.7999999999995,154,1,0.04996170339735633
1,4611,303.94999999999953,151,1,0.04996170339735633
1,4612,303.8499999999995,153,1,0.04996170339735633
1,4613,304.04999999999956,149,1,0.04996170339735633
1,4614,303.99999999999955,150,1,0.04996170339735633
1,4615,303.99999999999955,150,1,0.04996170339735633
1,4616,303.7999999999995,154,1,0.04996170339735633
1,4617,304.04999999999956,149,1,0.04996170339735633
1,4618,303.94999999999953,151,1,0.04996170339735633
1,4619,303.79999999999956,154,1,0.04996170339735633
1,4620,305.29999999999956,154,1,0.04996170339735633
1,4621,303.94999999999953,151,1,0.04996170339735633
1,4622,304.04999999999956,149,1,0.04996170339735633
1,4623,304.04999999999956,149,1,0.04996170339735633
1,4624,303.8499999999995,153,1,0.04996170339735633
1,4625,305.54999999999956,149,1,0.04996170339735633
1,4626,303.94999999999953,151,1,0.04996170339735633
1,4627,305.54999999999956,149,1,0.04996170339735633
1,4628,303.9999999999996,150,1,0.04996170339735633
1,4629,303.7499999999995,155,1,0.04996170339735633
1,4630,58.40000000000015,82,0,0.04996170339735633
1,4631,305.49999999999955,150,1,0.04996170339735633
1,4632,58.35000000000015,83,0,0.04996170339735633
1,4633,303.99999999999955,150,1,0.04996170339735633
1,4634,303.8499999999995,153,1,0.04996170339735633
1,4635,303.8999999999995,152,1,0.04996170339735633
1,4636,304.04999999999956,149,1,0.04996170339735633
1,4637,58.200000000000145,86,0,0.04996170339735633
1,4638,49.450000000000145,81,0,0.04996170339735633
1,4639,56.950000000000145,81,0,0.04996170339735633
1,4640,303.74999999999955,155,1,0.04996170339735633
1,4641,303.8499999999995,153,1,0.04996170339735633
1,4642,303.99999999999955,150,1,0.04996170339735633
1,4643,305.44999999999953,151,1,0.04996170339735633
1,4644,304.04999999999956,149,1,0.04996170339735633
1,4645,303.8999999999995,152,1,0.04996170339735633
1,4646,303.9499999999996,151,1,0.04996170339735633
1,4647,303.94999999999953,151,1,0.04996170339735633
1,4648,303.8499999999995,153,1,0.04996170339735633
1,4649,303.94999999999953,151,1,0.04996170339735633
1,4650,303.7999999999995,154,1,0.04996170339735633
1,4651,303.94999999999953,151,1,0.04996170339735633
1,4652,303.7499999999995,155,1,0.04996170339735633
1,4653,303.7999999999995,154,1,0.04996170339735633
1,4654,303.9499999999996,151,1,0.04996170339735633
1,4655,305.44999999999953,151,1,0.04996170339735633
1,4656,303.99999999999955,150,1,0.04996170339735633
1,4657,58.450000000000145,81,0,0.04996170339735633
1,4658,303.84999999999957,153,1,0.04996170339735633
1,4659,305.4999999999996,150,1,0.04996170339735633
1,4660,303.7999999999995,154,1,0.04996170339735633
1,4661,303.99999999999955,150,1,0.04996170339735633
1,4662,303.8499999999995,153,1,0.04996170339735633
1,4663,304.04999999999956,149,1,0.04996170339735633
1,4664,303.8999999999995,152,1,0.04996170339735633
1,4665,303.8999999999995,152,1,0.04996170339735633
1,4666,303.8999999999995,152,1,0.04996170339735633
1,4667,305.54999999999956,149,1,0.04996170339735633
1,4668,303.94999999999953,151,1,0.04996170339735633
1,4669,303.94999999999953,151,1,0.04996170339735633
1,4670,303.8999999999995,152,1,0.04996170339735633
1,4671,304.04999999999956,149,1,0.04996170339735633
1,4672,303.8999999999995,152,1,0.04996170339735633
1,4673,304.04999999999956,149,1,0.04996170339735633
1,4674,304.04999999999956,149,1,0.04996170339735633
1,4675,305.54999999999956,149,1,0.04996170339735633
1,4676,303.8499999999995,153,1,0.04996170339735633
1,4677,56.950000000000145,81,0,0.04996170339735633
1,4678,303.94999999999953,151,1,0.04996170339735633
1,4679,303.8999999999995,152,1,0.04996170339735633
1,4680,304.04999999999956,149,1,0.04996170339735633
1,4681,303.8499999999995,153,1,0.04996170339735633
1,4682,303.99999999999955,150,1,0.04996170339735633
1,4683,303.8999999999995,152,1,0.04996170339735633
1,4684,303.8499999999995,153,1,0.04996170339735633
1,4685,303.8499999999995,153,1,0.04996170339735633
1,4686,303.99999999999955,150,1,0.04996170339735633
1,4687,303.7999999999995,154,1,0.04996170339735633
1,4688,303.6999999999995,156,1,0.04996170339735633
1,4689,303.99999999999955,150,1,0.04996170339735633
1,4690,303.8999999999995,152,1,0.04996170339735633
1,4691,58.40000000000015,82,0,0.04996170339735633
1,4692,58.40000000000015,82,0,0.04996170339735633
1,4693,303.8999999999995,152,1,0.04996170339735633
1,4694,303.8499999999995,153,1,0.04996170339735633
1,4695,304.04999999999956,149,1,0.04996170339735633
1,4696,303.8499999999995,153,1,0.04996170339735633
1,4697,303.6999999999995,156,1,0.04996170339735633
1,4698,303.94999999999953,151,1,0.04996170339735633
1,4699,303.7999999999995,154,1,0.04996170339735633
1,4700,304.04999999999956,149,1,0.04996170339735633
1,4701,305.54999999999956,149,1,0.04996170339735633
1,4702,303.99999999999955,150,1,0.04996170339735633
1,4703,305.44999999999953,151,1,0.04996170339735633
1,4704,305.3999999999995,152,1,0.04996170339735633
1,4705,303.8999999999995,152,1,0.04996170339735633
1,4706,305.54999999999956,149,1,0.04996170339735633
1,4707,303.7999999999995,154,1,0.04996170339735633
1,4708,305.54999999999956,149,1,0.04996170339735633
1,4709,58.40000000000015,82,0,0.04996170339735633
1,4710,303.84999999999957,153,1,0.04996170339735633
1,4711,304.04999999999956,149,1,0.04996170339735633
1,4712,304.04999999999956,149,1,0.04996170339735633
1,4713,303.7999999999995,154,1,0.04996170339735633
1,4714,305.44999999999953,151,1,0.04996170339735633
1,4715,303.8999999999995,152,1,0.04996170339735633
1,4716,305.49999999999955,150,1,0.04996170339735633
1,4717,303.99999999999955,150,1,0.04996170339735633
1,4718,303.8999999999995,152,1,0.04996170339735633
1,4719,305.3999999999995,152,1,0.04996170339735633
1,4720,303.8499999999995,153,1,0.04996170339735633
1,4721,303.94999999999953,151,1,0.04996170339735633
1,4722,303.94999999999953,151,1,0.04996170339735633
1,4723,303.94999999999953,151,1,0.04996170339735633
1,4724,303.8499999999995,153,1,0.04996170339735633
1,4725,303.7999999999995,154,1,0.04996170339735633
1,4726,303.99999999999955,150,1,0.04996170339735633
1,4727,307.04999999999956,149,1,0.04996170339735633
1,4728,303.9499999999996,151,1,0.04996170339735633
1,4729,303.99999999999955,150,1,0.04996170339735633
1,4730,58.450000000000145,81,0,0.04996170339735633
1,4731,304.04999999999956,149,1,0.04996170339735633
1,4732,303.99999999999955,150,1,0.04996170339735633
1,4733,305.4499999999996,151,1,0.04996170339735633
1,4734,303.94999999999953,151,1,0.04996170339735633
1,4735,303.8999999999995,152,1,0.04996170339735633
1,4736,303.94999999999953,151,1,0.04996170339735633
1,4737,303.8499999999995,153,1,0.04996170339735633
1,4738,56.850000000000136,83,0,0.04996170339735633
1,4739,304.04999999999956,149,1,0.04996170339735633
1,4740,305.54999999999956,149,1,0.04996170339735633
1,4741,56.950000000000145,81,0,0.04996170339735633
1,4742,303.94999999999953,151,1,0.04996170339735633
1,4743,303.8999999999995,152,1,0.04996170339735633
1,4744,303.94999999999953,151,1,0.04996170339735633
1,4745,305.54999999999956,149,1,0.04996170339735633
1,4746,304.04999999999956,149,1,0.04996170339735633
1,4747,305.44999999999953,151,1,0.04996170339735633
1,4748,303.94999999999953,151,1,0.04996170339735633
1,4749,58.450000000000145,81,0,0.04996170339735633
1,4750,303.94999999999953,151,1,0.04996170339735633
1,4751,303.99999999999955,150,1,0.04996170339735633
1,4752,303.94999999999953,151,1,0.04996170339735633
1,4753,58.450000000000145,81,0,0.04996170339735633
1,4754,58.35000000000015,83,0,0.04996170339735633
1,4755,304.04999999999956,149,1,0.04996170339735633
1,4756,303.74999999999955,155,1,0.04996170339735633
1,4757,303.8999999999996,152,1,0.04996170339735633
1,4758,303.8999999999995,152,1,0.04996170339735633
1,4759,56.950000000000145,81,0,0.04996170339735633
1,4760,303.94999999999953,151,1,0.04996170339735633
1,4761,303.8999999999996,152,1,0.04996170339735633
1,4762,303.9499999999996,151,1,0.04996170339735633
1,4763,303.99999999999955,150,1,0.04996170339735633
1,4764,58.450000000000145,81,0,0.04996170339735633
1,4765,303.9499999999996,151,1,0.04996170339735633
1,4766,307.04999999999956,149,1,0.04996170339735633
1,4767,303.99999999999955,150,1,0.04996170339735633
1,4768,303.8999999999995,152,1,0.04996170339735633
1,4769,304.04999999999956,149,1,0.04996170339735633
1,4770,303.94999999999953,151,1,0.04996170339735633
1,4771,305.49999999999955,150,1,0.04996170339735633
1,4772,303.94999999999953,151,1,0.04996170339735633
1,4773,304.04999999999956,149,1,0.04996170339735633
1,4774,53.950000000000145,81,0,0.04996170339735633
1,4775,303.8999999999995,152,1,0.04996170339735633
1,4776,303.8499999999995,153,1,0.04996170339735633
1,4777,56.950000000000145,81,0,0.04996170339735633
1,4778,303.94999999999953,151,1,0.04996170339735633
1,4779,303.8499999999995,153,1,0.04996170339735633
1,4780,303.84999999999957,153,1,0.04996170339735633
1,4781,303.8499999999995,153,1,0.04996170339735633
1,4782,303.69999999999953,156,1,0.04996170339735633
1,4783,304.04999999999956,149,1,0.04996170339735633
1,4784,305.44999999999953,151,1,0.04996170339735633
1,4785,303.7999999999995,154,1,0.04996170339735633
1,4786,303.94999999999953,151,1,0.04996170339735633
1,4787,304.04999999999956,149,1,0.04996170339735633
1,4788,303.8999999999995,152,1,0.04996170339735633
1,4789,303.99999999999955,150,1,0.04996170339735633
1,4790,303.99999999999955,150,1,0.04996170339735633
1,4791,303.99999999999955,150,1,0.04996170339735633
1,4792,303.8999999999995,152,1,0.04996170339735633
1,4793,303.99999999999955,150,1,0.04996170339735633
1,4794,303.7999999999995,154,1,0.04996170339735633
1,4795,303.8499999999995,153,1,0.04996170339735633
1,4796,303.8999999999995,152,1,0.04996170339735633
1,4797,305.49999999999955,150,1,0.04996170339735633
1,4798,304.04999999999956,149,1,0.04996170339735633
1,4799,58.450000000000145,81,0,0.04996170339735633
1,4800,303.8999999999995,152,1,0.04996170339735633
1,4801,303.94999999999953,151,1,0.04996170339735633
1,4802,303.94999999999953,151,1,0.04996170339735633
1,4803,304.04999999999956,149,1,0.04996170339735633
1,4804,304.04999999999956,149,1,0.04996170339735633
1,4805,304.04999999999956,149,1,0.04996170339735633
1,4806,303.94999999999953,151,1,0.04996170339735633
1,4807,305.44999999999953,151,1,0.04996170339735633
1,4808,56.90000000000015,82,0,0.04996170339735633
1,4809,304.04999999999956,149,1,0.04996170339735633
1,4810,303.94999999999953,151,1,0.04996170339735633
1,4811,304.04999999999956,149,1,0.04996170339735633
1,4812,303.8499999999995,153,1,0.04996170339735633
1,4813,303.99999999999955,150,1,0.04996170339735633
1,4814,58.350000000000136,83,0,0.04996170339735633
1,4815,303.79999999999956,154,1,0.04996170339735633
1,4816,303.59999999999945,158,1,0.04996170339735633
1,4817,305.44999999999953,151,1,0.04996170339735633
1,4818,305.54999999999956,149,1,0.04996170339735633
1,4819,303.99999999999955,150,1,0.04996170339735633
1,4820,304.04999999999956,149,1,0.04996170339735633
1,4821,305.54999999999956,149,1,0.04996170339735633
1,4822,305.49999999999955,150,1,0.04996170339735633
1,4823,305.54999999999956,149,1,0.04996170339735633
1,4824,303.7999999999995,154,1,0.04996170339735633
1,4825,303.74999999999955,155,1,0.04996170339735633
1,4826,303.94999999999953,151,1,0.04996170339735633
1,4827,303.94999999999953,151,1,0.04996170339735633
1,4828,305.54999999999956,149,1,0.04996170339735633
1,4829,303.8999999999995,152,1,0.04996170339735633
1,4830,303.94999999999953,151,1,0.04996170339735633
1,4831,303.94999999999953,151,1,0.04996170339735633
1,4832,303.79999999999956,154,1,0.04996170339735633
1,4833,304.04999999999956,149,1,0.04996170339735633
1,4834,303.99999999999955,150,1,0.04996170339735633
1,4835,303.7499999999995,155,1,0.04996170339735633
1,4836,303.94999999999953,151,1,0.04996170339735633
1,4837,303.8499999999995,153,1,0.04996170339735633
1,4838,303.7999999999995,154,1,0.04996170339735633
1,4839,56.950000000000145,81,0,0.04996170339735633
1,4840,305.49999999999955,150,1,0.04996170339735633
1,4841,304.04999999999956,149,1,0.04996170339735633
1,4842,303.94999999999953,151,1,0.04996170339735633
1,4843,303.94999999999953,151,1,0.04996170339735633
1,4844,303.94999999999953,151,1,0.04996170339735633
1,4845,305.3999999999995,152,1,0.04996170339735633
1,4846,303.94999999999953,151,1,0.04996170339735633
1,4847,303.8999999999995,152,1,0.04996170339735633
1,4848,56.85000000000015,83,0,0.04996170339735633
1,4849,303.94999999999953,151,1,0.04996170339735633
1,4850,303.8499999999995,153,1,0.04996170339735633
1,4851,304.04999999999956,149,1,0.04996170339735633
1,4852,303.94999999999953,151,1,0.04996170339735633
1,4853,305.54999999999956,149,1,0.04996170339735633
1,4854,303.94999999999953,151,1,0.04996170339735633
1,4855,303.94999999999953,151,1,0.04996170339735633
1,4856,304.04999999999956,149,1,0.04996170339735633
1,4857,304.04999999999956,149,1,0.04996170339735633
1,4858,303.8999999999996,152,1,0.04996170339735633
1,4859,303.94999999999953,151,1,0.04996170339735633
1,4860,305.49999999999955,150,1,0.04996170339735633
1,4861,303.8999999999995,152,1,0.04996170339735633
1,4862,303.94999999999953,151,1,0.04996170339735633
1,4863,304.04999999999956,149,1,0.04996170339735633
1,4864,58.450000000000145,81,0,0.04996170339735633
1,4865,303.8999999999995,152,1,0.04996170339735633
1,4866,303.99999999999955,150,1,0.04996170339735633
1,4867,303.8499999999995,153,1,0.04996170339735633
1,4868,303.8999999999995,152,1,0.04996170339735633
1,4869,303.94999999999953,151,1,0.04996170339735633
1,4870,303.8499999999995,153,1,0.04996170339735633
1,4871,303.94999999999953,151,1,0.04996170339735633
1,4872,303.94999999999953,151,1,0.04996170339735633
1,4873,305.3499999999995,153,1,0.04996170339735633
1,4874,305.54999999999956,149,1,0.04996170339735633
1,4875,304.04999999999956,149,1,0.04996170339735633
1,4876,303.8499999999995,153,1,0.04996170339735633
1,4877,303.94999999999953,151,1,0.04996170339735633
1,4878,304.04999999999956,149,1,0.04996170339735633
1,4879,303.8499999999995,153,1,0.04996170339735633
1,4880,305.54999999999956,149,1,0.04996170339735633
1,4881,303.99999999999955,150,1,0.04996170339735633
1,4882,303.94999999999953,151,1,0.04996170339735633
1,4883,303.94999999999953,151,1,0.04996170339735633
1,4884,303.7999999999995,154,1,0.04996170339735633
1,4885,303.8999999999995,152,1,0.04996170339735633
1,4886,303.94999999999953,151,1,0.04996170339735633
1,4887,303.8999999999995,152,1,0.04996170339735633
1,4888,303.99999999999955,150,1,0.04996170339735633
1,4889,303.94999999999953,151,1,0.04996170339735633
1,4890,304.04999999999956,149,1,0.04996170339735633
1,4891,303.8499999999995,153,1,0.04996170339735633
1,4892,305.44999999999953,151,1,0.04996170339735633
1,4893,303.8999999999995,152,1,0.04996170339735633
1,4894,303.99999999999955,150,1,0.04996170339735633
1,4895,305.3999999999996,152,1,0.04996170339735633
1,4896,303.94999999999953,151,1,0.04996170339735633
1,4897,303.7999999999995,154,1,0.04996170339735633
1,4898,303.8999999999995,152,1,0.04996170339735633
1,4899,303.99999999999955,150,1,0.04996170339735633
1,4900,303.94999999999953,151,1,0.04996170339735633
1,4901,303.7999999999995,154,1,0.04996170339735633
1,4902,303.7999999999995,154,1,0.04996170339735633
1,4903,304.04999999999956,149,1,0.04996170339735633
1,4904,303.8499999999995,153,1,0.04996170339735633
1,4905,303.7499999999995,155,1,0.04996170339735633
1,4906,305.54999999999956,149,1,0.04996170339735633
1,4907,303.8499999999995,153,1,0.04996170339735633
1,4908,303.8999999999995,152,1,0.04996170339735633
1,4909,303.8999999999995,152,1,0.04996170339735633
1,4910,303.8999999999995,152,1,0.04996170339735633
1,4911,304.04999999999956,149,1,0.04996170339735633
1,4912,303.8999999999995,152,1,0.04996170339735633
1,4913,303.99999999999955,150,1,0.04996170339735633
1,4914,303.84999999999957,153,1,0.04996170339735633
1,4915,303.64999999999947,157,1,0.04996170339735633
1,4916,303.94999999999953,151,1,0.04996170339735633
1,4917,303.9999999999996,150,1,0.04996170339735633
1,4918,305.34999999999957,153,1,0.04996170339735633
1,4919,303.94999999999953,151,1,0.04996170339735633
1,4920,303.8999999999995,152,1,0.04996170339735633
1,4921,303.94999999999953,151,1,0.04996170339735633
1,4922,305.54999999999956,149,1,0.04996170339735633
1,4923,56.950000000000145,81,0,0.04996170339735633
1,4924,304.04999999999956,149,1,0.04996170339735633
1,4925,303.8999999999995,152,1,0.04996170339735633
1,4926,304.04999999999956,149,1,0.04996170339735633
1,4927,303.8999999999996,152,1,0.04996170339735633
1,4928,303.8499999999995,153,1,0.04996170339735633
1,4929,305.54999999999956,149,1,0.04996170339735633
1,4930,56.90000000000015,82,0,0.04996170339735633
1,4931,303.8499999999995,153,1,0.04996170339735633
1,4932,303.84999999999957,153,1,0.04996170339735633
1,4933,305.44999999999953,151,1,0.04996170339735633
1,4934,303.99999999999955,150,1,0.04996170339735633
1,4935,303.8499999999995,153,1,0.04996170339735633
1,4936,303.7499999999995,155,1,0.04996170339735633
1,4937,303.99999999999955,150,1,0.04996170339735633
1,4938,303.94999999999953,151,1,0.04996170339735633
1,4939,303.99999999999955,150,1,0.04996170339735633
1,4940,304.04999999999956,149,1,0.04996170339735633
1,4941,304.04999999999956,149,1,0.04996170339735633
1,4942,304.04999999999956,149,1,0.04996170339735633
1,4943,303.94999999999953,151,1,0.04996170339735633
1,4944,303.9499999999996,151,1,0.04996170339735633
1,4945,304.04999999999956,149,1,0.04996170339735633
1,4946,303.99999999999955,150,1,0.04996170339735633
1,4947,303.8499999999995,153,1,0.04996170339735633
1,4948,303.94999999999953,151,1,0.04996170339735633
1,4949,305.44999999999953,151,1,0.04996170339735633
1,4950,303.79999999999956,154,1,0.04996170339735633
1,4951,303.99999999999955,150,1,0.04996170339735633
1,4952,304.04999999999956,149,1,0.04996170339735633
1,4953,306.84999999999957,153,1,0.04996170339735633
1,4954,303.9999999999996,150,1,0.04996170339735633
1,4955,303.8999999999995,152,1,0.04996170339735633
1,4956,303.94999999999953,151,1,0.04996170339735633
1,4957,303.8999999999995,152,1,0.04996170339735633
1,4958,305.44999999999953,151,1,0.04996170339735633
1,4959,303.99999999999955,150,1,0.04996170339735633
1,4960,303.94999999999953,151,1,0.04996170339735633
1,4961,58.35000000000015,83,0,0.04996170339735633
1,4962,303.7999999999995,154,1,0.04996170339735633
1,4963,303.94999999999953,151,1,0.04996170339735633
1,4964,305.54999999999956,149,1,0.04996170339735633
1,4965,303.94999999999953,151,1,0.04996170339735633
1,4966,303.94999999999953,151,1,0.04996170339735633
1,4967,305.2999999999995,154,1,0.04996170339735633
1,4968,303.99999999999955,150,1,0.04996170339735633
1,4969,305.54999999999956,149,1,0.04996170339735633
1,4970,303.94999999999953,151,1,0.04996170339735633
1,4971,303.8999999999995,152,1,0.04996170339735633
1,4972,303.8999999999995,152,1,0.04996170339735633
1,4973,303.99999999999955,150,1,0.04996170339735633
1,4974,305.54999999999956,149,1,0.04996170339735633
1,4975,303.8999999999995,152,1,0.04996170339735633
1,4976,304.04999999999956,149,1,0.04996170339735633
1,4977,303.7499999999995,155,1,0.04996170339735633
1,4978,58.450000000000145,81,0,0.04996170339735633
1,4979,303.94999999999953,151,1,0.04996170339735633
1,4980,303.8499999999995,153,1,0.04996170339735633
1,4981,304.04999999999956,149,1,0.04996170339735633
1,4982,303.94999999999953,151,1,0.04996170339735633
1,4983,303.94999999999953,151,1,0.04996170339735633
1,4984,53.75000000000014,85,0,0.04996170339735633
1,4985,304.04999999999956,149,1,0.04996170339735633
1,4986,303.7499999999995,155,1,0.04996170339735633
1,4987,303.94999999999953,151,1,0.04996170339735633
1,4988,303.7999999999995,154,1,0.04996170339735633
1,4989,303.99999999999955,150,1,0.04996170339735633
1,4990,303.94999999999953,151,1,0.04996170339735633
1,4991,303.99999999999955,150,1,0.04996170339735633
1,4992,303.94999999999953,151,1,0.04996170339735633
1,4993,304.04999999999956,149,1,0.04996170339735633
1,4994,304.04999999999956,149,1,0.04996170339735633
1,4995,303.94999999999953,151,1,0.04996170339735633
1,4996,303.94999999999953,151,1,0.04996170339735633
1,4997,303.84999999999957,153,1,0.04996170339735633
1,4998,303.6999999999995,156,1,0.04996170339735633
1,4999,303.99999999999955,150,1,0.04996170339735633
1,5000,303.8999999999995,152,1,0.04996170339735633
