nivel,episod,recompensa,pasi,succes,epsilon
2,1,26.85000000000032,233,0,0.999
2,2,23.000000000000398,310,0,0.998001
2,3,23.60000000000062,358,0,0.997002999
2,4,12.800000000000203,214,0,0.996005996001
2,5,27.800000000000267,244,0,0.995009990004999
2,6,20.2000000000003,246,0,0.994014980014994
2,7,10.45000000000013,261,0,0.993020965034979
2,8,20.9500000000003,201,0,0.9920279440699441
2,9,69.35000000000105,493,0,0.9910359161258742
2,10,20.550000000000466,389,0,0.9900448802097482
2,11,24.5000000000003,310,0,0.9890548353295385
2,12,24.700000000000273,246,0,0.988065780494209
2,13,27.150000000000247,167,0,0.9870777147137147
2,14,21.9500000000006,391,0,0.986090636999001
2,15,9.250000000000142,285,0,0.9851045463620021
2,16,24.500000000000227,160,0,0.98411944181564
2,17,10.150000000000333,267,0,0.9831353223738244
2,18,26.900000000000333,202,0,0.9821521870514506
2,19,11.250000000000078,425,0,0.9811700348643991
2,20,28.40000000000029,202,0,0.9801888648295347
2,21,26.250000000000398,275,0,0.9792086759647052
2,22,12.00000000000015,230,0,0.9782294672887405
2,23,29.40000000000029,242,0,0.9772512378214517
2,24,29.55000000000028,239,0,0.9762739865836303
2,25,24.300000000000253,164,0,0.9752977125970467
2,26,22.25000000000027,235,0,0.9743224148844496
2,27,20.700000000000585,356,0,0.9733480924695651
2,28,12.450000000000102,221,0,0.9723747443770956
2,29,31.700000000000273,196,0,0.9714023696327185
2,30,21.050000000000438,319,0,0.9704309672630859
2,31,24.800000000000267,244,0,0.9694605362958227
2,32,23.550000000000296,239,0,0.9684910757595269
2,33,27.75000000000037,275,0,0.9675225846837673
2,34,31.500000000000412,230,0,0.9665550620990835
2,35,19.25000000000034,235,0,0.9655885070369844
2,36,18.600000000000477,308,0,0.9646229185299474
2,37,28.75000000000034,195,0,0.9636582956114175
2,38,24.000000000000583,320,0,0.9626946373158061
2,39,9.700000000000337,426,0,0.9617319426784903
2,40,26.450000000000173,241,0,0.9607702107358118
2,41,76.85000000000053,433,0,0.959809440525076
2,42,13.550000000000132,199,0,0.9588496310845509
2,43,26.950000000000216,201,0,0.9578907814534664
2,44,22.150000000000176,207,0,0.9569328906720129
2,45,28.00000000000034,240,0,0.9559759577813409
2,46,77.25000000000102,545,0,0.9550199818235596
2,47,78.15000000000062,317,0,0.9540649618417361
2,48,14.950000000000287,321,0,0.9531108968798944
2,49,23.250000000000114,245,0,0.9521577859830145
2,50,20.30000000000028,274,0,0.9512056281970315
2,51,31.250000000000398,235,0,0.9502544225688344
2,52,17.050000000000423,279,0,0.9493041681462656
2,53,21.050000000000352,199,0,0.9483548639781193
2,54,25.300000000000423,354,0,0.9474065091141411
2,55,12.200000000000202,226,0,0.946459102605027
2,56,19.650000000000574,317,0,0.9455126435024219
2,57,29.900000000000276,232,0,0.9445671308589195
2,58,79.80000000000057,314,0,0.9436225637280606
2,59,22.05000000000031,239,0,0.9426789411643326
2,60,64.3500000000009,503,0,0.9417362622231683
2,61,13.200000000000138,206,0,0.9407945259609451
2,62,15.150000000000183,167,0,0.9398537314349842
2,63,24.600000000000236,278,0,0.9389138777035492
2,64,21.650000000000247,217,0,0.9379749638258457
2,65,13.55000000000014,199,0,0.9370369888620198
2,66,28.15000000000032,237,0,0.9360999518731578
2,67,76.70000000000053,316,0,0.9351638519212846
2,68,27.950000000000173,241,0,0.9342286880693633
2,69,29.150000000000233,277,0,0.933294459381294
2,70,25.80000000000021,194,0,0.9323611649219127
2,71,11.800000000000324,234,0,0.9314288037569908
2,72,12.500000000000135,220,0,0.9304973749532338
2,73,31.350000000000435,233,0,0.9295668775782806
2,74,31.60000000000032,198,0,0.9286373107007023
2,75,32.600000000000335,238,0,0.9277086733900016
2,76,76.60000000000056,438,0,0.9267809647166116
2,77,24.150000000000333,197,0,0.925854183751895
2,78,18.15000000000036,347,0,0.9249283295681431
2,79,32.45000000000047,241,0,0.9240034012385749
2,80,85.50000000000033,350,0,0.9230793978373364
2,81,28.850000000000392,283,0,0.9221563184394991
2,82,77.00000000000055,400,0,0.9212341621210596
2,83,23.850000000000392,233,0,0.9203129279589385
2,84,32.100000000000165,158,0,0.9193926150309796
2,85,16.200000000000102,146,0,0.9184732224159486
2,86,29.600000000000293,238,0,0.9175547491935327
2,87,28.550000000000153,199,0,0.9166371944443392
2,88,73.30000000000061,384,0,0.9157205572498949
2,89,23.700000000000244,236,0,0.914804836692645
2,90,32.60000000000022,208,0,0.9138900318559524
2,91,17.450000000000173,121,0,0.9129761418240965
2,92,84.15000000000056,407,0,0.9120631656822724
2,93,23.650000000000233,207,0,0.9111511025165902
2,94,26.350000000000264,273,0,0.9102399514140735
2,95,11.500000000000234,240,0,0.9093297114626595
2,96,21.900000000000162,242,0,0.9084203817511969
2,97,26.550000000000352,239,0,0.9075119613694457
2,98,32.15000000000043,247,0,0.9066044494080763
2,99,24.500000000000526,280,0,0.9056978449586682
2,100,17.900000000000148,112,0,0.9047921471137096
2,101,15.750000000000256,155,0,0.9038873549665959
2,102,29.95000000000033,201,0,0.9029834676116293
2,103,30.2000000000003,196,0,0.9020804841440176
2,104,30.40000000000029,192,0,0.9011784036598737
2,105,30.050000000000438,289,0,0.9002772252562138
2,106,29.250000000000156,245,0,0.8993769480309576
2,107,28.250000000000313,235,0,0.8984775710829266
2,108,85.75000000000044,345,0,0.8975790935118436
2,109,76.00000000000074,480,0,0.8966815144183318
2,110,14.500000000000206,180,0,0.8957848329039134
2,111,34.45000000000037,201,0,0.8948890480710096
2,112,25.600000000000236,198,0,0.8939941590229386
2,113,27.200000000000216,196,0,0.8931001648639156
2,114,27.100000000000264,168,0,0.8922070646990518
2,115,27.050000000000452,229,0,0.8913148576343527
2,116,20.550000000000352,209,0,0.8904235427767183
2,117,25.55000000000024,169,0,0.8895331192339416
2,118,29.200000000000202,126,0,0.8886435861147077
2,119,13.8500000000002,193,0,0.887754942528593
2,120,28.150000000000333,207,0,0.8868671875860644
2,121,28.200000000000358,236,0,0.8859803203984784
2,122,26.050000000000225,159,0,0.88509434007808
2,123,17.550000000000153,119,0,0.8842092457380019
2,124,16.900000000000205,132,0,0.8833250364922639
2,125,21.850000000000307,243,0,0.8824417114557717
2,126,31.350000000000378,203,0,0.8815592697443159
2,127,32.800000000000296,204,0,0.8806777104745716
2,128,17.35000000000015,123,0,0.8797970327640969
2,129,22.150000000000247,207,0,0.8789172357313328
2,130,29.800000000000296,204,0,0.8780383184956015
2,131,29.35000000000052,273,0,0.8771602801771059
2,132,24.550000000000225,159,0,0.8762831198969288
2,133,23.850000000000364,203,0,0.8754068367770318
2,134,24.60000000000025,158,0,0.8745314299402548
2,135,24.550000000000253,159,0,0.8736568985103146
2,136,27.600000000000207,158,0,0.8727832416118043
2,137,22.200000000000287,176,0,0.8719104583701925
2,138,26.10000000000022,158,0,0.8710385479118223
2,139,28.550000000000296,199,0,0.8701675093639105
2,140,22.350000000000193,203,0,0.8692973418545467
2,141,26.150000000000233,157,0,0.8684280445126921
2,142,17.450000000000173,121,0,0.8675596164681794
2,143,29.600000000000264,238,0,0.8666920568517111
2,144,20.600000000000378,238,0,0.8658253647948594
2,145,24.15000000000032,197,0,0.8649595394300645
2,146,12.700000000000145,216,0,0.8640945798906344
2,147,29.000000000000256,160,0,0.8632304853107438
2,148,26.85000000000015,203,0,0.862367254825433
2,149,31.550000000000182,199,0,0.8615048875706075
2,150,82.45000000000051,321,0,0.8606433826830369
2,151,32.75000000000033,235,0,0.8597827393003539
2,152,36.450000000000244,161,0,0.8589229565610536
2,153,87.85000000000026,273,0,0.8580640336044925
2,154,25.200000000000145,146,0,0.857205969570888
2,155,26.750000000000284,175,0,0.8563487636013172
2,156,14.200000000000237,186,0,0.8554924148377159
2,157,27.150000000000333,197,0,0.8546369224228781
2,158,26.100000000000307,158,0,0.8537822855004553
2,159,82.85000000000058,343,0,0.8529285032149548
2,160,36.45000000000026,161,0,0.8520755747117399
2,161,22.850000000000207,163,0,0.8512234991370281
2,162,15.950000000000145,151,0,0.8503722756378911
2,163,17.350000000000165,123,0,0.8495219033622532
2,164,25.400000000000276,232,0,0.8486723814588909
2,165,32.7500000000004,235,0,0.847823709077432
2,166,78.80000000000042,274,0,0.8469758853683546
2,167,27.150000000000247,167,0,0.8461289094829862
2,168,17.450000000000145,121,0,0.8452827805735033
2,169,73.25000000000053,355,0,0.8444374977929298
2,170,24.150000000000347,167,0,0.8435930602951368
2,171,16.200000000000244,146,0,0.8427494672348417
2,172,86.15000000000016,277,0,0.8419067177676068
2,173,86.35000000000004,273,0,0.8410648110498392
2,174,82.5000000000005,320,0,0.8402237462387894
2,175,35.150000000000205,157,0,0.8393835224925505
2,176,29.10000000000022,158,0,0.838544138970058
2,177,26.050000000000196,159,0,0.8377055948310879
2,178,25.750000000000256,195,0,0.8368678892362568
2,179,18.100000000000136,108,0,0.8360310213470206
2,180,29.150000000000148,247,0,0.8351949903256736
2,181,79.45000000000049,321,0,0.8343597953353479
2,182,36.70000000000023,156,0,0.8335254355400126
2,183,30.00000000000027,200,0,0.8326919101044725
2,184,26.100000000000236,158,0,0.831859218194368
2,185,28.70000000000033,196,0,0.8310273589761736
2,186,34.30000000000025,174,0,0.8301963316171974
2,187,25.85000000000025,163,0,0.8293661352855802
2,188,30.350000000000335,193,0,0.8285367691502946
2,189,84.00000000000024,320,0,0.8277082323811443
2,190,35.05000000000024,159,0,0.8268805241487632
2,191,29.750000000000284,235,0,0.8260536436246144
2,192,16.700000000000202,136,0,0.8252275899809898
2,193,27.20000000000026,166,0,0.8244023623910088
2,194,27.55000000000024,159,0,0.8235779600286178
2,195,13.900000000000233,192,0,0.8227543820685892
2,196,17.200000000000173,126,0,0.8219316276865206
2,197,85.95000000000026,281,0,0.8211096960588341
2,198,28.05000000000014,119,0,0.8202885863627752
2,199,23.30000000000021,214,0,0.8194682977764125
2,200,20.35000000000032,243,0,0.818648829478636
2,201,32.200000000000216,156,0,0.8178301806491574
2,202,30.050000000000338,199,0,0.8170123504685082
2,203,26.000000000000227,160,0,0.8161953381180397
2,204,32.5000000000004,240,0,0.8153791427799216
2,205,25.800000000000225,194,0,0.8145637636371417
2,206,30.600000000000193,158,0,0.8137491998735046
2,207,81.85000000000038,273,0,0.812935450673631
2,208,88.7000000000004,316,0,0.8121225152229574
2,209,16.0000000000001,150,0,0.8113103927077344
2,210,17.950000000000145,111,0,0.8104990823150267
2,211,36.250000000000256,165,0,0.8096885832327116
2,212,16.150000000000205,147,0,0.8088788946494789
2,213,30.55000000000024,159,0,0.8080700157548294
2,214,27.250000000000156,195,0,0.8072619457390746
2,215,15.800000000000253,154,0,0.8064546837933355
2,216,33.55000000000024,159,0,0.8056482291095421
2,217,26.150000000000247,157,0,0.8048425808804326
2,218,31.900000000000247,162,0,0.8040377382995522
2,219,84.30000000000031,314,0,0.8032337005612527
2,220,18.150000000000134,107,0,0.8024304668606914
2,221,29.25000000000024,155,0,0.8016280363938307
2,222,24.25000000000024,165,0,0.8008264083574369
2,223,17.10000000000018,128,0,0.8000255819490795
2,224,18.100000000000108,108,0,0.7992255563671304
2,225,30.70000000000026,156,0,0.7984263308107633
2,226,27.60000000000025,158,0,0.7976279044799526
2,227,17.650000000000162,117,0,0.7968302765754727
2,228,33.150000000000276,197,0,0.7960334462988972
2,229,30.700000000000244,156,0,0.7952374128525983
2,230,87.85000000000035,273,0,0.7944421754397457
2,231,32.05000000000025,159,0,0.7936477332643059
2,232,15.950000000000088,151,0,0.7928540855310416
2,233,89.65000000000022,267,0,0.7920612314455105
2,234,25.700000000000287,196,0,0.7912691702140651
2,235,34.75000000000021,165,0,0.790477901043851
2,236,15.65000000000019,157,0,0.7896874231428072
2,237,80.80000000000048,234,0,0.7888977357196644
2,238,32.450000000000244,211,0,0.7881088379839447
2,239,14.15000000000034,187,0,0.7873207291459607
2,240,138.1499999999976,497,0,0.7865334084168147
2,241,24.050000000000253,169,0,0.7857468750083979
2,242,84.65000000000053,307,0,0.7849611281333895
2,243,35.250000000000256,155,0,0.784176167005256
2,244,34.85000000000032,163,0,0.7833919908382508
2,245,34.90000000000023,162,0,0.7826085988474126
2,246,15.650000000000233,157,0,0.7818259902485653
2,247,31.100000000000364,208,0,0.7810441642583167
2,248,27.35000000000025,163,0,0.7802631200940584
2,249,15.600000000000122,158,0,0.7794828569739644
2,250,89.85000000000024,233,0,0.7787033741169904
2,251,31.95000000000026,161,0,0.7779246707428734
2,252,26.10000000000022,158,0,0.7771467460721305
2,253,15.050000000000168,169,0,0.7763695993260584
2,254,16.40000000000009,142,0,0.7755932297267324
2,255,17.900000000000134,112,0,0.7748176364970056
2,256,141.54999999999865,459,0,0.7740428188605086
2,257,18.700000000000102,96,0,0.7732687760416481
2,258,34.95000000000033,161,0,0.7724955072656065
2,259,24.700000000000244,156,0,0.7717230117583408
2,260,31.40000000000026,172,0,0.7709512887465825
2,261,16.800000000000225,134,0,0.7701803374578359
2,262,124.19999999999887,386,0,0.7694101571203781
2,263,34.300000000000296,174,0,0.7686407469632577
2,264,28.80000000000024,164,0,0.7678721062162944
2,265,28.2500000000003,235,0,0.7671042341100781
2,266,34.450000000000344,201,0,0.766337129875968
2,267,24.90000000000012,122,0,0.7655707927460921
2,268,25.000000000000213,120,0,0.764805221953346
2,269,24.650000000000205,157,0,0.7640404167313927
2,270,303.44999999999834,431,1,0.7632763763146613
2,271,140.59999999999792,478,0,0.7625130999383466
2,272,17.850000000000136,113,0,0.7617505868384082
2,273,17.850000000000136,113,0,0.7609888362515699
2,274,32.05000000000024,159,0,0.7602278474153183
2,275,24.350000000000165,133,0,0.759467619567903
2,276,128.09999999999906,308,0,0.7587081519483351
2,277,24.250000000000128,195,0,0.7579494437963867
2,278,92.65000000000016,237,0,0.7571914943525904
2,279,25.900000000000247,162,0,0.7564343028582378
2,280,27.600000000000207,158,0,0.7556778685553796
2,281,18.150000000000134,107,0,0.7549221906868242
2,282,30.65000000000019,157,0,0.7541672684961374
2,283,33.600000000000236,158,0,0.7534131012276413
2,284,29.10000000000025,158,0,0.7526596881264136
2,285,90.80000000000034,274,0,0.7519070284382872
2,286,18.30000000000011,104,0,0.7511551214098489
2,287,140.7499999999988,385,0,0.750403966288439
2,288,25.050000000000125,119,0,0.7496535623221505
2,289,26.350000000000236,243,0,0.7489039087598284
2,290,26.30000000000014,124,0,0.7481550048510686
2,291,33.60000000000012,158,0,0.7474068498462175
2,292,92.70000000000017,236,0,0.7466594429963713
2,293,82.35000000000035,233,0,0.745912783553375
2,294,17.45000000000016,121,0,0.7451668707698216
2,295,16.35000000000022,143,0,0.7444217038990517
2,296,88.05000000000037,239,0,0.7436772821951526
2,297,24.25000000000027,165,0,0.7429336049129575
2,298,127.09999999999964,328,0,0.7421906713080445
2,299,30.300000000000267,164,0,0.7414484806367364
2,300,34.80000000000025,164,0,0.7407070321560997
2,301,26.20000000000023,156,0,0.7399663251239436
2,302,18.200000000000102,106,0,0.7392263587988196
2,303,17.50000000000017,120,0,0.7384871324400207
2,304,92.80000000000008,234,0,0.7377486453075807
2,305,16.900000000000176,132,0,0.737010896662273
2,306,17.900000000000134,112,0,0.7362738857656108
2,307,24.800000000000153,124,0,0.7355376118798452
2,308,24.550000000000253,159,0,0.7348020742679654
2,309,26.0000000000002,160,0,0.7340672721936974
2,310,24.950000000000145,121,0,0.7333332049215037
2,311,302.4499999999989,391,1,0.7325998717165821
2,312,86.90000000000002,232,0,0.7318672718448656
2,313,22.05000000000021,209,0,0.7311354045730207
2,314,33.10000000000021,198,0,0.7304042691684477
2,315,18.250000000000128,105,0,0.7296738648992792
2,316,31.70000000000016,136,0,0.7289441910343799
2,317,25.050000000000196,119,0,0.7282152468433455
2,318,86.10000000000032,248,0,0.7274870315965022
2,319,25.650000000000247,167,0,0.7267595445649057
2,320,31.50000000000034,200,0,0.7260327850203407
2,321,38.5000000000002,120,0,0.7253067522353204
2,322,15.150000000000297,167,0,0.724581445483085
2,323,15.150000000000233,167,0,0.723856864037602
2,324,91.3,234,0,0.7231330071735643
2,325,30.45000000000023,161,0,0.7224098741663908
2,326,16.55000000000021,139,0,0.7216874642922244
2,327,85.05000000000011,239,0,0.7209657768279322
2,328,34.9500000000002,161,0,0.7202448110511043
2,329,31.90000000000026,162,0,0.7195245662400531
2,330,17.200000000000188,126,0,0.7188050416738131
2,331,35.50000000000023,120,0,0.7180862366321393
2,332,16.600000000000193,138,0,0.7173681503955072
2,333,88.70000000000014,316,0,0.7166507822451117
2,334,23.000000000000227,160,0,0.7159341314628666
2,335,17.25000000000017,125,0,0.7152181973314037
2,336,128.54999999999927,299,0,0.7145029791340722
2,337,29.55000000000021,119,0,0.7137884761549381
2,338,145.69999999999885,346,0,0.7130746876787832
2,339,83.75000000000018,235,0,0.7123616129911045
2,340,17.050000000000196,129,0,0.7116492513781133
2,341,18.850000000000094,93,0,0.7109376021267352
2,342,89.5000000000003,240,0,0.7102266645246085
2,343,36.40000000000026,162,0,0.7095164378600839
2,344,27.55000000000024,159,0,0.7088069214222238
2,345,31.050000000000153,119,0,0.7080981145008015
2,346,92.90000000000013,232,0,0.7073900163863007
2,347,27.650000000000233,157,0,0.7066826263699144
2,348,27.15000000000012,167,0,0.7059759437435444
2,349,26.000000000000156,160,0,0.7052699677998009
2,350,130.14999999999975,267,0,0.704564697832001
2,351,18.200000000000102,106,0,0.7038601331341691
2,352,18.000000000000114,110,0,0.7031562730010349
2,353,16.900000000000176,132,0,0.7024531167280339
2,354,27.700000000000202,156,0,0.7017506636113059
2,355,33.05000000000028,169,0,0.7010489129476946
2,356,18.050000000000125,109,0,0.7003478640347469
2,357,18.40000000000012,102,0,0.6996475161707122
2,358,18.500000000000114,100,0,0.6989478686545415
2,359,34.600000000000236,168,0,0.698248920785887
2,360,31.000000000000128,120,0,0.6975506718651011
2,361,311.99999999999835,380,1,0.6968531211932361
2,362,35.10000000000012,128,0,0.6961562680720428
2,363,92.65000000000008,237,0,0.6954601118039707
2,364,30.55000000000024,159,0,0.6947646516921667
2,365,35.25000000000023,155,0,0.6940698870404746
2,366,24.700000000000202,156,0,0.6933758171534341
2,367,128.54999999999922,299,0,0.6926824413362807
2,368,35.25000000000031,155,0,0.6919897588949444
2,369,35.15000000000025,157,0,0.6912977691360495
2,370,17.900000000000134,112,0,0.6906064713669134
2,371,91.20000000000014,236,0,0.6899158648955466
2,372,17.25000000000017,125,0,0.689225949030651
2,373,17.55000000000014,119,0,0.6885367230816204
2,374,32.15000000000023,157,0,0.6878481863585387
2,375,17.800000000000153,114,0,0.6871603381721801
2,376,83.70000000000023,206,0,0.686473177834008
2,377,18.20000000000013,106,0,0.685786704656174
2,378,28.050000000000196,119,0,0.6851009179515178
2,379,27.65000000000032,157,0,0.6844158170335664
2,380,27.85000000000022,123,0,0.6837314012165328
2,381,28.100000000000122,118,0,0.6830476698153162
2,382,18.050000000000153,109,0,0.6823646221455009
2,383,17.650000000000148,117,0,0.6816822575233553
2,384,147.44999999999885,341,0,0.6810005752658319
2,385,30.500000000000256,160,0,0.680319574690566
2,386,82.45000000000032,201,0,0.6796392551158754
2,387,36.700000000000244,156,0,0.6789596158607596
2,388,35.30000000000024,124,0,0.6782806562448989
2,389,19.250000000000057,85,0,0.677602375588654
2,390,16.950000000000173,131,0,0.6769247732130653
2,391,15.950000000000074,151,0,0.6762478484398523
2,392,17.700000000000145,116,0,0.6755716005914124
2,393,18.450000000000102,101,0,0.674896028990821
2,394,37.00000000000021,120,0,0.6742211329618302
2,395,88.20000000000026,236,0,0.6735469118288684
2,396,302.9499999999988,351,1,0.6728733649170395
2,397,15.05000000000011,169,0,0.6722004915521225
2,398,129.69999999999942,276,0,0.6715282910605703
2,399,144.4499999999993,311,0,0.6708567627695098
2,400,16.800000000000168,134,0,0.6701859060067403
2,401,33.800000000000225,124,0,0.6695157201007336
2,402,33.9500000000002,121,0,0.6688462043806328
2,403,33.7500000000002,155,0,0.6681773581762521
2,404,24.55000000000021,159,0,0.6675091808180759
2,405,85.50000000000027,230,0,0.6668416716372578
2,406,29.600000000000136,118,0,0.6661748299656206
2,407,15.100000000000314,168,0,0.6655086551356549
2,408,17.450000000000173,121,0,0.6648431464805192
2,409,31.100000000000207,118,0,0.6641783033340387
2,410,33.60000000000018,158,0,0.6635141250307047
2,411,29.400000000000205,122,0,0.662850610905674
2,412,17.10000000000018,128,0,0.6621877602947683
2,413,304.3999999999992,322,1,0.6615255725344735
2,414,17.050000000000168,129,0,0.660864046961939
2,415,17.750000000000156,115,0,0.660203182914977
2,416,18.400000000000134,102,0,0.6595429797320621
2,417,302.9999999999992,350,1,0.6588834367523301
2,418,18.500000000000114,100,0,0.6582245533155777
2,419,17.800000000000153,114,0,0.6575663287622622
2,420,304.6499999999992,317,1,0.6569087624334999
2,421,17.800000000000153,114,0,0.6562518536710664
2,422,130.6999999999993,256,0,0.6555956018173954
2,423,143.14999999999918,307,0,0.654940006215578
2,424,16.200000000000244,146,0,0.6542850662093624
2,425,38.50000000000021,120,0,0.6536307811431531
2,426,32.55000000000021,119,0,0.65297715036201
2,427,17.15000000000019,127,0,0.6523241732116479
2,428,38.00000000000024,130,0,0.6516718490384363
2,429,30.950000000000145,121,0,0.6510201771893979
2,430,32.15000000000023,157,0,0.6503691570122084
2,431,17.35000000000018,123,0,0.6497187878551962
2,432,15.600000000000279,158,0,0.649069069067341
2,433,34.650000000000276,167,0,0.6484199999982736
2,434,18.350000000000122,103,0,0.6477715799982753
2,435,33.60000000000022,158,0,0.647123808418277
2,436,312.2499999999992,315,1,0.6464766846098587
2,437,17.800000000000153,114,0,0.6458302079252489
2,438,31.050000000000196,119,0,0.6451843777173236
2,439,26.10000000000022,158,0,0.6445391933396063
2,440,32.150000000000205,157,0,0.6438946541462667
2,441,26.600000000000136,118,0,0.6432507594921204
2,442,131.4999999999995,240,0,0.6426075087326283
2,443,18.000000000000128,110,0,0.6419649012238956
2,444,19.000000000000085,90,0,0.6413229363226717
2,445,32.00000000000024,160,0,0.640681613386349
2,446,14.550000000000338,179,0,0.6400409317729626
2,447,16.950000000000188,131,0,0.6394008908411897
2,448,17.80000000000014,114,0,0.6387614899503485
2,449,91.90000000000002,192,0,0.6381227284603982
2,450,24.60000000000025,158,0,0.6374846057319378
2,451,35.4500000000002,121,0,0.6368471211262058
2,452,24.350000000000136,133,0,0.6362102740050796
2,453,35.60000000000021,118,0,0.6355740637310745
2,454,26.500000000000185,120,0,0.6349384896673435
2,455,26.550000000000125,119,0,0.6343035511776761
2,456,304.99999999999903,310,1,0.6336692476264985
2,457,16.55000000000021,139,0,0.6330355783788719
2,458,18.450000000000102,101,0,0.632402542800493
2,459,90.09999999999998,198,0,0.6317701402576925
2,460,87.25000000000024,195,0,0.6311383701174348
2,461,35.55000000000021,119,0,0.6305072317473174
2,462,27.950000000000216,121,0,0.6298767245155701
2,463,33.600000000000236,158,0,0.6292468477910546
2,464,26.400000000000134,122,0,0.6286176009432635
2,465,315.89999999999907,272,1,0.6279889833423202
2,466,33.35000000000025,163,0,0.6273609943589779
2,467,28.000000000000156,120,0,0.6267336333646188
2,468,94.60000000000012,198,0,0.6261068997312542
2,469,309.6999999999991,306,1,0.6254807928315229
2,470,36.9500000000002,121,0,0.6248553120386914
2,471,26.600000000000136,118,0,0.6242304567266527
2,472,34.15000000000009,177,0,0.623606226269926
2,473,304.9999999999992,310,1,0.6229826200436561
2,474,24.950000000000202,121,0,0.6223596374236124
2,475,38.45000000000023,121,0,0.6217372777861888
2,476,18.150000000000134,107,0,0.6211155405084027
2,477,32.20000000000016,126,0,0.6204944249678943
2,478,18.5000000000001,100,0,0.6198739305429264
2,479,16.40000000000019,142,0,0.6192540566123834
2,480,306.74999999999903,275,1,0.6186348025557711
2,481,37.10000000000019,118,0,0.6180161677532153
2,482,149.29999999999916,304,0,0.6173981515854621
2,483,91.2000000000002,236,0,0.6167807534338766
2,484,313.0499999999991,269,1,0.6161639726804428
2,485,27.500000000000227,160,0,0.6155478087077623
2,486,16.400000000000205,142,0,0.6149322608990545
2,487,88.85000000000004,193,0,0.6143173286381555
2,488,38.25000000000013,125,0,0.6137030113095173
2,489,28.050000000000125,119,0,0.6130893082982078
2,490,18.700000000000102,96,0,0.6124762189899097
2,491,17.850000000000136,113,0,0.6118637427709198
2,492,315.9999999999991,270,1,0.6112518790281489
2,493,18.250000000000128,105,0,0.6106406271491208
2,494,17.200000000000188,126,0,0.6100299865219717
2,495,35.100000000000236,158,0,0.6094199565354498
2,496,17.300000000000182,124,0,0.6088105365789144
2,497,91.75000000000021,195,0,0.6082017260423355
2,498,32.10000000000015,128,0,0.6075935243162931
2,499,314.149999999999,277,1,0.6069859307919768
2,500,30.90000000000022,122,0,0.6063789448611848
2,501,13.30000000000041,204,0,0.6057725659163237
2,502,17.650000000000162,117,0,0.6051667933504074
2,503,17.650000000000176,117,0,0.6045616265570569
2,504,85.75000000000018,195,0,0.6039570649304998
2,505,18.85000000000008,93,0,0.6033531078655693
2,506,38.35000000000021,123,0,0.6027497547577038
2,507,314.1499999999993,307,1,0.602147005002946
2,508,18.450000000000102,101,0,0.6015448579979431
2,509,15.350000000000293,163,0,0.6009433131399452
2,510,313.6499999999987,317,1,0.6003423698268052
2,511,17.10000000000018,128,0,0.5997420274569785
2,512,17.70000000000016,116,0,0.5991422854295215
2,513,35.550000000000196,119,0,0.598543143144092
2,514,17.20000000000016,126,0,0.5979446000009478
2,515,33.80000000000021,124,0,0.5973466554009469
2,516,93.35000000000004,193,0,0.596749308745546
2,517,17.850000000000122,113,0,0.5961525594368005
2,518,33.70000000000023,156,0,0.5955564068773637
2,519,147.94999999999914,271,0,0.5949608504704863
2,520,32.450000000000145,121,0,0.5943658896200158
2,521,34.10000000000021,118,0,0.5937715237303958
2,522,26.350000000000207,123,0,0.5931777522066654
2,523,309.7999999999992,304,1,0.5925845744544587
2,524,17.300000000000182,124,0,0.5919919898800042
2,525,18.40000000000012,102,0,0.5913999978901242
2,526,32.05000000000024,159,0,0.590808597892234
2,527,35.60000000000015,118,0,0.5902177892943418
2,528,19.15000000000009,87,0,0.5896275715050474
2,529,131.5499999999996,239,0,0.5890379439335424
2,530,24.850000000000122,123,0,0.5884489059896089
2,531,17.650000000000148,117,0,0.5878604570836192
2,532,24.950000000000145,121,0,0.5872725966265356
2,533,26.60000000000015,118,0,0.5866853240299091
2,534,37.10000000000019,118,0,0.5860986387058792
2,535,149.2999999999994,244,0,0.5855125400671733
2,536,18.90000000000009,92,0,0.5849270275271061
2,537,24.80000000000021,124,0,0.584342100499579
2,538,92.80000000000025,234,0,0.5837577583990794
2,539,87.15000000000025,197,0,0.5831740006406804
2,540,313.8999999999991,312,1,0.5825908266400397
2,541,18.700000000000102,96,0,0.5820082358133997
2,542,37.05000000000015,89,0,0.5814262275775862
2,543,131.74999999999937,235,0,0.5808448013500086
2,544,85.80000000000017,194,0,0.5802639565486586
2,545,26.100000000000108,128,0,0.57968369259211
2,546,31.100000000000207,118,0,0.5791040088995179
2,547,33.9500000000001,121,0,0.5785249048906184
2,548,18.40000000000012,102,0,0.5779463799857277
2,549,84.25000000000007,165,0,0.577368433605742
2,550,317.34999999999906,273,1,0.5767910651721362
2,551,17.10000000000018,128,0,0.576214274106964
2,552,131.59999999999962,238,0,0.5756380598328571
2,553,35.50000000000013,120,0,0.5750624217730242
2,554,38.50000000000024,120,0,0.5744873593512512
2,555,34.10000000000021,118,0,0.5739128719918999
2,556,129.2499999999995,285,0,0.573338959119908
2,557,35.450000000000216,121,0,0.572765620160788
2,558,16.400000000000233,142,0,0.5721928545406272
2,559,35.55000000000021,119,0,0.5716206616860866
2,560,146.64999999999912,267,0,0.5710490410244006
2,561,89.20000000000006,156,0,0.5704779919833761
2,562,29.90000000000012,82,0,0.5699075139913927
2,563,17.45000000000016,121,0,0.5693376064774013
2,564,90.20000000000014,196,0,0.5687682688709239
2,565,38.55000000000021,119,0,0.5681995006020529
2,566,88.80000000000022,194,0,0.5676313011014509
2,567,32.600000000000136,118,0,0.5670636698003494
2,568,16.800000000000196,134,0,0.5664966061305491
2,569,84.75000000000018,155,0,0.5659301095244186
2,570,18.150000000000134,107,0,0.5653641794148941
2,571,16.200000000000216,146,0,0.5647988152354793
2,572,304.9999999999989,310,1,0.5642340164202437
2,573,29.45000000000013,121,0,0.5636697824038235
2,574,312.79999999999893,274,1,0.5631061126214196
2,575,32.30000000000021,124,0,0.5625430065087982
2,576,17.50000000000017,120,0,0.5619804635022894
2,577,18.65000000000009,97,0,0.561418483038787
2,578,87.25000000000021,195,0,0.5608570645557482
2,579,36.850000000000236,123,0,0.5602962074911925
2,580,90.75000000000016,155,0,0.5597359112837013
2,581,16.800000000000182,134,0,0.5591761753724176
2,582,306.0499999999992,319,1,0.5586169991970452
2,583,26.500000000000213,120,0,0.5580583821978482
2,584,88.79999999999991,194,0,0.5575003238156504
2,585,16.000000000000256,150,0,0.5569428234918348
2,586,18.300000000000125,104,0,0.5563858806683429
2,587,26.5000000000002,120,0,0.5558294947876746
2,588,32.450000000000216,121,0,0.5552736652928869
2,589,35.00000000000023,160,0,0.5547183916275941
2,590,315.94999999999914,271,1,0.5541636732359665
2,591,315.59999999999906,308,1,0.5536095095627305
2,592,311.54999999999893,269,1,0.5530559000531677
2,593,32.60000000000019,118,0,0.5525028441531146
2,594,93.24999999999993,195,0,0.5519503413089615
2,595,131.04999999999956,249,0,0.5513983909676525
2,596,35.100000000000236,128,0,0.5508469925766849
2,597,17.60000000000015,118,0,0.5502961455841082
2,598,17.000000000000185,130,0,0.5497458494385241
2,599,87.45000000000014,161,0,0.5491961035890855
2,600,313.04999999999905,269,1,0.5486469074854965
2,601,149.5499999999994,239,0,0.548098260578011
2,602,18.10000000000015,108,0,0.547550162317433
2,603,82.95000000000012,191,0,0.5470026121551156
2,604,17.85000000000015,113,0,0.5464556095429605
2,605,149.69999999999948,266,0,0.5459091539334175
2,606,309.699999999999,306,1,0.5453632447794842
2,607,28.05000000000014,119,0,0.5448178815347047
2,608,152.99999999999937,230,0,0.54427306365317
2,609,318.9499999999991,271,1,0.5437287905895168
2,610,308.79999999999944,234,1,0.5431850617989273
2,611,315.999999999999,270,1,0.5426418767371284
2,612,29.30000000000014,124,0,0.5420992348603912
2,613,310.799999999999,314,1,0.5415571356255309
2,614,18.700000000000102,96,0,0.5410155784899053
2,615,34.700000000000244,166,0,0.5404745629114154
2,616,311.64999999999895,267,1,0.539934088348504
2,617,316.19999999999897,266,1,0.5393941542601555
2,618,17.000000000000185,130,0,0.5388547601058953
2,619,322.19999999999914,266,1,0.5383159053457894
2,620,131.69999999999936,236,0,0.5377775894404436
2,621,85.8000000000002,164,0,0.5372398118510032
2,622,16.60000000000022,138,0,0.5367025720391522
2,623,18.40000000000012,102,0,0.536165869467113
2,624,17.250000000000185,125,0,0.5356297035976458
2,625,15.900000000000261,152,0,0.5350940738940482
2,626,150.7499999999991,275,0,0.5345589798201541
2,627,316.049999999999,269,1,0.534024420840334
2,628,308.29999999999905,274,1,0.5334903964194936
2,629,17.200000000000173,126,0,0.5329569060230741
2,630,131.39999999999947,242,0,0.532423949117051
2,631,18.250000000000114,105,0,0.531891525167934
2,632,28.10000000000018,118,0,0.5313596336427661
2,633,38.55000000000021,119,0,0.5308282740091232
2,634,30.65000000000012,127,0,0.5302974457351142
2,635,87.8000000000002,154,0,0.5297671482893791
2,636,87.15000000000013,197,0,0.5292373811410898
2,637,34.0000000000002,120,0,0.5287081437599487
2,638,316.09999999999906,268,1,0.5281794356161887
2,639,92.0500000000002,159,0,0.5276512561805725
2,640,17.700000000000173,116,0,0.5271236049243919
2,641,314.64999999999895,267,1,0.5265964813194676
2,642,87.29999999999994,194,0,0.5260698848381481
2,643,89.15000000000019,157,0,0.5255438149533099
2,644,17.050000000000196,129,0,0.5250182711383566
2,645,38.60000000000019,118,0,0.5244932528672183
2,646,37.00000000000021,120,0,0.5239687596143511
2,647,28.450000000000088,81,0,0.5234447908547367
2,648,316.19999999999914,266,1,0.522921346063882
2,649,17.750000000000156,115,0,0.522398424717818
2,650,149.49999999999943,240,0,0.5218760262931003
2,651,33.950000000000216,121,0,0.5213541502668072
2,652,87.80000000000022,154,0,0.5208327961165404
2,653,17.200000000000188,126,0,0.5203119633204238
2,654,89.00000000000021,160,0,0.5197916513571034
2,655,317.49999999999903,270,1,0.5192718597057463
2,656,311.64999999999907,267,1,0.5187525878460405
2,657,17.95000000000013,111,0,0.5182338352581944
2,658,16.60000000000022,138,0,0.5177156014229363
2,659,18.850000000000094,93,0,0.5171978858215134
2,660,91.75000000000016,195,0,0.5166806879356919
2,661,27.950000000000145,121,0,0.5161640072477562
2,662,16.30000000000021,144,0,0.5156478432405085
2,663,313.249999999999,265,1,0.515132195397268
2,664,36.90000000000023,122,0,0.5146170632018707
2,665,89.30000000000017,154,0,0.5141024461386688
2,666,16.65000000000022,137,0,0.5135883436925301
2,667,37.05000000000018,119,0,0.5130747553488376
2,668,151.3499999999994,233,0,0.5125616805934888
2,669,18.55000000000011,99,0,0.5120491189128954
2,670,37.0000000000002,120,0,0.5115370697939825
2,671,318.9999999999991,270,1,0.5110255327241885
2,672,14.35000000000035,183,0,0.5105145071914643
2,673,316.249999999999,265,1,0.5100039926842729
2,674,30.950000000000202,121,0,0.5094939886915886
2,675,18.40000000000012,102,0,0.508984494702897
2,676,86.10000000000015,158,0,0.508475510208194
2,677,17.35000000000018,123,0,0.5079670346979859
2,678,147.04999999999944,229,0,0.5074590676632879
2,679,316.1499999999991,267,1,0.5069516085956246
2,680,131.8999999999994,232,0,0.506444656987029
2,681,87.35000000000018,163,0,0.505938212330042
2,682,127.29999999999846,324,0,0.505432274117712
2,683,18.350000000000122,103,0,0.5049268418435943
2,684,89.05000000000008,159,0,0.5044219150017507
2,685,322.149999999999,267,1,0.5039174930867489
2,686,35.50000000000014,90,0,0.5034135755936622
2,687,15.200000000000301,166,0,0.5029101620180685
2,688,325.2499999999988,265,1,0.5024072518560504
2,689,314.3999999999987,302,1,0.5019048446041944
2,690,93.40000000000008,192,0,0.5014029397595902
2,691,17.550000000000168,119,0,0.5009015368198305
2,692,31.100000000000193,118,0,0.5004006352830107
2,693,148.49999999999943,230,0,0.4999002346477277
2,694,28.400000000000105,82,0,0.49940033441307996
2,695,131.74999999999943,235,0,0.49890093407866687
2,696,32.95000000000013,81,0,0.4984020331445882
2,697,152.79999999999944,234,0,0.4979036311114436
2,698,151.44999999999948,231,0,0.4974057274803321
2,699,319.2499999999989,265,1,0.49690832175285177
2,700,148.49999999999955,230,0,0.4964114134310989
2,701,17.75000000000017,115,0,0.4959150020176678
2,702,90.75000000000016,155,0,0.49541908701565013
2,703,321.7999999999991,274,1,0.49492366792863446
2,704,87.14999999999999,197,0,0.4944287442607058
2,705,321.79999999999905,274,1,0.4939343155164451
2,706,28.350000000000108,83,0,0.4934403812009287
2,707,148.3499999999994,233,0,0.4929469408197278
2,708,146.7999999999994,234,0,0.49245399387890804
2,709,16.800000000000182,134,0,0.4919615398850291
2,710,26.90000000000012,82,0,0.4914695783451441
2,711,17.05000000000021,129,0,0.4909781087667989
2,712,311.79999999999916,264,1,0.4904871306580321
2,713,131.44999999999948,241,0,0.4899966435273741
2,714,309.89999999999907,272,1,0.4895066468838467
2,715,152.49999999999926,240,0,0.48901714023696286
2,716,15.800000000000267,154,0,0.4885281230967259
2,717,326.54999999999893,269,1,0.48803959497362914
2,718,35.60000000000022,118,0,0.4875515553786555
2,719,17.10000000000018,128,0,0.48706400382327686
2,720,307.0999999999991,268,1,0.4865769398194536
2,721,18.000000000000128,110,0,0.48609036287963414
2,722,31.250000000000114,85,0,0.48560427251675453
2,723,320.49999999999903,270,1,0.48511866824423777
2,724,328.149999999999,267,1,0.4846335495759935
2,725,26.850000000000108,83,0,0.4841489160264175
2,726,17.800000000000153,114,0,0.4836647671103911
2,727,18.650000000000105,97,0,0.4831811023432807
2,728,145.39999999999947,232,0,0.4826979212409374
2,729,32.60000000000015,88,0,0.48221522331969646
2,730,28.400000000000105,82,0,0.48173300809637676
2,731,311.2499999999991,275,1,0.48125127508828036
2,732,16.900000000000205,132,0,0.48077002381319206
2,733,29.95000000000013,81,0,0.48028925378937887
2,734,17.350000000000165,123,0,0.47980896453558947
2,735,18.050000000000125,109,0,0.4793291555710539
2,736,86.15000000000022,157,0,0.47884982641548285
2,737,12.000000000000462,230,0,0.47837097658906735
2,738,16.400000000000233,142,0,0.47789260561247826
2,739,17.35000000000015,123,0,0.4774147130068658
2,740,15.100000000000307,168,0,0.4769372982938589
2,741,312.699999999999,276,1,0.47646036099556505
2,742,86.30000000000017,154,0,0.47598390063456947
2,743,152.8999999999994,232,0,0.4755079167339349
2,744,93.70000000000009,156,0,0.47503240881720094
2,745,17.750000000000156,115,0,0.47455737640838375
2,746,17.750000000000156,115,0,0.47408281903197536
2,747,311.34999999999917,273,1,0.47360873621294336
2,748,31.350000000000108,83,0,0.4731351274767304
2,749,87.45000000000014,161,0,0.4726619923492537
2,750,87.70000000000014,156,0,0.47218933035690447
2,751,84.35000000000012,163,0,0.47171714102654755
2,752,325.049999999999,269,1,0.471245423885521
2,753,32.900000000000134,82,0,0.47077417846163544
2,754,151.29999999999933,234,0,0.4703034042831738
2,755,25.100000000000122,118,0,0.46983310087889063
2,756,34.10000000000022,118,0,0.46936326777801174
2,757,28.300000000000125,84,0,0.4688939045102337
2,758,29.950000000000117,81,0,0.4684250106057235
2,759,29.450000000000145,121,0,0.46795658559511777
2,760,26.950000000000117,81,0,0.46748862900952265
2,761,28.300000000000153,84,0,0.4670211403805131
2,762,151.14999999999958,237,0,0.4665541192401326
2,763,90.65000000000016,157,0,0.4660875651208925
2,764,34.25000000000013,85,0,0.4656214775557716
2,765,310.19999999999914,266,1,0.46515585607821586
2,766,18.450000000000102,101,0,0.46469070022213765
2,767,28.450000000000145,81,0,0.4642260095219155
2,768,89.2000000000002,156,0,0.4637617835123936
2,769,28.30000000000014,84,0,0.46329802172888124
2,770,320.24999999999886,275,1,0.46283472370715234
2,771,84.7000000000002,156,0,0.46237188898344517
2,772,86.3000000000002,154,0,0.4619095170944617
2,773,29.950000000000117,81,0,0.46144760757736725
2,774,18.40000000000012,102,0,0.46098615996978987
2,775,28.45000000000013,81,0,0.46052517380982005
2,776,32.550000000000125,119,0,0.4600646486360102
2,777,35.60000000000021,118,0,0.4596045839873742
2,778,319.1999999999989,266,1,0.45914497940338683
2,779,262.8999999999897,1062,0,0.4586858344239834
2,780,37.40000000000015,82,0,0.45822714858955943
2,781,86.0500000000002,159,0,0.45776892144096987
2,782,29.600000000000207,118,0,0.4573111525195289
2,783,28.450000000000102,81,0,0.4568538413670094
2,784,313.14999999999895,267,1,0.4563969875256424
2,785,35.50000000000021,120,0,0.45594059053811675
2,786,82.70000000000023,196,0,0.45548464994757865
2,787,89.1500000000001,157,0,0.45502916529763104
2,788,152.4499999999993,241,0,0.45457413613233344
2,789,17.70000000000016,116,0,0.4541195619962011
2,790,92.30000000000008,154,0,0.4536654424342049
2,791,87.30000000000005,194,0,0.45321177699177073
2,792,317.44999999999897,271,1,0.452758565214779
2,793,26.950000000000117,81,0,0.4523058066495642
2,794,92.15000000000002,157,0,0.45185350084291465
2,795,96.60000000000007,158,0,0.4514016473420717
2,796,82.65000000000013,167,0,0.45095024569472963
2,797,32.60000000000011,88,0,0.4504992954490349
2,798,308.9499999999994,231,1,0.45004879615358584
2,799,28.350000000000136,83,0,0.44959874735743227
2,800,320.4999999999991,270,1,0.4491491486100748
2,801,90.30000000000008,164,0,0.44869999946146477
2,802,318.59999999999906,278,1,0.4482512994620033
2,803,151.49999999999937,230,0,0.4478030481625413
2,804,90.75000000000013,155,0,0.44735524511437874
2,805,15.950000000000259,151,0,0.4469078898692644
2,806,31.450000000000117,81,0,0.4464609819793951
2,807,322.0999999999991,268,1,0.44601452099741573
2,808,152.99999999999937,230,0,0.4455685064764183
2,809,87.75000000000004,155,0,0.4451229379699419
2,810,92.30000000000014,154,0,0.44467781503197196
2,811,86.25000000000018,155,0,0.44423313721693997
2,812,28.450000000000117,81,0,0.44378890407972305
2,813,17.050000000000196,129,0,0.44334511517564335
2,814,28.45000000000013,81,0,0.4429017700604677
2,815,148.29999999999927,234,0,0.44245886829040726
2,816,28.40000000000009,82,0,0.44201640942211684
2,817,28.450000000000117,81,0,0.44157439301269474
2,818,134.0499999999996,189,0,0.44113281861968207
2,819,317.7499999999989,265,1,0.4406916858010624
2,820,96.60000000000007,158,0,0.4402509941152613
2,821,26.900000000000134,82,0,0.43981074312114604
2,822,28.400000000000105,82,0,0.4393709323780249
2,823,87.75000000000013,155,0,0.4389315614456469
2,824,87.7000000000002,156,0,0.43849262988420123
2,825,83.25000000000016,155,0,0.438054137254317
2,826,151.39999999999924,232,0,0.4376160831170627
2,827,36.950000000000216,121,0,0.43717846703394564
2,828,29.850000000000122,83,0,0.4367412885669117
2,829,87.8000000000002,154,0,0.4363045472783448
2,830,131.79999999999956,234,0,0.43586824273106645
2,831,146.79999999999944,234,0,0.4354323744883354
2,832,18.40000000000012,102,0,0.43499694211384704
2,833,26.800000000000097,84,0,0.4345619451717332
2,834,16.950000000000202,131,0,0.43412738322656147
2,835,16.750000000000213,135,0,0.4336932558433349
2,836,17.0000000000002,130,0,0.43325956258749154
2,837,26.950000000000102,81,0,0.43282630302490405
2,838,28.450000000000117,81,0,0.43239347672187917
2,839,17.750000000000156,115,0,0.4319610832451573
2,840,26.750000000000114,85,0,0.43152912216191214
2,841,26.90000000000012,82,0,0.4310975930397502
2,842,28.400000000000148,82,0,0.43066649544671043
2,843,89.25000000000018,155,0,0.4302358289512637
2,844,87.7500000000001,155,0,0.4298055931223125
2,845,146.99999999999943,230,0,0.42937578752919014
2,846,323.649999999999,267,1,0.4289464117416609
2,847,17.25000000000017,125,0,0.42851746532991924
2,848,26.950000000000117,81,0,0.42808894786458934
2,849,26.950000000000117,81,0,0.42766085891672473
2,850,149.99999999999943,230,0,0.427233198057808
2,851,325.5499999999991,229,1,0.4268059648597502
2,852,35.350000000000136,123,0,0.4263791588948904
2,853,89.05000000000017,159,0,0.42595277973599555
2,854,17.850000000000136,113,0,0.42552682695625954
2,855,16.10000000000025,148,0,0.4251013001293033
2,856,133.19999999999948,206,0,0.424676198829174
2,857,314.54999999999905,269,1,0.4242515226303448
2,858,89.15000000000013,157,0,0.42382727110771445
2,859,86.25000000000018,155,0,0.4234034438366067
2,860,17.900000000000148,112,0,0.4229800403927701
2,861,26.950000000000117,81,0,0.42255706035237733
2,862,89.29999999999997,154,0,0.42213450329202495
2,863,150.0499999999994,229,0,0.4217123687887329
2,864,151.29999999999944,234,0,0.4212906564199442
2,865,87.75000000000013,155,0,0.42086936576352424
2,866,325.149999999999,267,1,0.4204484963977607
2,867,34.45000000000013,81,0,0.42002804790136294
2,868,322.1999999999989,266,1,0.4196080198534616
2,869,84.80000000000017,154,0,0.4191884118336081
2,870,314.6999999999989,266,1,0.41876922342177453
2,871,17.550000000000125,119,0,0.41835045419835276
2,872,87.60000000000015,158,0,0.4179321037441544
2,873,325.149999999999,267,1,0.41751417164041027
2,874,146.89999999999947,232,0,0.41709665746876984
2,875,15.700000000000273,156,0,0.4166795608113011
2,876,146.69999999999948,236,0,0.41626288125048977
2,877,86.25000000000007,155,0,0.41584661836923925
2,878,92.05000000000003,159,0,0.41543077175087
2,879,24.85000000000015,123,0,0.41501534097911913
2,880,18.350000000000122,103,0,0.41460032563814003
2,881,148.59999999999934,228,0,0.4141857253125019
2,882,29.80000000000011,84,0,0.41377153958718943
2,883,149.94999999999936,231,0,0.4133577680476022
2,884,18.85000000000008,93,0,0.4129444102795546
2,885,32.50000000000023,120,0,0.412531465869275
2,886,26.95000000000013,81,0,0.41211893440340575
2,887,308.6999999999994,236,1,0.41170681546900234
2,888,150.84999999999917,243,0,0.41129510865353336
2,889,322.1999999999991,266,1,0.41088381354487985
2,890,29.95000000000013,81,0,0.410472929731335
2,891,94.90000000000005,162,0,0.41006245680160364
2,892,84.70000000000012,156,0,0.40965239434480205
2,893,29.80000000000011,84,0,0.40924274195045723
2,894,32.95000000000012,81,0,0.40883349920850676
2,895,17.700000000000145,116,0,0.40842466570929825
2,896,86.3000000000002,154,0,0.40801624104358897
2,897,26.850000000000094,83,0,0.4076082248025454
2,898,32.900000000000105,82,0,0.4072006165777428
2,899,15.800000000000267,154,0,0.4067934159611651
2,900,31.450000000000117,81,0,0.4063866225452039
2,901,16.950000000000202,131,0,0.4059802359226587
2,902,18.800000000000082,94,0,0.40557425568673605
2,903,96.6000000000001,158,0,0.40516868143104934
2,904,35.60000000000021,118,0,0.4047635127496183
2,905,18.55000000000011,99,0,0.4043587492368687
2,906,29.95000000000013,81,0,0.4039543904876318
2,907,93.80000000000014,154,0,0.4035504360971442
2,908,26.90000000000012,82,0,0.40314688566104706
2,909,91.65000000000013,167,0,0.402743738775386
2,910,17.450000000000173,121,0,0.4023409950366106
2,911,92.30000000000014,154,0,0.401938654041574
2,912,151.54999999999933,229,0,0.4015367153875324
2,913,287.3999999999956,572,0,0.4011351786721449
2,914,28.450000000000145,81,0,0.40073404349347275
2,915,31.40000000000012,82,0,0.40033330944997925
2,916,316.5999999999994,228,1,0.39993297614052925
2,917,90.65000000000008,157,0,0.3995330431643887
2,918,96.75000000000004,155,0,0.39913351012122433
2,919,26.90000000000012,82,0,0.3987343766111031
2,920,133.39999999999947,202,0,0.398335642234492
2,921,32.900000000000134,82,0,0.3979373065922575
2,922,90.6500000000001,157,0,0.39753936928566525
2,923,95.15000000000008,157,0,0.3971418299163796
2,924,92.30000000000011,154,0,0.3967446880864632
2,925,93.80000000000008,154,0,0.3963479433983767
2,926,329.9499999999991,231,1,0.3959515954549783
2,927,92.25000000000007,155,0,0.39555564385952335
2,928,31.100000000000136,88,0,0.39516008821566384
2,929,95.30000000000017,154,0,0.3947649281274482
2,930,146.94999999999948,231,0,0.3943701631993207
2,931,16.15000000000022,147,0,0.3939757930361214
2,932,18.30000000000011,104,0,0.3935818172430853
2,933,29.900000000000148,82,0,0.3931882354258422
2,934,16.700000000000216,136,0,0.39279504719041636
2,935,29.850000000000108,83,0,0.39240225214322594
2,936,308.89999999999924,232,1,0.39200984989108273
2,937,89.3,154,0,0.39161784004119166
2,938,312.9999999999989,270,1,0.39122622220115044
2,939,319.4999999999991,230,1,0.3908349959789493
2,940,86.25000000000013,155,0,0.3904441609829703
2,941,87.75000000000016,155,0,0.3900537168219873
2,942,26.850000000000108,83,0,0.3896636631051653
2,943,90.80000000000005,154,0,0.38927399944206015
2,944,329.8499999999991,233,1,0.3888847254426181
2,945,31.450000000000117,81,0,0.38849584071717547
2,946,28.450000000000117,81,0,0.3881073448764583
2,947,86.15000000000008,157,0,0.3877192375315819
2,948,32.45000000000013,91,0,0.3873315182940503
2,949,86.25000000000021,155,0,0.38694418677575626
2,950,92.20000000000009,156,0,0.3865572425889805
2,951,89.15000000000008,157,0,0.38617068534639154
2,952,86.2000000000002,156,0,0.38578451466104513
2,953,34.45000000000012,81,0,0.3853987301463841
2,954,28.450000000000117,81,0,0.3850133314162377
2,955,15.000000000000313,170,0,0.3846283180848215
2,956,86.30000000000017,154,0,0.3842436897667367
2,957,149.89999999999935,232,0,0.3838594460769699
2,958,95.15000000000005,157,0,0.38347558663089293
2,959,89.30000000000005,154,0,0.38309211104426205
2,960,28.450000000000102,81,0,0.3827090189332178
2,961,93.70000000000006,156,0,0.38232630991428457
2,962,312.1499999999995,227,1,0.38194398360437026
2,963,88.85000000000015,163,0,0.3815620396207659
2,964,84.30000000000008,164,0,0.38118047758114515
2,965,93.80000000000008,154,0,0.380799297103564
2,966,134.0499999999996,189,0,0.3804184978064605
2,967,40.45000000000013,81,0,0.380038079308654
2,968,35.85000000000012,83,0,0.3796580412293454
2,969,31.40000000000012,82,0,0.379278383188116
2,970,28.45000000000013,81,0,0.3788991048049279
2,971,85.9500000000002,191,0,0.37852020570012296
2,972,16.60000000000022,138,0,0.37814168549442284
2,973,32.900000000000105,82,0,0.3777635438089284
2,974,86.10000000000021,158,0,0.3773857802651195
2,975,320.799999999999,234,1,0.37700839448485435
2,976,87.70000000000023,156,0,0.3766313860903695
2,977,35.90000000000012,82,0,0.37625475470427916
2,978,9.500000000000618,280,0,0.3758784999495749
2,979,26.90000000000012,82,0,0.3755026214496253
2,980,87.75000000000016,155,0,0.3751271188281757
2,981,31.45000000000013,81,0,0.3747519917093475
2,982,90.70000000000014,156,0,0.37437723971763814
2,983,95.2500000000001,155,0,0.37400286247792053
2,984,35.95000000000012,81,0,0.3736288596154426
2,985,93.74999999999996,155,0,0.37325523075582717
2,986,26.900000000000134,82,0,0.37288197552507135
2,987,86.2000000000002,156,0,0.37250909354954626
2,988,31.45000000000013,81,0,0.37213658445599673
2,989,90.65000000000005,157,0,0.3717644478715407
2,990,26.950000000000117,81,0,0.3713926834236692
2,991,28.300000000000097,84,0,0.37102129074024554
2,992,32.95000000000013,81,0,0.3706502694495053
2,993,84.70000000000012,156,0,0.3702796191800558
2,994,89.30000000000011,154,0,0.36990933956087574
2,995,86.25000000000004,155,0,0.36953943022131486
2,996,26.900000000000134,82,0,0.3691698907910935
2,997,32.60000000000015,88,0,0.3688007209003024
2,998,92.30000000000014,154,0,0.36843192017940213
2,999,92.20000000000003,156,0,0.36806348825922275
2,1000,317.9499999999991,231,1,0.3676954247709635
2,1001,84.80000000000014,154,0,0.36732772934619257
2,1002,86.20000000000017,156,0,0.3669604016168464
2,1003,31.45000000000013,81,0,0.3665934412152296
2,1004,92.10000000000012,158,0,0.3662268477740143
2,1005,31.10000000000015,88,0,0.36586062092624033
2,1006,87.50000000000016,160,0,0.3654947603053141
2,1007,34.30000000000015,84,0,0.36512926554500874
2,1008,31.350000000000136,83,0,0.36476413627946375
2,1009,32.95000000000013,81,0,0.3643993721431843
2,1010,32.95000000000012,81,0,0.36403497277104113
2,1011,86.60000000000007,118,0,0.3636709377982701
2,1012,89.2500000000001,155,0,0.3633072668604718
2,1013,92.2,156,0,0.36294395959361136
2,1014,35.700000000000145,86,0,0.36258101563401773
2,1015,93.70000000000003,156,0,0.3622184346183837
2,1016,16.750000000000213,135,0,0.36185621618376534
2,1017,35.85000000000012,83,0,0.36149435996758156
2,1018,35.55000000000014,89,0,0.361132865607614
2,1019,87.60000000000012,158,0,0.36077173274200636
2,1020,40.45000000000012,81,0,0.36041096100926434
2,1021,28.400000000000134,82,0,0.3600505500482551
2,1022,26.950000000000102,81,0,0.35969049949820686
2,1023,93.70000000000006,156,0,0.3593308089987087
2,1024,92.2500000000001,155,0,0.35897147818971
2,1025,96.80000000000008,154,0,0.3586125067115203
2,1026,90.75000000000013,155,0,0.35825389420480874
2,1027,28.450000000000145,81,0,0.35789564031060395
2,1028,84.75000000000021,155,0,0.35753774467029337
2,1029,37.40000000000012,82,0,0.3571802069256231
2,1030,26.950000000000117,81,0,0.3568230267186975
2,1031,35.95000000000012,81,0,0.3564662036919788
2,1032,92.25000000000007,155,0,0.35610973748828684
2,1033,28.45000000000013,81,0,0.35575362775079855
2,1034,149.94999999999948,231,0,0.35539787412304774
2,1035,132.44999999999914,221,0,0.3550424762489247
2,1036,29.750000000000128,85,0,0.3546874337726758
2,1037,14.400000000000347,182,0,0.35433274633890316
2,1038,34.400000000000134,82,0,0.35397841359256427
2,1039,92.20000000000006,156,0,0.3536244351789717
2,1040,34.25000000000013,85,0,0.35327081074379274
2,1041,90.30000000000005,164,0,0.352917539933049
2,1042,93.80000000000008,154,0,0.3525646223931159
2,1043,29.900000000000134,82,0,0.3522120577707228
2,1044,31.300000000000125,84,0,0.3518598457129521
2,1045,29.950000000000117,81,0,0.35150798586723914
2,1046,319.1999999999991,236,1,0.3511564778813719
2,1047,93.80000000000005,154,0,0.3508053214034905
2,1048,133.0999999999994,208,0,0.35045451608208705
2,1049,17.250000000000185,125,0,0.350104061566005
2,1050,1.3500000000010886,443,0,0.349753957504439
2,1051,325.29999999999916,234,1,0.3494042035469346
2,1052,325.5499999999991,229,1,0.3490547993433876
2,1053,29.90000000000012,82,0,0.34870574454404424
2,1054,26.90000000000012,82,0,0.3483570387995002
2,1055,93.7,156,0,0.3480086817607007
2,1056,28.45000000000013,81,0,0.34766067307894
2,1057,96.30000000000003,164,0,0.34731301240586104
2,1058,90.7500000000001,155,0,0.3469656993934552
2,1059,28.350000000000136,83,0,0.3466187336940617
2,1060,31.450000000000117,81,0,0.34627211496036764
2,1061,318.14999999999935,227,1,0.3459258428454073
2,1062,34.400000000000134,82,0,0.34557991700256185
2,1063,26.90000000000012,82,0,0.3452343370855593
2,1064,38.900000000000134,82,0,0.34488910274847373
2,1065,93.65000000000005,157,0,0.34454421364572524
2,1066,28.350000000000136,83,0,0.3441996694320795
2,1067,130.99999999999892,250,0,0.34385546976264747
2,1068,37.400000000000134,82,0,0.34351161429288485
2,1069,92.25000000000013,155,0,0.34316810267859194
2,1070,133.4999999999995,200,0,0.34282493457591334
2,1071,28.450000000000117,81,0,0.3424821096413374
2,1072,28.450000000000145,81,0,0.3421396275316961
2,1073,28.45000000000013,81,0,0.34179748790416437
2,1074,96.60000000000001,158,0,0.3414556904162602
2,1075,40.35000000000012,83,0,0.34111423472584396
2,1076,314.9999999999994,230,1,0.34077312049111813
2,1077,26.950000000000102,81,0,0.340432347370627
2,1078,89.10000000000018,158,0,0.34009191502325636
2,1079,29.95000000000013,81,0,0.3397518231082331
2,1080,132.99999999999937,210,0,0.33941207128512485
2,1081,95.30000000000005,154,0,0.3390726592138397
2,1082,32.95000000000013,81,0,0.3387335865546259
2,1083,32.950000000000145,81,0,0.33839485296807126
2,1084,34.350000000000136,83,0,0.3380564581151032
2,1085,87.80000000000017,154,0,0.33771840165698813
2,1086,29.850000000000136,83,0,0.33738068325533116
2,1087,17.400000000000176,122,0,0.3370433025720758
2,1088,151.3499999999994,233,0,0.33670625926950376
2,1089,38.95000000000012,81,0,0.33636955301023425
2,1090,38.90000000000012,82,0,0.336033183457224
2,1091,132.49999999999932,220,0,0.3356971502737668
2,1092,90.80000000000003,154,0,0.335361453123493
2,1093,86.2000000000002,156,0,0.3350260916703695
2,1094,35.60000000000015,88,0,0.33469106557869915
2,1095,28.450000000000145,81,0,0.33435637451312045
2,1096,38.35000000000015,93,0,0.3340220181386073
2,1097,26.950000000000117,81,0,0.33368799612046873
2,1098,86.30000000000022,154,0,0.33335430812434824
2,1099,92.00000000000001,160,0,0.3330209538162239
2,1100,132.84999999999934,213,0,0.33268793286240766
2,1101,89.30000000000014,154,0,0.33235524492954527
2,1102,309.1499999999994,227,1,0.33202288968461574
2,1103,32.95000000000012,81,0,0.33169086679493115
2,1104,81.75000000000018,155,0,0.33135917592813624
2,1105,322.4999999999991,230,1,0.3310278167522081
2,1106,132.04999999999922,229,0,0.3306967889354559
2,1107,32.95000000000013,81,0,0.33036609214652046
2,1108,31.45000000000013,81,0,0.3300357260543739
2,1109,153.09999999999945,198,0,0.32970569032831953
2,1110,34.40000000000015,82,0,0.3293759846379912
2,1111,152.99999999999937,230,0,0.3290466086533532
2,1112,133.84999999999962,193,0,0.3287175620446999
2,1113,309.1499999999992,227,1,0.32838884448265515
2,1114,133.84999999999957,193,0,0.3280604556381725
2,1115,29.95000000000013,81,0,0.32773239518253433
2,1116,29.80000000000014,84,0,0.3274046627873518
2,1117,26.90000000000012,82,0,0.32707725812456445
2,1118,133.3499999999995,203,0,0.32675018086643987
2,1119,28.450000000000117,81,0,0.32642343068557345
2,1120,134.19999999999965,186,0,0.3260970072548879
2,1121,32.95000000000012,81,0,0.325770910247633
2,1122,32.95000000000012,81,0,0.32544513933738534
2,1123,83.20000000000012,156,0,0.3251196941980479
2,1124,95.25000000000007,155,0,0.32479457450384985
2,1125,34.400000000000134,82,0,0.324469779929346
2,1126,310.69999999999953,196,1,0.32414531014941667
2,1127,26.95000000000013,81,0,0.32382116483926726
2,1128,87.70000000000014,156,0,0.323497343674428
2,1129,134.14999999999975,187,0,0.3231738463307536
2,1130,28.250000000000128,85,0,0.32285067248442284
2,1131,96.70000000000009,156,0,0.3225278218119384
2,1132,31.45000000000013,81,0,0.3222052939901265
2,1133,26.900000000000148,82,0,0.32188308869613635
2,1134,89.2000000000002,156,0,0.3215612056074402
2,1135,26.950000000000102,81,0,0.3212396444018328
2,1136,87.60000000000012,158,0,0.32091840475743094
2,1137,96.75000000000007,155,0,0.3205974863526735
2,1138,26.900000000000134,82,0,0.32027688886632083
2,1139,328.2999999999991,234,1,0.3199566119774545
2,1140,96.65000000000005,157,0,0.31963665536547703
2,1141,93.75000000000007,155,0,0.31931701871011153
2,1142,154.7999999999995,194,0,0.3189977016914014
2,1143,29.950000000000145,81,0,0.31867870398971
2,1144,26.950000000000145,81,0,0.31836002528572027
2,1145,37.45000000000013,81,0,0.31804166526043454
2,1146,38.900000000000134,82,0,0.3177236235951741
2,1147,92.25000000000016,155,0,0.3174058999715789
2,1148,148.79999999999944,194,0,0.31708849407160733
2,1149,133.1499999999994,207,0,0.31677140557753575
2,1150,38.850000000000136,83,0,0.31645463417195824
2,1151,84.75000000000013,155,0,0.3161381795377863
2,1152,35.90000000000015,82,0,0.3158220413582485
2,1153,133.7499999999996,195,0,0.3155062193168902
2,1154,134.09999999999968,188,0,0.31519071309757335
2,1155,95.00000000000001,160,0,0.3148755223844758
2,1156,133.84999999999962,193,0,0.31456064686209134
2,1157,154.2999999999995,204,0,0.31424608621522926
2,1158,29.95000000000013,81,0,0.31393184012901404
2,1159,26.950000000000117,81,0,0.31361790828888503
2,1160,87.7500000000001,155,0,0.31330429038059615
2,1161,93.80000000000008,154,0,0.31299098609021553
2,1162,26.95000000000013,81,0,0.3126779951041253
2,1163,29.95000000000013,81,0,0.31236531710902116
2,1164,309.09999999999917,228,1,0.3120529517919121
2,1165,84.75000000000021,155,0,0.3117408988401202
2,1166,29.900000000000134,82,0,0.31142915794128007
2,1167,150.2999999999995,194,0,0.31111772878333877
2,1168,89.30000000000014,154,0,0.3108066110545554
2,1169,132.99999999999943,210,0,0.3104958044435009
2,1170,309.14999999999924,227,1,0.3101853086390574
2,1171,86.30000000000011,154,0,0.30987512333041833
2,1172,34.450000000000145,81,0,0.3095652482070879
2,1173,92.25000000000007,155,0,0.30925568295888084
2,1174,88.05000000000003,119,0,0.308946427275922
2,1175,38.950000000000145,81,0,0.30863748084864606
2,1176,40.35000000000015,83,0,0.3083288433677974
2,1177,28.400000000000105,82,0,0.30802051452442963
2,1178,133.44999999999942,201,0,0.3077124940099052
2,1179,308.8499999999995,233,1,0.3074047815158953
2,1180,34.40000000000012,82,0,0.30709737673437937
2,1181,28.450000000000102,81,0,0.30679027935764497
2,1182,133.49999999999955,200,0,0.3064834890782873
2,1183,310.8999999999995,192,1,0.306177005589209
2,1184,34.40000000000012,82,0,0.3058708285836198
2,1185,133.24999999999955,205,0,0.30556495775503617
2,1186,31.45000000000013,81,0,0.30525939279728115
2,1187,28.45000000000013,81,0,0.30495413340448385
2,1188,29.80000000000011,84,0,0.3046491792710794
2,1189,310.1999999999994,206,1,0.3043445300918083
2,1190,35.95000000000013,81,0,0.30404018556171647
2,1191,28.400000000000105,82,0,0.30373614537615473
2,1192,92.2,156,0,0.3034324092307786
2,1193,26.800000000000125,84,0,0.3031289768215478
2,1194,29.950000000000145,81,0,0.30282584784472627
2,1195,93.80000000000008,154,0,0.3025230219968815
2,1196,28.400000000000134,82,0,0.3022204989748846
2,1197,37.400000000000134,82,0,0.30191827847590974
2,1198,34.300000000000125,84,0,0.3016163601974338
2,1199,28.40000000000012,82,0,0.3013147438372364
2,1200,93.80000000000008,154,0,0.3010134290933992
2,1201,34.45000000000012,81,0,0.3007124156643058
2,1202,153.14999999999947,197,0,0.30041170324864147
2,1203,310.1999999999995,206,1,0.30011129154539284
2,1204,32.95000000000013,81,0,0.29981118025384745
2,1205,32.600000000000136,88,0,0.2995113690735936
2,1206,34.350000000000136,83,0,0.29921185770452
2,1207,26.95000000000013,81,0,0.2989126458468155
2,1208,17.550000000000168,119,0,0.2986137332009687
2,1209,132.79999999999933,214,0,0.29831511946776773
2,1210,90.70000000000017,156,0,0.29801680434829997
2,1211,34.450000000000145,81,0,0.29771878754395165
2,1212,150.2999999999996,194,0,0.29742106875640767
2,1213,308.94999999999936,231,1,0.29712364768765126
2,1214,152.6499999999994,207,0,0.2968265240399636
2,1215,150.14999999999947,197,0,0.2965296975159237
2,1216,35.85000000000012,83,0,0.29623316781840775
2,1217,329.6999999999991,236,1,0.29593693465058934
2,1218,310.5499999999994,229,1,0.29564099771593877
2,1219,35.850000000000136,83,0,0.2953453567182228
2,1220,29.900000000000134,82,0,0.2950500113615046
2,1221,93.70000000000009,156,0,0.2947549613501431
2,1222,133.44999999999948,201,0,0.294460206388793
2,1223,32.95000000000012,81,0,0.2941657461824042
2,1224,153.0499999999994,229,0,0.2938715804362218
2,1225,37.45000000000013,81,0,0.2935777088557856
2,1226,28.400000000000105,82,0,0.2932841311469298
2,1227,95.05000000000003,159,0,0.2929908470157829
2,1228,34.10000000000015,88,0,0.2926978561687671
2,1229,133.7499999999996,195,0,0.29240515831259833
2,1230,38.900000000000134,82,0,0.29211275315428575
2,1231,28.350000000000122,83,0,0.2918206404011315
2,1232,34.10000000000015,88,0,0.29152881976073036
2,1233,26.950000000000117,81,0,0.2912372909409696
2,1234,37.45000000000013,81,0,0.2909460536500286
2,1235,26.90000000000012,82,0,0.2906551075963786
2,1236,93.70000000000003,156,0,0.2903644524887822
2,1237,310.59999999999945,198,1,0.2900740880362934
2,1238,292.049999999996,509,0,0.28978401394825715
2,1239,95.30000000000005,154,0,0.2894942299343089
2,1240,96.75000000000007,155,0,0.2892047357043746
2,1241,134.19999999999976,186,0,0.28891553096867023
2,1242,150.29999999999944,194,0,0.2886266154377016
2,1243,28.350000000000136,83,0,0.28833798882226386
2,1244,12.75000000000044,215,0,0.2880496508334416
2,1245,38.900000000000134,82,0,0.28776160118260813
2,1246,93.75000000000001,155,0,0.2874738395814255
2,1247,93.65000000000013,157,0,0.2871863657418441
2,1248,40.45000000000013,81,0,0.28689917937610226
2,1249,31.450000000000117,81,0,0.2866122801967262
2,1250,86.2000000000002,156,0,0.28632566791652947
2,1251,38.95000000000013,81,0,0.28603934224861294
2,1252,32.95000000000013,81,0,0.2857533029063643
2,1253,329.9999999999991,230,1,0.28546754960345794
2,1254,38.95000000000013,81,0,0.2851820820538545
2,1255,133.64999999999952,197,0,0.2848968999718006
2,1256,310.5499999999995,199,1,0.2846120030718288
2,1257,150.24999999999943,195,0,0.284327391068757
2,1258,132.99999999999937,210,0,0.2840430636776882
2,1259,31.30000000000014,84,0,0.28375902061401054
2,1260,38.85000000000012,83,0,0.28347526159339653
2,1261,26.850000000000108,83,0,0.28319178633180314
2,1262,32.900000000000134,82,0,0.28290859454547135
2,1263,92.2500000000001,155,0,0.28262568595092585
2,1264,37.45000000000013,81,0,0.2823430602649749
2,1265,133.54999999999956,199,0,0.28206071720470993
2,1266,32.900000000000134,82,0,0.2817786564875052
2,1267,40.45000000000012,81,0,0.28149687783101773
2,1268,31.350000000000108,83,0,0.2812153809531867
2,1269,38.70000000000012,86,0,0.28093416557223355
2,1270,38.850000000000136,83,0,0.2806532314066613
2,1271,38.75000000000013,85,0,0.2803725781752547
2,1272,37.400000000000134,82,0,0.2800922055970794
2,1273,32.850000000000136,83,0,0.2798121133914823
2,1274,40.45000000000013,81,0,0.2795323012780908
2,1275,37.45000000000013,81,0,0.2792527689768127
2,1276,32.95000000000013,81,0,0.2789735162078359
2,1277,92.10000000000001,158,0,0.2786945426916281
2,1278,92.30000000000011,154,0,0.27841584814893644
2,1279,34.10000000000015,88,0,0.2781374323007875
2,1280,32.95000000000012,81,0,0.27785929486848676
2,1281,38.95000000000013,81,0,0.27758143557361825
2,1282,31.350000000000136,83,0,0.27730385413804465
2,1283,312.2499999999992,225,1,0.2770265502839066
2,1284,32.950000000000145,81,0,0.2767495237336227
2,1285,87.75000000000001,155,0,0.2764727742098891
2,1286,28.40000000000012,82,0,0.2761963014356792
2,1287,37.35000000000012,83,0,0.27592010513424353
2,1288,38.95000000000012,81,0,0.2756441850291093
2,1289,310.8999999999994,192,1,0.2753685408440802
2,1290,92.2,156,0,0.2750931723032361
2,1291,37.45000000000012,81,0,0.27481807913093287
2,1292,93.8,154,0,0.27454326105180193
2,1293,28.350000000000136,83,0,0.2742687177907501
2,1294,28.450000000000117,81,0,0.2739944490729594
2,1295,95.20000000000009,156,0,0.27372045462388644
2,1296,26.950000000000117,81,0,0.2734467341692626
2,1297,28.45000000000013,81,0,0.27317328743509334
2,1298,29.90000000000012,82,0,0.27290011414765825
2,1299,133.0499999999994,209,0,0.2726272140335106
2,1300,310.4999999999995,200,1,0.27235458681947705
2,1301,29.90000000000012,82,0,0.2720822322326576
2,1302,315.1999999999995,196,1,0.2718101500004249
2,1303,133.3499999999995,203,0,0.27153833985042447
2,1304,34.45000000000013,81,0,0.27126680151057403
2,1305,37.450000000000145,81,0,0.27099553470906346
2,1306,151.94999999999948,191,0,0.2707245391743544
2,1307,310.59999999999945,198,1,0.27045381463518003
2,1308,31.45000000000013,81,0,0.27018336082054484
2,1309,329.9999999999991,230,1,0.2699131774597243
2,1310,32.950000000000145,81,0,0.2696432642822646
2,1311,153.1999999999996,196,0,0.26937362101798235
2,1312,40.45000000000013,81,0,0.26910424739696437
2,1313,38.950000000000145,81,0,0.2688351431495674
2,1314,148.54999999999956,199,0,0.26856630800641784
2,1315,38.850000000000136,83,0,0.2682977416984114
2,1316,26.90000000000012,82,0,0.268029443956713
2,1317,34.45000000000013,81,0,0.2677614145127563
2,1318,89.30000000000011,154,0,0.2674936530982436
2,1319,35.95000000000013,81,0,0.26722615944514533
2,1320,310.29999999999944,204,1,0.2669589332857002
2,1321,95.25000000000007,155,0,0.2666919743524145
2,1322,32.95000000000013,81,0,0.26642528237806207
2,1323,150.24999999999943,195,0,0.266158857095684
2,1324,31.45000000000013,81,0,0.2658926982385883
2,1325,38.95000000000013,81,0,0.26562680554034973
2,1326,35.95000000000013,81,0,0.26536117873480936
2,1327,26.950000000000102,81,0,0.26509581755607453
2,1328,34.45000000000013,81,0,0.26483072173851846
2,1329,34.450000000000145,81,0,0.26456589101677996
2,1330,95.20000000000006,156,0,0.2643013251257632
2,1331,35.95000000000013,81,0,0.2640370238006374
2,1332,34.40000000000012,82,0,0.2637729867768368
2,1333,93.80000000000017,154,0,0.26350921379006
2,1334,37.45000000000013,81,0,0.26324570457626995
2,1335,151.89999999999952,192,0,0.2629824588716937
2,1336,92.20000000000012,156,0,0.262719476412822
2,1337,32.95000000000013,81,0,0.2624567569364092
2,1338,32.95000000000012,81,0,0.26219430017947276
2,1339,95.60000000000004,118,0,0.2619321058792933
2,1340,95.65000000000008,117,0,0.261670173773414
2,1341,151.9499999999992,191,0,0.2614085035996406
2,1342,40.45000000000013,81,0,0.26114709509604095
2,1343,38.95000000000013,81,0,0.2608859480009449
2,1344,34.400000000000134,82,0,0.26062506205294395
2,1345,40.30000000000014,84,0,0.260364436990891
2,1346,32.95000000000013,81,0,0.2601040725539001
2,1347,38.900000000000134,82,0,0.2598439684813462
2,1348,32.95000000000013,81,0,0.2595841245128649
2,1349,28.45000000000013,81,0,0.259324540388352
2,1350,32.95000000000012,81,0,0.25906521584796366
2,1351,35.90000000000012,82,0,0.2588061506321157
2,1352,26.90000000000012,82,0,0.2585473444814836
2,1353,35.95000000000012,81,0,0.2582887971370021
2,1354,34.30000000000014,84,0,0.2580305083398651
2,1355,319.74999999999926,225,1,0.2577724778315252
2,1356,133.49999999999955,200,0,0.25751470535369364
2,1357,28.450000000000117,81,0,0.25725719064833996
2,1358,32.95000000000013,81,0,0.2569999334576916
2,1359,34.400000000000134,82,0,0.25674293352423394
2,1360,35.95000000000012,81,0,0.2564861905907097
2,1361,29.950000000000145,81,0,0.256229704400119
2,1362,310.4999999999995,200,1,0.25597347469571885
2,1363,133.19999999999942,206,0,0.25571750122102316
2,1364,35.900000000000134,82,0,0.25546178371980216
2,1365,28.450000000000102,81,0,0.25520632193608234
2,1366,28.45000000000013,81,0,0.25495111561414624
2,1367,26.90000000000012,82,0,0.2546961644985321
2,1368,132.69999999999925,216,0,0.2544414683340336
2,1369,31.45000000000013,81,0,0.25418702686569955
2,1370,35.95000000000013,81,0,0.25393283983883386
2,1371,316.89999999999947,192,1,0.25367890699899504
2,1372,29.900000000000134,82,0,0.253425228091996
2,1373,153.0499999999995,199,0,0.253171802863904
2,1374,131.44999999999897,241,0,0.2529186310610401
2,1375,324.0999999999991,228,1,0.2526657124299791
2,1376,86.25000000000016,155,0,0.2524130467175491
2,1377,92.20000000000006,156,0,0.2521606336708316
2,1378,150.24999999999955,195,0,0.25190847303716074
2,1379,310.6999999999995,196,1,0.25165656456412355
2,1380,133.2999999999995,204,0,0.25140490799955945
2,1381,28.400000000000105,82,0,0.25115350309155987
2,1382,153.44999999999953,191,0,0.2509023495884683
2,1383,322.59999999999945,198,1,0.25065144723887983
2,1384,133.1499999999994,207,0,0.25040079579164093
2,1385,37.10000000000015,88,0,0.2501503949958493
2,1386,37.400000000000134,82,0,0.24990024460085344
2,1387,153.14999999999947,197,0,0.24965034435625258
2,1388,150.2999999999995,194,0,0.24940069401189632
2,1389,37.450000000000145,81,0,0.24915129331788444
2,1390,95.20000000000012,156,0,0.24890214202456656
2,1391,310.7499999999995,195,1,0.248653239882542
2,1392,131.49999999999903,240,0,0.24840458664265946
2,1393,329.5999999999991,238,1,0.2481561820560168
2,1394,84.60000000000021,158,0,0.2479080258739608
2,1395,321.34999999999945,193,1,0.24766011784808684
2,1396,95.30000000000008,154,0,0.24741245773023876
2,1397,83.3000000000002,154,0,0.24716504527250852
2,1398,150.39999999999952,192,0,0.24691788022723601
2,1399,133.2999999999994,204,0,0.24667096234700878
2,1400,26.900000000000134,82,0,0.24642429138466176
2,1401,310.2999999999994,204,1,0.2461778670932771
2,1402,133.69999999999953,196,0,0.24593168922618383
2,1403,329.94999999999914,231,1,0.24568575753695765
2,1404,320.89999999999907,232,1,0.2454400717794207
2,1405,323.9499999999991,231,1,0.24519463170764128
2,1406,90.65000000000008,157,0,0.24494943707593364
2,1407,85.10000000000007,118,0,0.24470448763885772
2,1408,26.900000000000134,82,0,0.24445978315121886
2,1409,85.10000000000007,118,0,0.24421532336806764
2,1410,40.40000000000012,82,0,0.24397110804469957
2,1411,310.74999999999955,195,1,0.24372713693665488
2,1412,91.15000000000008,117,0,0.24348340979971822
2,1413,35.95000000000013,81,0,0.2432399263899185
2,1414,26.850000000000094,83,0,0.2429966864635286
2,1415,153.44999999999948,191,0,0.24275368977706507
2,1416,84.75000000000007,155,0,0.24251093608728802
2,1417,37.45000000000013,81,0,0.24226842515120073
2,1418,26.900000000000134,82,0,0.24202615672604952
2,1419,296.8499999999967,443,0,0.24178413056932346
2,1420,37.30000000000014,84,0,0.24154234643875414
2,1421,310.6999999999995,196,1,0.24130080409231539
2,1422,93.55000000000008,159,0,0.24105950328822306
2,1423,38.95000000000012,81,0,0.24081844378493483
2,1424,37.400000000000134,82,0,0.2405776253411499
2,1425,133.44999999999953,201,0,0.24033704771580874
2,1426,29.95000000000013,81,0,0.24009671066809293
2,1427,310.4499999999994,201,1,0.23985661395742483
2,1428,150.04999999999944,199,0,0.2396167573434674
2,1429,310.84999999999945,193,1,0.23937714058612394
2,1430,35.850000000000136,83,0,0.23913776344553783
2,1431,85.1000000000001,118,0,0.2388986256820923
2,1432,133.64999999999952,197,0,0.2386597270564102
2,1433,32.85000000000015,83,0,0.23842106732935378
2,1434,133.59999999999957,198,0,0.23818264626202443
2,1435,133.44999999999953,201,0,0.2379444636157624
2,1436,35.95000000000013,81,0,0.23770651915214663
2,1437,32.500000000000156,90,0,0.2374688126329945
2,1438,89.65000000000005,117,0,0.23723134382036148
2,1439,299.84999999999667,443,0,0.23699411247654112
2,1440,154.54999999999944,199,0,0.23675711836406457
2,1441,96.6000000000001,158,0,0.2365203612457005
2,1442,96.80000000000005,154,0,0.2362838408844548
2,1443,310.6999999999995,196,1,0.23604755704357036
2,1444,150.14999999999947,197,0,0.2358115094865268
2,1445,26.900000000000134,82,0,0.23557569797704025
2,1446,28.45000000000013,81,0,0.2353401222790632
2,1447,133.44999999999948,201,0,0.23510478215678413
2,1448,316.89999999999924,192,1,0.23486967737462733
2,1449,26.850000000000136,83,0,0.2346348076972527
2,1450,34.050000000000125,89,0,0.23440017288955545
2,1451,95.25000000000007,155,0,0.2341657727166659
2,1452,318.3999999999995,192,1,0.2339316069439492
2,1453,132.34999999999923,223,0,0.23369767533700525
2,1454,35.55000000000017,89,0,0.23346397766166824
2,1455,40.45000000000013,81,0,0.23323051368400657
2,1456,148.84999999999945,193,0,0.23299728317032256
2,1457,297.5499999999972,399,0,0.23276428588715223
2,1458,34.30000000000014,84,0,0.23253152160126508
2,1459,31.400000000000148,82,0,0.23229899007966381
2,1460,310.59999999999945,198,1,0.23206669108958414
2,1461,151.69999999999953,196,0,0.23183462439849456
2,1462,34.35000000000012,83,0,0.23160278977409607
2,1463,329.79999999999905,234,1,0.23137118698432196
2,1464,95.64999999999999,117,0,0.23113981579733764
2,1465,310.8499999999995,193,1,0.2309086759815403
2,1466,94.15000000000002,117,0,0.23067776730555875
2,1467,35.950000000000145,81,0,0.23044708953825319
2,1468,32.95000000000013,81,0,0.23021664244871493
2,1469,150.44999999999953,191,0,0.22998642580626621
2,1470,40.45000000000013,81,0,0.22975643938045995
2,1471,134.94999999999948,171,0,0.2295266829410795
2,1472,153.14999999999952,197,0,0.22929715625813843
2,1473,92.60000000000001,118,0,0.2290678591018803
2,1474,38.95000000000013,81,0,0.22883879124277842
2,1475,32.55000000000015,89,0,0.22860995245153565
2,1476,37.450000000000145,81,0,0.22838134249908412
2,1477,34.400000000000134,82,0,0.22815296115658504
2,1478,40.05000000000015,89,0,0.22792480819542846
2,1479,40.400000000000134,82,0,0.22769688338723304
2,1480,151.74999999999966,195,0,0.22746918650384582
2,1481,32.95000000000013,81,0,0.22724171731734197
2,1482,28.45000000000013,81,0,0.22701447560002463
2,1483,93.75000000000001,155,0,0.2267874611244246
2,1484,310.7999999999995,194,1,0.22656067366330018
2,1485,92.09999999999995,158,0,0.22633411298963688
2,1486,37.35000000000015,83,0,0.22610777887664724
2,1487,28.45000000000013,81,0,0.22588167109777058
2,1488,35.950000000000145,81,0,0.2256557894266728
2,1489,29.950000000000145,81,0,0.22543013363724612
2,1490,35.850000000000136,83,0,0.22520470350360888
2,1491,28.450000000000117,81,0,0.2249794988001053
2,1492,310.8499999999995,193,1,0.2247545193013052
2,1493,38.95000000000013,81,0,0.22452976478200387
2,1494,31.45000000000013,81,0,0.22430523501722185
2,1495,29.900000000000134,82,0,0.22408092978220462
2,1496,95.55000000000005,119,0,0.2238568488524224
2,1497,26.950000000000145,81,0,0.22363299200356998
2,1498,92.30000000000008,154,0,0.22340935901156642
2,1499,37.05000000000015,89,0,0.22318594965255484
2,1500,26.850000000000122,83,0,0.22296276370290227
2,1501,32.600000000000165,88,0,0.22273980093919937
2,1502,134.09999999999968,188,0,0.22251706113826017
2,1503,310.5499999999995,199,1,0.2222945440771219
2,1504,28.45000000000013,81,0,0.22207224953304477
2,1505,93.80000000000003,154,0,0.22185017728351172
2,1506,151.39999999999952,202,0,0.2216283271062282
2,1507,34.45000000000013,81,0,0.22140669877912197
2,1508,28.400000000000134,82,0,0.22118529208034285
2,1509,310.69999999999953,196,1,0.2209641067882625
2,1510,310.69999999999953,196,1,0.22074314268147424
2,1511,90.75000000000004,155,0,0.22052239953879277
2,1512,34.100000000000165,88,0,0.22030187713925398
2,1513,318.39999999999947,192,1,0.22008157526211472
2,1514,28.450000000000102,81,0,0.2198614936868526
2,1515,29.900000000000134,82,0,0.21964163219316574
2,1516,29.95000000000013,81,0,0.21942199056097256
2,1517,132.74999999999937,215,0,0.2192025685704116
2,1518,93.75000000000007,155,0,0.21898336600184118
2,1519,28.45000000000013,81,0,0.21876438263583933
2,1520,26.900000000000134,82,0,0.21854561825320348
2,1521,35.95000000000013,81,0,0.21832707263495027
2,1522,131.9999999999992,230,0,0.21810874556231533
2,1523,146.79999999999944,204,0,0.217890636816753
2,1524,37.450000000000145,81,0,0.21767274617993623
2,1525,26.950000000000145,81,0,0.2174550734337563
2,1526,310.9499999999995,191,1,0.21723761836032254
2,1527,26.950000000000145,81,0,0.21702038074196223
2,1528,310.94999999999953,191,1,0.21680336036122028
2,1529,32.950000000000145,81,0,0.21658655700085905
2,1530,29.950000000000145,81,0,0.2163699704438582
2,1531,97.14999999999999,117,0,0.21615360047341434
2,1532,83.65000000000002,117,0,0.21593744687294092
2,1533,28.45000000000013,81,0,0.21572150942606796
2,1534,31.450000000000145,81,0,0.2155057879166419
2,1535,325.6499999999991,227,1,0.21529028212872525
2,1536,26.900000000000134,82,0,0.21507499184659654
2,1537,26.950000000000117,81,0,0.21485991685474995
2,1538,310.59999999999945,198,1,0.2146450569378952
2,1539,151.9499999999996,191,0,0.21443041188095732
2,1540,316.54999999999916,229,1,0.21421598146907636
2,1541,26.900000000000134,82,0,0.21400176548760727
2,1542,28.400000000000134,82,0,0.21378776372211966
2,1543,32.95000000000013,81,0,0.21357397595839755
2,1544,38.85000000000015,83,0,0.21336040198243916
2,1545,38.950000000000145,81,0,0.21314704158045672
2,1546,151.74999999999955,195,0,0.21293389453887626
2,1547,85.15000000000005,117,0,0.21272096064433738
2,1548,32.95000000000013,81,0,0.21250823968369303
2,1549,35.95000000000013,81,0,0.21229573144400934
2,1550,86.60000000000007,118,0,0.21208343571256533
2,1551,40.40000000000015,82,0,0.21187135227685275
2,1552,35.90000000000015,82,0,0.2116594809245759
2,1553,29.900000000000134,82,0,0.21144782144365132
2,1554,35.950000000000145,81,0,0.21123637362220768
2,1555,319.9999999999994,190,1,0.21102513724858546
2,1556,88.15000000000008,117,0,0.21081411211133688
2,1557,310.8999999999993,192,1,0.21060329799922556
2,1558,34.45000000000013,81,0,0.21039269470122635
2,1559,34.45000000000013,81,0,0.21018230200652513
2,1560,38.95000000000013,81,0,0.2099721197045186
2,1561,91.10000000000004,118,0,0.20976214758481407
2,1562,37.45000000000013,81,0,0.20955238543722926
2,1563,310.6499999999995,197,1,0.20934283305179202
2,1564,40.40000000000015,82,0,0.20913349021874023
2,1565,35.950000000000145,81,0,0.2089243567285215
2,1566,37.45000000000013,81,0,0.20871543237179296
2,1567,89.65000000000005,117,0,0.20850671693942116
2,1568,37.40000000000015,82,0,0.20829821022248174
2,1569,91.05000000000008,119,0,0.20808991201225926
2,1570,29.95000000000013,81,0,0.207881822100247
2,1571,31.45000000000013,81,0,0.20767394027814676
2,1572,321.3499999999992,193,1,0.2074662663378686
2,1573,37.45000000000013,81,0,0.20725880007153075
2,1574,28.45000000000013,81,0,0.20705154127145922
2,1575,28.45000000000013,81,0,0.20684448973018776
2,1576,89.65000000000008,117,0,0.20663764524045758
2,1577,315.04999999999944,199,1,0.20643100759521713
2,1578,37.450000000000145,81,0,0.20622457658762192
2,1579,37.45000000000013,81,0,0.2060183520110343
2,1580,28.400000000000134,82,0,0.20581233365902327
2,1581,38.900000000000134,82,0,0.20560652132536425
2,1582,37.350000000000136,83,0,0.20540091480403888
2,1583,32.85000000000012,83,0,0.20519551388923485
2,1584,35.850000000000136,83,0,0.20499031837534562
2,1585,98.64999999999996,117,0,0.20478532805697028
2,1586,315.3999999999995,192,1,0.2045805427289133
2,1587,310.64999999999935,197,1,0.20437596218618437
2,1588,37.450000000000145,81,0,0.2041715862239982
2,1589,150.0999999999995,198,0,0.2039674146377742
2,1590,310.54999999999956,199,1,0.20376344722313644
2,1591,151.7999999999995,194,0,0.2035596837759133
2,1592,310.79999999999944,194,1,0.20335612409213738
2,1593,315.24999999999955,195,1,0.20315276796804524
2,1594,319.8999999999993,192,1,0.2029496152000772
2,1595,38.95000000000013,81,0,0.20274666558487714
2,1596,91.15000000000005,117,0,0.20254391891929227
2,1597,40.45000000000013,81,0,0.20234137500037297
2,1598,89.60000000000007,118,0,0.20213903362537258
2,1599,310.7499999999995,195,1,0.2019368945917472
2,1600,88.1500000000001,117,0,0.20173495769715546
2,1601,32.90000000000015,82,0,0.2015332227394583
2,1602,96.19999999999995,166,0,0.20133168951671884
2,1603,154.54999999999956,199,0,0.20113035782720212
2,1604,321.34999999999945,193,1,0.20092922746937492
2,1605,91.15000000000002,117,0,0.20072829824190555
2,1606,38.500000000000156,90,0,0.20052756994366364
2,1607,95.45,121,0,0.20032704237371998
2,1608,132.99999999999937,210,0,0.20012671533134627
2,1609,135.64999999999964,157,0,0.19992658861601492
2,1610,31.400000000000134,82,0,0.19972666202739892
2,1611,86.65000000000005,117,0,0.19952693536537153
2,1612,28.350000000000136,83,0,0.19932740843000615
2,1613,133.39999999999947,202,0,0.19912808102157614
2,1614,31.450000000000145,81,0,0.19892895294055457
2,1615,88.10000000000004,118,0,0.19873002398761402
2,1616,310.6999999999994,196,1,0.1985312939636264
2,1617,40.45000000000013,81,0,0.19833276266966277
2,1618,40.450000000000145,81,0,0.1981344299069931
2,1619,40.450000000000145,81,0,0.1979362954770861
2,1620,40.45000000000013,81,0,0.197738359181609
2,1621,310.79999999999944,194,1,0.1975406208224274
2,1622,310.8499999999995,193,1,0.197343080201605
2,1623,89.65000000000002,117,0,0.19714573712140337
2,1624,94.15000000000002,117,0,0.19694859138428197
2,1625,310.3499999999994,203,1,0.1967516427928977
2,1626,40.45000000000013,81,0,0.1965548911501048
2,1627,37.45000000000013,81,0,0.19635833625895469
2,1628,40.45000000000013,81,0,0.19616197792269574
2,1629,310.89999999999924,192,1,0.19596581594477305
2,1630,86.65000000000005,117,0,0.19576985012882828
2,1631,95.60000000000001,118,0,0.19557408027869944
2,1632,310.5999999999995,198,1,0.19537850619842073
2,1633,86.65000000000008,117,0,0.19518312769222232
2,1634,40.45000000000012,81,0,0.19498794456453009
2,1635,86.65000000000005,117,0,0.19479295661996557
2,1636,95.50000000000001,120,0,0.1945981636633456
2,1637,38.950000000000145,81,0,0.19440356549968224
2,1638,40.45000000000013,81,0,0.19420916193418256
2,1639,85.10000000000004,118,0,0.19401495277224837
2,1640,315.4499999999995,191,1,0.19382093781947612
2,1641,38.95000000000013,81,0,0.19362711688165665
2,1642,310.8499999999995,193,1,0.193433489764775
2,1643,310.59999999999945,198,1,0.19324005627501023
2,1644,35.95000000000013,81,0,0.1930468162187352
2,1645,131.84999999999917,233,0,0.19285376940251647
2,1646,310.84999999999945,193,1,0.19266091563311397
2,1647,88.15000000000008,117,0,0.19246825471748086
2,1648,316.8499999999995,193,1,0.1922757864627634
2,1649,88.15000000000005,117,0,0.1920835106763006
2,1650,40.45000000000013,81,0,0.19189142716562432
2,1651,310.84999999999945,193,1,0.1916995357384587
2,1652,91.10000000000004,118,0,0.19150783620272022
2,1653,38.95000000000012,81,0,0.1913163283665175
2,1654,40.45000000000013,81,0,0.19112501203815097
2,1655,92.60000000000001,118,0,0.1909338870261128
2,1656,40.45000000000013,81,0,0.19074295313908668
2,1657,133.4999999999995,200,0,0.1905522101859476
2,1658,153.3499999999995,193,0,0.19036165797576166
2,1659,86.60000000000001,118,0,0.1901712963177859
2,1660,319.89999999999947,192,1,0.1899811250214681
2,1661,322.9999999999994,190,1,0.18979114389644663
2,1662,88.15000000000005,117,0,0.1896013527525502
2,1663,89.60000000000007,118,0,0.18941175139979763
2,1664,310.74999999999943,195,1,0.18922233964839782
2,1665,40.35000000000015,83,0,0.18903311730874942
2,1666,312.3999999999995,192,1,0.18884408419144066
2,1667,153.2999999999995,194,0,0.1886552401072492
2,1668,318.39999999999947,192,1,0.18846658486714196
2,1669,133.59999999999957,198,0,0.1882781182822748
2,1670,85.15000000000005,117,0,0.18808984016399252
2,1671,310.7999999999995,194,1,0.18790175032382853
2,1672,319.74999999999955,195,1,0.1877138485735047
2,1673,153.39999999999958,192,0,0.1875261347249312
2,1674,28.450000000000117,81,0,0.1873386085902063
2,1675,310.84999999999957,193,1,0.18715126998161608
2,1676,86.6000000000001,118,0,0.18696411871163446
2,1677,310.8499999999995,193,1,0.18677715459292282
2,1678,135.2999999999996,164,0,0.1865903774383299
2,1679,86.55000000000005,119,0,0.18640378706089158
2,1680,37.35000000000015,83,0,0.1862173832738307
2,1681,83.65000000000002,117,0,0.18603116589055688
2,1682,84.75000000000016,155,0,0.18584513472466632
2,1683,310.79999999999944,194,1,0.18565928958994166
2,1684,86.65000000000002,117,0,0.18547363030035172
2,1685,95.55000000000003,119,0,0.18528815667005136
2,1686,92.65000000000002,117,0,0.1851028685133813
2,1687,134.6499999999993,177,0,0.18491776564486792
2,1688,34.400000000000134,82,0,0.18473284787922306
2,1689,38.95000000000013,81,0,0.18454811503134383
2,1690,89.55000000000003,119,0,0.18436356691631248
2,1691,97.14999999999999,117,0,0.18417920334939616
2,1692,310.89999999999947,192,1,0.18399502414604677
2,1693,310.4999999999995,200,1,0.18381102912190073
2,1694,92.55000000000003,119,0,0.18362721809277882
2,1695,318.4499999999993,191,1,0.18344359087468604
2,1696,312.3999999999995,192,1,0.18326014728381135
2,1697,88.10000000000007,118,0,0.18307688713652753
2,1698,38.95000000000013,81,0,0.182893810249391
2,1699,89.55000000000003,119,0,0.1827109164391416
2,1700,154.94999999999942,161,0,0.18252820552270246
2,1701,131.2999999999986,244,0,0.18234567731717977
2,1702,133.64999999999958,197,0,0.1821633316398626
2,1703,134.34999999999917,183,0,0.18198116830822272
2,1704,134.74999999999932,175,0,0.1817991871399145
2,1705,134.64999999999935,177,0,0.18161738795277457
2,1706,134.3999999999993,182,0,0.1814357705648218
2,1707,128.89999999999804,292,0,0.18125433479425698
2,1708,83.65000000000005,117,0,0.18107308045946272
2,1709,97.15000000000002,117,0,0.18089200737900324
2,1710,83.65000000000005,117,0,0.18071111537162424
2,1711,310.6999999999994,196,1,0.1805304042562526
2,1712,150.2999999999995,194,0,0.18034987385199636
2,1713,40.45000000000013,81,0,0.18016952397814437
2,1714,86.60000000000004,118,0,0.17998935445416622
2,1715,310.8499999999995,193,1,0.17980936509971204
2,1716,134.54999999999933,179,0,0.17962955573461234
2,1717,95.65000000000005,117,0,0.17944992617887773
2,1718,98.65000000000002,117,0,0.17927047625269885
2,1719,135.49999999999955,160,0,0.17909120577644616
2,1720,310.9499999999995,191,1,0.17891211457066972
2,1721,98.65000000000002,117,0,0.17873320245609906
2,1722,26.95000000000013,81,0,0.17855446925364296
2,1723,319.94999999999936,191,1,0.17837591478438933
2,1724,97.15000000000002,117,0,0.17819753886960493
2,1725,85.15000000000005,117,0,0.17801934133073533
2,1726,92.45000000000006,121,0,0.17784132198940458
2,1727,92.64999999999993,117,0,0.1776634806674152
2,1728,40.45000000000013,81,0,0.17748581718674777
2,1729,94.10000000000001,118,0,0.17730833136956103
2,1730,86.60000000000001,118,0,0.17713102303819148
2,1731,29.950000000000117,81,0,0.1769538920151533
2,1732,310.6999999999994,196,1,0.17677693812313813
2,1733,91.15000000000002,117,0,0.17660016118501498
2,1734,301.24999999999704,415,0,0.17642356102382997
2,1735,88.15000000000008,117,0,0.17624713746280615
2,1736,40.400000000000134,82,0,0.17607089032534334
2,1737,98.64999999999996,117,0,0.175894819435018
2,1738,38.900000000000134,82,0,0.17571892461558297
2,1739,310.8999999999995,192,1,0.1755432056909674
2,1740,86.45000000000003,121,0,0.17536766248527644
2,1741,92.59999999999998,118,0,0.17519229482279117
2,1742,154.64999999999947,197,0,0.17501710252796837
2,1743,34.450000000000145,81,0,0.1748420854254404
2,1744,131.64999999999907,237,0,0.17466724334001496
2,1745,94.09999999999998,118,0,0.17449257609667496
2,1746,85.04999999999997,119,0,0.1743180835205783
2,1747,310.7499999999995,195,1,0.1741437654370577
2,1748,91.05000000000003,119,0,0.17396962167162064
2,1749,88.10000000000001,118,0,0.173795652049949
2,1750,92.65000000000002,117,0,0.17362185639789907
2,1751,88.15000000000002,117,0,0.17344823454150116
2,1752,85.10000000000007,118,0,0.17327478630695967
2,1753,133.24999999999898,205,0,0.1731015115206527
2,1754,131.9999999999988,230,0,0.17292841000913206
2,1755,94.15000000000008,117,0,0.17275548159912293
2,1756,92.64999999999999,117,0,0.17258272611752382
2,1757,38.95000000000013,81,0,0.17241014339140628
2,1758,132.59999999999883,218,0,0.1722377332480149
2,1759,38.850000000000136,83,0,0.17206549551476688
2,1760,136.0499999999996,149,0,0.1718934300192521
2,1761,95.65000000000002,117,0,0.17172153658923286
2,1762,85.15000000000002,117,0,0.17154981505264363
2,1763,98.60000000000004,118,0,0.17137826523759098
2,1764,95.60000000000001,118,0,0.1712068869723534
2,1765,89.55000000000008,119,0,0.17103568008538103
2,1766,322.9499999999993,191,1,0.17086464440529564
2,1767,86.6500000000001,117,0,0.17069377976089034
2,1768,28.45000000000013,81,0,0.17052308598112945
2,1769,92.64999999999999,117,0,0.17035256289514833
2,1770,37.450000000000145,81,0,0.17018221033225317
2,1771,88.05000000000003,119,0,0.17001202812192093
2,1772,310.84999999999945,193,1,0.169842016093799
2,1773,319.89999999999935,192,1,0.1696721740777052
2,1774,37.45000000000013,81,0,0.1695025019036275
2,1775,40.45000000000013,81,0,0.1693329994017239
2,1776,98.64999999999999,117,0,0.16916366640232217
2,1777,40.450000000000145,81,0,0.16899450273591984
2,1778,86.65000000000005,117,0,0.16882550823318393
2,1779,310.64999999999947,197,1,0.16865668272495074
2,1780,40.40000000000015,82,0,0.1684880260422258
2,1781,40.05000000000015,89,0,0.16831953801618357
2,1782,88.15000000000008,117,0,0.16815121847816739
2,1783,86.65000000000005,117,0,0.16798306725968923
2,1784,86.59999999999998,118,0,0.16781508419242955
2,1785,86.65000000000002,117,0,0.16764726910823713
2,1786,91.14999999999999,117,0,0.1674796218391289
2,1787,310.94999999999925,191,1,0.16731214221728977
2,1788,86.50000000000004,120,0,0.16714483007507247
2,1789,85.1500000000001,117,0,0.1669776852449974
2,1790,88.14999999999999,117,0,0.1668107075597524
2,1791,86.55,119,0,0.16664389685219266
2,1792,318.3999999999993,192,1,0.16647725295534047
2,1793,94.14999999999999,117,0,0.16631077570238512
2,1794,92.59999999999995,118,0,0.16614446492668272
2,1795,94.14999999999999,117,0,0.16597832046175603
2,1796,89.64999999999996,117,0,0.16581234214129428
2,1797,92.64999999999996,117,0,0.16564652979915298
2,1798,92.59999999999998,118,0,0.16548088326935384
2,1799,92.65000000000002,117,0,0.1653154023860845
2,1800,310.4499999999995,201,1,0.1651500869836984
2,1801,40.45000000000013,81,0,0.1649849368967147
2,1802,88.15000000000002,117,0,0.164819951959818
2,1803,89.65000000000005,117,0,0.16465513200785817
2,1804,40.40000000000015,82,0,0.1644904768758503
2,1805,86.65000000000005,117,0,0.16432598639897444
2,1806,37.05000000000015,89,0,0.16416166041257546
2,1807,91.14999999999999,117,0,0.16399749875216288
2,1808,86.55000000000005,119,0,0.16383350125341073
2,1809,40.45000000000013,81,0,0.16366966775215733
2,1810,322.94999999999936,191,1,0.16350599808440516
2,1811,35.95000000000012,81,0,0.16334249208632076
2,1812,134.7999999999994,174,0,0.16317914959423443
2,1813,95.55000000000003,119,0,0.1630159704446402
2,1814,315.44999999999953,191,1,0.16285295447419557
2,1815,92.65000000000002,117,0,0.16269010151972138
2,1816,91.15000000000002,117,0,0.16252741141820165
2,1817,95.64999999999996,117,0,0.16236488400678345
2,1818,88.09999999999998,118,0,0.16220251912277667
2,1819,86.65000000000005,117,0,0.1620403166036539
2,1820,40.450000000000145,81,0,0.16187827628705023
2,1821,86.60000000000007,118,0,0.16171639801076318
2,1822,98.64999999999996,117,0,0.1615546816127524
2,1823,133.19999999999902,206,0,0.16139312693113966
2,1824,97.15000000000002,117,0,0.16123173380420852
2,1825,91.15000000000005,117,0,0.16107050207040433
2,1826,91.15000000000002,117,0,0.16090943156833393
2,1827,90.95,121,0,0.1607485221367656
2,1828,83.65000000000008,117,0,0.16058777361462884
2,1829,310.7999999999995,194,1,0.1604271858410142
2,1830,322.94999999999936,191,1,0.16026675865517317
2,1831,91.15000000000005,117,0,0.160106491896518
2,1832,88.1500000000001,117,0,0.15994638540462147
2,1833,40.45000000000012,81,0,0.15978643901921685
2,1834,40.400000000000134,82,0,0.15962665258019765
2,1835,86.40000000000005,122,0,0.15946702592761744
2,1836,92.65000000000002,117,0,0.15930755890168982
2,1837,85.00000000000007,120,0,0.15914825134278812
2,1838,86.60000000000004,118,0,0.15898910309144534
2,1839,135.39999999999952,162,0,0.1588301139883539
2,1840,322.99999999999926,190,1,0.15867128387436555
2,1841,92.65000000000002,117,0,0.15851261259049118
2,1842,40.45000000000013,81,0,0.1583540999779007
2,1843,92.54999999999997,119,0,0.1581957458779228
2,1844,40.400000000000134,82,0,0.15803755013204487
2,1845,92.59999999999995,118,0,0.15787951258191282
2,1846,134.29999999999922,184,0,0.1577216330693309
2,1847,89.65000000000002,117,0,0.15756391143626158
2,1848,86.60000000000012,118,0,0.15740634752482532
2,1849,98.60000000000001,118,0,0.1572489411773005
2,1850,95.54999999999997,119,0,0.1570916922361232
2,1851,85.15000000000008,117,0,0.15693460054388708
2,1852,130.6999999999984,256,0,0.1567776659433432
2,1853,151.84999999999945,193,0,0.15662088827739984
2,1854,98.64999999999999,117,0,0.15646426738912245
2,1855,37.000000000000156,90,0,0.1563078031217333
2,1856,97.04999999999997,119,0,0.15615149531861158
2,1857,95.64999999999999,117,0,0.15599534382329297
2,1858,98.64999999999999,117,0,0.15583934847946967
2,1859,97.99999999999996,130,0,0.15568350913099022
2,1860,94.14999999999999,117,0,0.15552782562185924
2,1861,310.7499999999992,195,1,0.15537229779623737
2,1862,134.34999999999934,183,0,0.15521692549844113
2,1863,310.64999999999947,197,1,0.15506170857294269
2,1864,92.64999999999996,117,0,0.15490664686436975
2,1865,88.10000000000004,118,0,0.15475174021750537
2,1866,322.59999999999917,198,1,0.15459698847728787
2,1867,97.14999999999993,117,0,0.1544423914888106
2,1868,38.950000000000145,81,0,0.15428794909732177
2,1869,322.9499999999993,191,1,0.15413366114822444
2,1870,133.64999999999918,197,0,0.15397952748707622
2,1871,150.24999999999955,195,0,0.15382554795958914
2,1872,98.60000000000001,118,0,0.15367172241162955
2,1873,133.39999999999912,202,0,0.15351805068921792
2,1874,95.65000000000002,117,0,0.1533645326385287
2,1875,94.10000000000001,118,0,0.15321116810589017
2,1876,321.44999999999925,191,1,0.1530579569377843
2,1877,38.95000000000013,81,0,0.1529048989808465
2,1878,28.45000000000013,81,0,0.15275199408186566
2,1879,95.39999999999999,122,0,0.15259924208778378
2,1880,330.3499999999992,193,1,0.15244664284569598
2,1881,321.3499999999995,193,1,0.15229419620285028
2,1882,88.15000000000002,117,0,0.15214190200664743
2,1883,37.45000000000013,81,0,0.15198976010464077
2,1884,310.8499999999995,193,1,0.15183777034453613
2,1885,98.64999999999999,117,0,0.1516859325741916
2,1886,310.8999999999995,192,1,0.1515342466416174
2,1887,26.950000000000145,81,0,0.1513827123949758
2,1888,132.8499999999994,213,0,0.15123132968258082
2,1889,135.74999999999955,155,0,0.15108009835289823
2,1890,88.1500000000001,117,0,0.15092901825454533
2,1891,98.64999999999999,117,0,0.15077808923629077
2,1892,322.9999999999992,190,1,0.15062731114705447
2,1893,85.15000000000005,117,0,0.1504766838359074
2,1894,94.14999999999999,117,0,0.15032620715207148
2,1895,38.950000000000145,81,0,0.1501758809449194
2,1896,310.8999999999995,192,1,0.15002570506397447
2,1897,133.99999999999915,190,0,0.1498756793589105
2,1898,85.1000000000001,118,0,0.14972580367955157
2,1899,89.60000000000001,118,0,0.14957607787587202
2,1900,91.10000000000004,118,0,0.14942650179799613
2,1901,37.45000000000013,81,0,0.14927707529619813
2,1902,129.149999999998,287,0,0.14912779822090194
2,1903,95.64999999999996,117,0,0.14897867042268104
2,1904,134.94999999999936,171,0,0.14882969175225835
2,1905,89.64999999999999,117,0,0.1486808620605061
2,1906,85.15000000000002,117,0,0.14853218119844558
2,1907,98.64999999999996,117,0,0.14838364901724713
2,1908,89.65000000000002,117,0,0.14823526536822987
2,1909,38.950000000000145,81,0,0.14808703010286164
2,1910,89.59999999999998,118,0,0.1479389430727588
2,1911,92.54999999999997,119,0,0.14779100412968604
2,1912,38.950000000000145,81,0,0.14764321312555637
2,1913,135.99999999999966,150,0,0.14749556991243082
2,1914,134.59999999999928,178,0,0.1473480743425184
2,1915,310.4499999999994,201,1,0.14720072626817587
2,1916,91.05000000000003,119,0,0.1470535255419077
2,1917,83.65000000000002,117,0,0.1469064720163658
2,1918,86.60000000000004,118,0,0.14675956554434944
2,1919,86.65000000000002,117,0,0.14661280597880508
2,1920,97.05,119,0,0.14646619317282628
2,1921,89.65000000000002,117,0,0.14631972697965345
2,1922,319.94999999999925,191,1,0.1461734072526738
2,1923,89.55000000000003,119,0,0.14602723384542113
2,1924,98.19999999999997,126,0,0.14588120661157572
2,1925,91.14999999999999,117,0,0.14573532540496414
2,1926,135.24999999999955,165,0,0.14558959007955918
2,1927,94.09999999999998,118,0,0.1454440004894796
2,1928,315.39999999999947,192,1,0.14529855648899012
2,1929,318.3499999999995,193,1,0.14515325793250114
2,1930,40.45000000000013,81,0,0.14500810467456865
2,1931,134.49999999999932,180,0,0.14486309656989407
2,1932,310.6999999999995,196,1,0.1447182334733242
2,1933,88.14999999999999,117,0,0.14457351523985087
2,1934,40.400000000000134,82,0,0.14442894172461102
2,1935,133.94999999999908,191,0,0.1442845127828864
2,1936,92.65000000000002,117,0,0.1441402282701035
2,1937,98.64999999999999,117,0,0.1439960880418334
2,1938,98.54999999999997,119,0,0.14385209195379156
2,1939,97.09999999999998,118,0,0.14370823986183776
2,1940,40.450000000000145,81,0,0.1435645316219759
2,1941,98.60000000000004,118,0,0.14342096709035393
2,1942,97.10000000000004,118,0,0.14327754612326357
2,1943,95.64999999999996,117,0,0.14313426857714032
2,1944,91.14999999999996,117,0,0.14299113430856317
2,1945,38.950000000000145,81,0,0.1428481431742546
2,1946,98.64999999999999,117,0,0.14270529503108034
2,1947,95.64999999999999,117,0,0.14256258973604927
2,1948,88.14999999999999,117,0,0.14242002714631322
2,1949,312.4499999999994,161,1,0.1422776071191669
2,1950,97.09999999999995,118,0,0.14213532951204774
2,1951,133.7999999999991,194,0,0.1419931941825357
2,1952,134.49999999999937,180,0,0.14185120098835316
2,1953,86.65000000000002,117,0,0.1417093497873648
2,1954,97.14999999999996,117,0,0.14156764043757744
2,1955,94.15000000000005,117,0,0.14142607279713987
2,1956,310.9499999999995,191,1,0.14128464672434274
2,1957,126.49999999999746,340,0,0.1411433620776184
2,1958,88.14999999999999,117,0,0.14100221871554078
2,1959,85.10000000000001,118,0,0.14086121649682523
2,1960,98.14999999999993,127,0,0.14072035528032842
2,1961,40.45000000000013,81,0,0.1405796349250481
2,1962,134.39999999999935,182,0,0.14043905529012304
2,1963,86.60000000000004,118,0,0.14029861623483292
2,1964,86.55000000000008,119,0,0.1401583176185981
2,1965,40.450000000000145,81,0,0.1400181593009795
2,1966,89.64999999999999,117,0,0.1398781411416785
2,1967,28.45000000000013,81,0,0.13973826300053682
2,1968,134.19999999999925,186,0,0.13959852473753628
2,1969,89.60000000000001,118,0,0.13945892621279873
2,1970,40.450000000000145,81,0,0.13931946728658592
2,1971,95.64999999999996,117,0,0.13918014781929933
2,1972,37.45000000000013,81,0,0.13904096767148003
2,1973,98.59999999999998,118,0,0.13890192670380855
2,1974,318.49999999999955,190,1,0.13876302477710473
2,1975,94.14999999999999,117,0,0.13862426175232762
2,1976,325.9999999999993,190,1,0.1384856374905753
2,1977,40.450000000000145,81,0,0.13834715185308472
2,1978,85.10000000000001,118,0,0.13820880470123162
2,1979,85.15000000000008,117,0,0.1380705958965304
2,1980,92.50000000000004,120,0,0.13793252530063388
2,1981,88.15000000000002,117,0,0.13779459277533324
2,1982,92.64999999999999,117,0,0.1376567981825579
2,1983,95.64999999999993,117,0,0.13751914138437535
2,1984,98.59999999999995,118,0,0.13738162224299097
2,1985,133.8499999999991,193,0,0.13724424062074797
2,1986,98.54999999999994,119,0,0.13710699638012722
2,1987,97.14999999999999,117,0,0.1369698893837471
2,1988,97.14999999999996,117,0,0.13683291949436335
2,1989,319.99999999999926,190,1,0.13669608657486898
2,1990,88.10000000000007,118,0,0.1365593904882941
2,1991,89.65000000000002,117,0,0.1364228310978058
2,1992,313.9999999999995,190,1,0.13628640826670801
2,1993,40.40000000000012,82,0,0.1361501218584413
2,1994,132.6999999999988,216,0,0.13601397173658286
2,1995,94.14999999999999,117,0,0.1358779577648463
2,1996,95.64999999999999,117,0,0.13574207980708144
2,1997,94.14999999999996,117,0,0.13560633772727437
2,1998,97.14999999999996,117,0,0.1354707313895471
2,1999,321.24999999999926,195,1,0.13533526065815754
2,2000,86.64999999999999,117,0,0.1351999253974994
2,2001,86.64999999999999,117,0,0.13506472547210188
2,2002,134.8499999999994,173,0,0.1349296607466298
2,2003,321.4999999999995,190,1,0.13479473108588316
2,2004,98.64999999999993,117,0,0.13465993635479728
2,2005,135.14999999999947,167,0,0.13452527641844247
2,2006,85.14999999999999,117,0,0.13439075114202403
2,2007,40.400000000000134,82,0,0.134256360390882
2,2008,135.19999999999948,166,0,0.13412210403049113
2,2009,92.54999999999997,119,0,0.13398798192646064
2,2010,85.05000000000003,119,0,0.13385399394453418
2,2011,83.60000000000004,118,0,0.13372013995058965
2,2012,96.95,121,0,0.13358641981063907
2,2013,92.59999999999998,118,0,0.13345283339082842
2,2014,89.64999999999996,117,0,0.13331938055743758
2,2015,319.9499999999993,191,1,0.13318606117688014
2,2016,91.14999999999996,117,0,0.13305287511570327
2,2017,133.84999999999906,193,0,0.13291982224058757
2,2018,34.450000000000145,81,0,0.13278690241834698
2,2019,95.64999999999996,117,0,0.13265411551592862
2,2020,97.14999999999996,117,0,0.13252146140041268
2,2021,40.450000000000145,81,0,0.13238893993901227
2,2022,85.10000000000004,118,0,0.13225655099907327
2,2023,87.95000000000003,121,0,0.1321242944480742
2,2024,37.45000000000013,81,0,0.13199217015362613
2,2025,91.15000000000008,117,0,0.1318601779834725
2,2026,97.05,119,0,0.13172831780548902
2,2027,92.64999999999999,117,0,0.13159658948768352
2,2028,83.60000000000004,118,0,0.13146499289819583
2,2029,94.09999999999998,118,0,0.13133352790529762
2,2030,319.9999999999992,190,1,0.13120219437739233
2,2031,98.19999999999997,126,0,0.13107099218301493
2,2032,85.15000000000002,117,0,0.13093992119083192
2,2033,319.89999999999935,192,1,0.13080898126964108
2,2034,88.09999999999998,118,0,0.13067817228837145
2,2035,38.900000000000134,82,0,0.13054749411608307
2,2036,91.10000000000004,118,0,0.13041694662196698
2,2037,92.64999999999999,117,0,0.13028652967534501
2,2038,134.49999999999932,180,0,0.13015624314566968
2,2039,86.60000000000004,118,0,0.130026086902524
2,2040,95.64999999999999,117,0,0.1298960608156215
2,2041,134.04999999999922,189,0,0.12976616475480587
2,2042,92.54999999999997,119,0,0.12963639859005108
2,2043,86.60000000000004,118,0,0.12950676219146104
2,2044,86.65000000000002,117,0,0.1293772554292696
2,2045,134.29999999999933,184,0,0.1292478781738403
2,2046,95.64999999999993,117,0,0.12911863029566648
2,2047,92.64999999999996,117,0,0.12898951166537082
2,2048,85.00000000000004,120,0,0.12886052215370544
2,2049,83.65000000000008,117,0,0.12873166163155172
2,2050,40.45000000000013,81,0,0.12860292996992018
2,2051,86.60000000000001,118,0,0.12847432703995026
2,2052,130.94999999999857,251,0,0.12834585271291032
2,2053,122.99999999999675,410,0,0.12821750686019742
2,2054,93.64999999999993,127,0,0.12808928935333722
2,2055,132.94999999999902,211,0,0.12796120006398387
2,2056,321.49999999999926,190,1,0.1278332388639199
2,2057,88.14999999999993,117,0,0.12770540562505597
2,2058,134.64999999999935,177,0,0.1275777002194309
2,2059,312.4499999999994,161,1,0.12745012251921148
2,2060,92.64999999999996,117,0,0.12732267239669226
2,2061,88.15000000000005,117,0,0.12719534972429558
2,2062,130.74999999999847,255,0,0.12706815437457128
2,2063,322.9999999999992,190,1,0.1269410862201967
2,2064,91.04999999999997,119,0,0.1268141451339765
2,2065,89.60000000000004,118,0,0.12668733098884255
2,2066,91.15000000000002,117,0,0.12656064365785372
2,2067,134.6499999999994,177,0,0.12643408301419587
2,2068,88.1500000000001,117,0,0.12630764893118168
2,2069,40.450000000000145,81,0,0.1261813412822505
2,2070,85.15000000000002,117,0,0.12605515994096825
2,2071,88.10000000000001,118,0,0.12592910478102728
2,2072,88.14999999999993,117,0,0.12580317567624627
2,2073,95.64999999999999,117,0,0.12567737250057
2,2074,85.15000000000008,117,0,0.12555169512806943
2,2075,133.49999999999903,200,0,0.12542614343294137
2,2076,85.10000000000007,118,0,0.12530071728950842
2,2077,95.64999999999993,117,0,0.12517541657221892
2,2078,324.0999999999991,198,1,0.1250502411556467
2,2079,94.05,119,0,0.12492519091449104
2,2080,319.9999999999995,190,1,0.12480026572357655
2,2081,86.60000000000004,118,0,0.12467546545785298
2,2082,92.65000000000002,117,0,0.12455078999239512
2,2083,94.15000000000002,117,0,0.12442623920240273
2,2084,40.40000000000015,82,0,0.12430181296320032
2,2085,38.95000000000012,81,0,0.12417751115023712
2,2086,135.04999999999944,169,0,0.12405333363908688
2,2087,91.14999999999999,117,0,0.1239292803054478
2,2088,95.54999999999997,119,0,0.12380535102514234
2,2089,34.45000000000012,81,0,0.1236815456741172
2,2090,83.55000000000003,119,0,0.12355786412844308
2,2091,40.450000000000145,81,0,0.12343430626431463
2,2092,134.84999999999945,173,0,0.12331087195805032
2,2093,319.99999999999926,190,1,0.12318756108609227
2,2094,91.15000000000008,117,0,0.12306437352500618
2,2095,97.14999999999993,117,0,0.12294130915148117
2,2096,95.64999999999999,117,0,0.12281836784232969
2,2097,321.39999999999924,192,1,0.12269554947448735
2,2098,95.59999999999998,118,0,0.12257285392501287
2,2099,86.65000000000005,117,0,0.12245028107108785
2,2100,37.450000000000145,81,0,0.12232783079001676
2,2101,34.450000000000145,81,0,0.12220550295922675
2,2102,38.950000000000145,81,0,0.12208329745626752
2,2103,134.04999999999927,189,0,0.12196121415881125
2,2104,86.60000000000007,118,0,0.12183925294465245
2,2105,325.9999999999992,190,1,0.1217174136917078
2,2106,86.55000000000005,119,0,0.12159569627801609
2,2107,92.64999999999999,117,0,0.12147410058173808
2,2108,98.19999999999992,126,0,0.12135262648115634
2,2109,132.39999999999884,222,0,0.12123127385467519
2,2110,94.14999999999996,117,0,0.12111004258082052
2,2111,135.04999999999944,169,0,0.1209889325382397
2,2112,321.49999999999926,190,1,0.12086794360570145
2,2113,86.55000000000003,119,0,0.12074707566209575
2,2114,85.15000000000002,117,0,0.12062632858643366
2,2115,92.65000000000002,117,0,0.12050570225784722
2,2116,91.14999999999996,117,0,0.12038519655558938
2,2117,97.14999999999996,117,0,0.12026481135903379
2,2118,40.35000000000015,83,0,0.12014454654767476
2,2119,40.400000000000134,82,0,0.12002440200112709
2,2120,38.900000000000134,82,0,0.11990437759912596
2,2121,85.15000000000005,117,0,0.11978447322152684
2,2122,88.15000000000005,117,0,0.11966468874830531
2,2123,316.89999999999947,192,1,0.11954502405955701
2,2124,86.64999999999996,117,0,0.11942547903549745
2,2125,133.64999999999912,197,0,0.11930605355646196
2,2126,94.14999999999996,117,0,0.11918674750290549
2,2127,132.89999999999895,212,0,0.11906756075540259
2,2128,40.450000000000145,81,0,0.11894849319464719
2,2129,40.450000000000145,81,0,0.11882954470145254
2,2130,131.74999999999864,235,0,0.11871071515675109
2,2131,322.94999999999925,191,1,0.11859200444159435
2,2132,94.09999999999998,118,0,0.11847341243715274
2,2133,128.9499999999981,291,0,0.1183549390247156
2,2134,89.65000000000002,117,0,0.11823658408569088
2,2135,85.1000000000001,118,0,0.11811834750160519
2,2136,91.10000000000001,118,0,0.11800022915410358
2,2137,95.64999999999999,117,0,0.11788222892494947
2,2138,86.65000000000005,117,0,0.11776434669602452
2,2139,88.15000000000002,117,0,0.1176465823493285
2,2140,91.10000000000001,118,0,0.11752893576697916
2,2141,92.64999999999999,117,0,0.11741140683121218
2,2142,85.09999999999998,118,0,0.11729399542438097
2,2143,89.50000000000001,120,0,0.11717670142895659
2,2144,86.60000000000001,118,0,0.11705952472752763
2,2145,155.24999999999955,155,0,0.1169424652028001
2,2146,40.45000000000013,81,0,0.1168255227375973
2,2147,85.15000000000005,117,0,0.1167086972148597
2,2148,85.14999999999996,117,0,0.11659198851764484
2,2149,83.55000000000005,119,0,0.1164753965291272
2,2150,86.65000000000002,117,0,0.11635892113259806
2,2151,319.5999999999991,198,1,0.11624256221146546
2,2152,40.450000000000145,81,0,0.116126319649254
2,2153,86.65000000000002,117,0,0.11601019332960474
2,2154,40.450000000000145,81,0,0.11589418313627514
2,2155,97.09999999999998,118,0,0.11577828895313887
2,2156,319.8999999999992,192,1,0.11566251066418573
2,2157,134.4499999999993,181,0,0.11554684815352155
2,2158,83.65000000000005,117,0,0.11543130130536802
2,2159,38.950000000000145,81,0,0.11531587000406265
2,2160,40.350000000000136,83,0,0.1152005541340586
2,2161,319.9999999999992,190,1,0.11508535357992454
2,2162,98.64999999999996,117,0,0.11497026822634461
2,2163,91.14999999999999,117,0,0.11485529795811826
2,2164,86.64999999999999,117,0,0.11474044266016015
2,2165,133.19999999999902,206,0,0.11462570221749999
2,2166,132.6999999999989,216,0,0.11451107651528249
2,2167,89.64999999999996,117,0,0.11439656543876721
2,2168,94.14999999999999,117,0,0.11428216887332844
2,2169,86.64999999999999,117,0,0.11416788670445512
2,2170,85.14999999999999,117,0,0.11405371881775066
2,2171,86.50000000000001,120,0,0.11393966509893291
2,2172,88.10000000000001,118,0,0.11382572543383399
2,2173,134.49999999999932,180,0,0.11371189970840015
2,2174,35.950000000000145,81,0,0.11359818780869176
2,2175,86.65000000000002,117,0,0.11348458962088306
2,2176,40.05000000000017,89,0,0.11337110503126219
2,2177,324.4499999999992,191,1,0.11325773392623092
2,2178,128.2999999999979,304,0,0.1131444761923047
2,2179,132.64999999999895,217,0,0.11303133171611239
2,2180,40.40000000000015,82,0,0.11291830038439628
2,2181,91.09999999999998,118,0,0.11280538208401188
2,2182,96.59999999999998,128,0,0.11269257670192787
2,2183,89.59999999999998,118,0,0.11257988412522593
2,2184,89.59999999999998,118,0,0.1124673042411007
2,2185,86.64999999999996,117,0,0.1123548369368596
2,2186,85.1000000000001,118,0,0.11224248209992274
2,2187,89.65000000000008,117,0,0.11213023961782281
2,2188,88.14999999999999,117,0,0.11201810937820499
2,2189,132.14999999999884,227,0,0.11190609126882678
2,2190,89.60000000000001,118,0,0.11179418517755796
2,2191,325.84999999999917,193,1,0.1116823909923804
2,2192,91.14999999999999,117,0,0.11157070860138803
2,2193,95.59999999999995,118,0,0.11145913789278664
2,2194,91.14999999999993,117,0,0.11134767875489385
2,2195,319.9999999999992,190,1,0.11123633107613895
2,2196,129.39999999999816,282,0,0.11112509474506281
2,2197,38.95000000000013,81,0,0.11101396965031775
2,2198,85.14999999999996,117,0,0.11090295568066744
2,2199,96.69999999999992,126,0,0.11079205272498677
2,2200,94.14999999999993,117,0,0.11068126067226178
2,2201,92.64999999999996,117,0,0.11057057941158951
2,2202,83.55000000000008,119,0,0.11046000883217792
2,2203,37.45000000000013,81,0,0.11034954882334574
2,2204,310.9499999999995,191,1,0.1102391992745224
2,2205,88.14999999999999,117,0,0.11012896007524788
2,2206,88.15000000000002,117,0,0.11001883111517263
2,2207,86.64999999999996,117,0,0.10990881228405747
2,2208,88.09999999999998,118,0,0.10979890347177342
2,2209,86.60000000000001,118,0,0.10968910456830164
2,2210,91.05,119,0,0.10957941546373333
2,2211,40.450000000000145,81,0,0.1094698360482696
2,2212,88.14999999999999,117,0,0.10936036621222132
2,2213,89.64999999999993,117,0,0.10925100584600911
2,2214,134.84999999999934,173,0,0.1091417548401631
2,2215,86.65000000000002,117,0,0.10903261308532293
2,2216,91.15000000000005,117,0,0.1089235804722376
2,2217,86.64999999999999,117,0,0.10881465689176537
2,2218,88.15000000000002,117,0,0.1087058422348736
2,2219,86.6499999999999,117,0,0.10859713639263872
2,2220,88.15000000000002,117,0,0.10848853925624609
2,2221,86.54999999999997,119,0,0.10838005071698985
2,2222,40.450000000000145,81,0,0.10827167066627286
2,2223,132.1999999999988,226,0,0.10816339899560658
2,2224,134.39999999999935,182,0,0.10805523559661097
2,2225,86.64999999999993,117,0,0.10794718036101436
2,2226,89.64999999999996,117,0,0.10783923318065335
2,2227,85.15000000000005,117,0,0.10773139394747269
2,2228,322.8999999999992,192,1,0.10762366255352522
2,2229,97.09999999999992,118,0,0.1075160388909717
2,2230,322.94999999999925,191,1,0.10740852285208072
2,2231,89.65000000000008,117,0,0.10730111432922863
2,2232,96.69999999999995,126,0,0.1071938132148994
2,2233,89.60000000000001,118,0,0.1070866194016845
2,2234,40.450000000000145,81,0,0.10697953278228281
2,2235,89.55,119,0,0.10687255324950053
2,2236,38.95000000000013,81,0,0.10676568069625103
2,2237,85.10000000000001,118,0,0.10665891501555477
2,2238,85.05,119,0,0.10655225610053921
2,2239,85.05,119,0,0.10644570384443867
2,2240,40.45000000000013,81,0,0.10633925814059424
2,2241,83.65000000000002,117,0,0.10623291888245365
2,2242,88.14999999999999,117,0,0.1061266859635712
2,2243,91.14999999999996,117,0,0.10602055927760762
2,2244,89.64999999999996,117,0,0.10591453871833001
2,2245,40.45000000000013,81,0,0.10580862417961168
2,2246,322.99999999999915,190,1,0.10570281555543207
2,2247,83.65000000000002,117,0,0.10559711273987664
2,2248,134.4499999999993,181,0,0.10549151562713677
2,2249,88.00000000000007,120,0,0.10538602411150963
2,2250,86.65000000000002,117,0,0.10528063808739813
2,2251,86.65000000000005,117,0,0.10517535744931072
2,2252,91.05000000000003,119,0,0.10507018209186142
2,2253,88.09999999999998,118,0,0.10496511190976955
2,2254,89.64999999999996,117,0,0.10486014679785978
2,2255,89.65000000000005,117,0,0.10475528665106192
2,2256,88.14999999999999,117,0,0.10465053136441085
2,2257,88.05000000000005,119,0,0.10454588083304645
2,2258,135.2999999999995,164,0,0.1044413349522134
2,2259,89.49999999999999,120,0,0.10433689361726119
2,2260,89.64999999999996,117,0,0.10423255672364393
2,2261,86.64999999999999,117,0,0.10412832416692028
2,2262,92.64999999999996,117,0,0.10402419584275335
2,2263,89.64999999999999,117,0,0.1039201716469106
2,2264,38.85000000000015,83,0,0.10381625147526369
2,2265,86.50000000000001,120,0,0.10371243522378842
2,2266,40.450000000000145,81,0,0.10360872278856463
2,2267,91.14999999999999,117,0,0.10350511406577606
2,2268,325.9999999999993,190,1,0.10340160895171029
2,2269,95.59999999999995,118,0,0.10329820734275857
2,2270,86.65000000000005,117,0,0.10319490913541582
2,2271,89.64999999999996,117,0,0.1030917142262804
2,2272,88.09999999999998,118,0,0.10298862251205412
2,2273,88.14999999999999,117,0,0.10288563388954207
2,2274,85.09999999999998,118,0,0.10278274825565252
2,2275,85.05,119,0,0.10267996550739687
2,2276,85.15000000000008,117,0,0.10257728554188948
2,2277,88.04999999999994,119,0,0.1024747082563476
2,2278,86.65000000000002,117,0,0.10237223354809125
2,2279,92.64999999999999,117,0,0.10226986131454316
2,2280,85.10000000000001,118,0,0.10216759145322861
2,2281,86.65000000000002,117,0,0.10206542386177538
2,2282,83.60000000000001,118,0,0.1019633584379136
2,2283,319.9999999999994,190,1,0.10186139507947568
2,2284,324.3999999999991,192,1,0.1017595336843962
2,2285,133.39999999999907,202,0,0.10165777415071181
2,2286,86.59999999999995,118,0,0.1015561163765611
2,2287,89.60000000000001,118,0,0.10145456026018454
2,2288,91.05,119,0,0.10135310569992435
2,2289,86.64999999999999,117,0,0.10125175259422443
2,2290,85.10000000000001,118,0,0.10115050084163021
2,2291,85.10000000000001,118,0,0.10104935034078859
2,2292,88.14999999999996,117,0,0.1009483009904478
2,2293,133.59999999999906,198,0,0.10084735268945735
2,2294,40.450000000000145,81,0,0.10074650533676789
2,2295,85.14999999999996,117,0,0.10064575883143112
2,2296,86.65000000000008,117,0,0.1005451130725997
2,2297,318.49999999999926,190,1,0.1004445679595271
2,2298,86.65000000000002,117,0,0.10034412339156756
2,2299,88.15000000000002,117,0,0.100243779268176
2,2300,86.65000000000002,117,0,0.10014353548890782
2,2301,316.9499999999992,191,1,0.10004339195341891
2,2302,85.15000000000005,117,0,0.09994334856146549
2,2303,86.65000000000002,117,0,0.09984340521290402
2,2304,40.450000000000145,81,0,0.09974356180769112
2,2305,86.50000000000001,120,0,0.09964381824588342
2,2306,40.450000000000145,81,0,0.09954417442763754
2,2307,94.14999999999993,117,0,0.0994446302532099
2,2308,83.60000000000001,118,0,0.09934518562295669
2,2309,88.15000000000002,117,0,0.09924584043733373
2,2310,134.04999999999922,189,0,0.0991465945968964
2,2311,38.950000000000145,81,0,0.0990474480022995
2,2312,321.4499999999993,191,1,0.09894840055429721
2,2313,94.04999999999994,119,0,0.09884945215374291
2,2314,88.14999999999999,117,0,0.09875060270158917
2,2315,85.14999999999996,117,0,0.09865185209888758
2,2316,40.40000000000015,82,0,0.0985532002467887
2,2317,94.04999999999991,119,0,0.0984546470465419
2,2318,134.34999999999923,183,0,0.09835619239949536
2,2319,129.34999999999815,283,0,0.09825783620709587
2,2320,88.14999999999999,117,0,0.09815957837088878
2,2321,85.14999999999996,117,0,0.09806141879251788
2,2322,83.64999999999999,117,0,0.09796335737372537
2,2323,322.84999999999917,193,1,0.09786539401635165
2,2324,88.15000000000005,117,0,0.0977675286223353
2,2325,123.54999999999681,399,0,0.09766976109371296
2,2326,86.65000000000008,117,0,0.09757209133261925
2,2327,88.10000000000001,118,0,0.09747451924128663
2,2328,88.14999999999999,117,0,0.09737704472204534
2,2329,86.60000000000001,118,0,0.0972796676773233
2,2330,94.14999999999996,117,0,0.09718238800964597
2,2331,95.64999999999996,117,0,0.09708520562163633
2,2332,85.15000000000002,117,0,0.09698812041601469
2,2333,89.64999999999999,117,0,0.09689113229559868
2,2334,88.15000000000005,117,0,0.09679424116330308
2,2335,86.60000000000001,118,0,0.09669744692213977
2,2336,91.10000000000004,118,0,0.09660074947521763
2,2337,88.10000000000007,118,0,0.09650414872574241
2,2338,325.94999999999925,191,1,0.09640764457701667
2,2339,97.14999999999999,117,0,0.09631123693243965
2,2340,134.2499999999992,185,0,0.09621492569550721
2,2341,135.54999999999956,159,0,0.09611871076981171
2,2342,91.10000000000004,118,0,0.0960225920590419
2,2343,88.15000000000005,117,0,0.09592656946698286
2,2344,86.64999999999999,117,0,0.09583064289751587
2,2345,324.44999999999914,191,1,0.09573481225461836
2,2346,91.10000000000001,118,0,0.09563907744236373
2,2347,322.94999999999925,191,1,0.09554343836492137
2,2348,88.14999999999999,117,0,0.09544789492655645
2,2349,86.64999999999999,117,0,0.09535244703162989
2,2350,131.5999999999986,238,0,0.09525709458459826
2,2351,321.4999999999992,190,1,0.09516183749001367
2,2352,98.04999999999991,129,0,0.09506667565252365
2,2353,325.99999999999915,190,1,0.09497160897687112
2,2354,89.64999999999999,117,0,0.09487663736789426
2,2355,91.14999999999999,117,0,0.09478176073052637
2,2356,88.14999999999999,117,0,0.09468697896979585
2,2357,85.15000000000005,117,0,0.09459229199082606
2,2358,324.39999999999924,192,1,0.09449769969883523
2,2359,324.49999999999915,190,1,0.09440320199913639
2,2360,86.64999999999999,117,0,0.09430879879713726
2,2361,83.65000000000005,117,0,0.09421448999834012
2,2362,88.15000000000002,117,0,0.09412027550834177
2,2363,133.84999999999957,193,0,0.09402615523283343
2,2364,83.65000000000002,117,0,0.0939321290776006
2,2365,85.09999999999998,118,0,0.093838196948523
2,2366,91.14999999999993,117,0,0.09374435875157447
2,2367,85.10000000000004,118,0,0.09365061439282289
2,2368,132.7499999999988,215,0,0.09355696377843006
2,2369,83.65000000000008,117,0,0.09346340681465164
2,2370,91.09999999999995,118,0,0.09336994340783698
2,2371,135.7499999999995,155,0,0.09327657346442915
2,2372,86.64999999999999,117,0,0.09318329689096472
2,2373,40.450000000000145,81,0,0.09309011359407375
2,2374,86.55,119,0,0.09299702348047968
2,2375,130.09999999999826,268,0,0.0929040264569992
2,2376,321.4999999999992,190,1,0.09281112243054221
2,2377,86.64999999999999,117,0,0.09271831130811167
2,2378,86.65000000000002,117,0,0.09262559299680356
2,2379,85.14999999999993,117,0,0.09253296740380676
2,2380,325.9499999999992,191,1,0.09244043443640296
2,2381,94.14999999999999,117,0,0.09234799400196655
2,2382,134.1999999999992,186,0,0.09225564600796458
2,2383,322.9999999999992,190,1,0.09216339036195662
2,2384,85.14999999999996,117,0,0.09207122697159466
2,2385,319.74999999999915,195,1,0.09197915574462306
2,2386,324.4499999999992,191,1,0.09188717658887845
2,2387,86.65000000000002,117,0,0.09179528941228957
2,2388,98.64999999999996,117,0,0.09170349412287727
2,2389,134.1999999999992,186,0,0.0916117906287544
2,2390,40.450000000000145,81,0,0.09152017883812565
2,2391,131.29999999999848,244,0,0.09142865865928752
2,2392,135.19999999999942,166,0,0.09133723000062824
2,2393,85.10000000000001,118,0,0.09124589277062761
2,2394,98.59999999999995,118,0,0.09115464687785699
2,2395,131.89999999999873,232,0,0.09106349223097913
2,2396,97.14999999999999,117,0,0.09097242873874815
2,2397,132.19999999999868,226,0,0.0908814563100094
2,2398,97.14999999999996,117,0,0.0907905748536994
2,2399,320.1499999999992,187,1,0.0906997842788457
2,2400,132.64999999999884,217,0,0.09060908449456685
2,2401,325.8999999999992,192,1,0.09051847541007228
2,2402,318.4999999999992,190,1,0.09042795693466221
2,2403,322.9499999999992,191,1,0.09033752897772755
2,2404,319.99999999999915,190,1,0.09024719144874982
2,2405,85.14999999999999,117,0,0.09015694425730107
2,2406,322.9999999999992,190,1,0.09006678731304377
2,2407,92.64999999999999,117,0,0.08997672052573072
2,2408,325.8999999999992,192,1,0.08988674380520499
2,2409,322.99999999999926,190,1,0.08979685706139978
2,2410,95.54999999999994,119,0,0.08970706020433838
2,2411,123.59999999999677,398,0,0.08961735314413405
2,2412,131.84999999999866,233,0,0.08952773579098991
2,2413,134.49999999999932,180,0,0.08943820805519892
2,2414,325.99999999999915,190,1,0.08934876984714372
2,2415,135.9499999999996,151,0,0.08925942107729658
2,2416,325.9999999999992,190,1,0.08917016165621929
2,2417,88.09999999999998,118,0,0.08908099149456307
2,2418,86.64999999999996,117,0,0.08899191050306851
2,2419,85.09999999999998,118,0,0.08890291859256544
2,2420,38.90000000000015,82,0,0.08881401567397287
2,2421,322.9999999999992,190,1,0.0887252016582989
2,2422,131.5999999999986,238,0,0.0886364764566406
2,2423,133.69999999999908,196,0,0.08854783998018396
2,2424,134.6499999999993,177,0,0.08845929214020377
2,2425,133.04999999999887,209,0,0.08837083284806357
2,2426,133.99999999999915,190,0,0.08828246201521552
2,2427,94.10000000000001,118,0,0.0881941795532003
2,2428,325.9499999999992,191,1,0.0881059853736471
2,2429,98.64999999999993,117,0,0.08801787938827345
2,2430,325.9999999999992,190,1,0.08792986150888517
2,2431,316.89999999999935,192,1,0.08784193164737629
2,2432,132.39999999999878,222,0,0.08775408971572891
2,2433,88.14999999999996,117,0,0.08766633562601318
2,2434,86.65000000000002,117,0,0.08757866929038717
2,2435,321.44999999999925,191,1,0.08749109062109678
2,2436,322.99999999999915,190,1,0.08740359953047568
2,2437,85.14999999999999,117,0,0.0873161959309452
2,2438,97.14999999999996,117,0,0.08722887973501425
2,2439,88.14999999999999,117,0,0.08714165085527924
2,2440,325.94999999999925,191,1,0.08705450920442395
2,2441,86.54999999999997,119,0,0.08696745469521953
2,2442,322.99999999999915,190,1,0.08688048724052432
2,2443,325.9499999999992,191,1,0.08679360675328379
2,2444,89.64999999999999,117,0,0.0867068131465305
2,2445,83.59999999999998,118,0,0.08662010633338398
2,2446,85.09999999999995,118,0,0.0865334862270506
2,2447,318.4999999999992,190,1,0.08644695274082355
2,2448,85.14999999999999,117,0,0.08636050578808273
2,2449,91.04999999999991,119,0,0.08627414528229464
2,2450,134.79999999999927,174,0,0.08618787113701235
2,2451,319.94999999999925,191,1,0.08610168326587533
2,2452,325.9999999999992,190,1,0.08601558158260945
2,2453,88.09999999999998,118,0,0.08592956600102684
2,2454,130.2499999999983,265,0,0.08584363643502582
2,2455,135.39999999999947,162,0,0.08575779279859079
2,2456,322.8999999999991,192,1,0.0856720350057922
2,2457,322.9999999999992,190,1,0.0855863629707864
2,2458,131.6499999999986,237,0,0.0855007766078156
2,2459,135.14999999999935,167,0,0.08541527583120778
2,2460,322.9999999999992,190,1,0.08532986055537657
2,2461,322.9499999999992,191,1,0.0852445306948212
2,2462,135.2499999999995,165,0,0.08515928616412638
2,2463,134.94999999999936,171,0,0.08507412687796226
2,2464,35.950000000000145,81,0,0.0849890527510843
2,2465,92.64999999999993,117,0,0.08490406369833321
2,2466,34.45000000000013,81,0,0.08481915963463488
2,2467,322.9499999999992,191,1,0.08473434047500024
2,2468,325.9999999999992,190,1,0.08464960613452524
2,2469,322.9999999999992,190,1,0.08456495652839072
2,2470,40.450000000000145,81,0,0.08448039157186232
2,2471,133.89999999999918,192,0,0.08439591118029047
2,2472,129.7999999999982,274,0,0.08431151526911018
2,2473,131.79999999999865,234,0,0.08422720375384107
2,2474,319.99999999999926,190,1,0.08414297655008723
2,2475,117.04999999999525,529,0,0.08405883357353715
2,2476,134.99999999999937,170,0,0.0839747747399636
2,2477,98.64999999999996,117,0,0.08389079996522364
2,2478,321.4999999999992,190,1,0.08380690916525842
2,2479,91.05,119,0,0.08372310225609315
2,2480,131.14999999999844,247,0,0.08363937915383707
2,2481,134.34999999999923,183,0,0.08355573977468322
2,2482,133.59999999999906,198,0,0.08347218403490854
2,2483,132.8499999999989,213,0,0.08338871185087363
2,2484,135.79999999999956,154,0,0.08330532313902275
2,2485,318.3999999999994,162,1,0.08322201781588373
2,2486,134.29999999999922,184,0,0.08313879579806785
2,2487,134.84999999999934,173,0,0.08305565700226979
2,2488,325.8999999999992,192,1,0.08297260134526752
2,2489,136.0499999999996,149,0,0.08288962874392225
2,2490,134.29999999999922,184,0,0.08280673911517833
2,2491,319.9999999999992,190,1,0.08272393237606315
2,2492,134.14999999999912,187,0,0.0826412084436871
2,2493,128.4999999999979,300,0,0.08255856723524341
2,2494,135.69999999999948,156,0,0.08247600866800817
2,2495,125.14999999999709,367,0,0.08239353265934016
2,2496,134.19999999999914,186,0,0.08231113912668082
2,2497,322.9999999999992,190,1,0.08222882798755414
2,2498,325.9499999999992,191,1,0.08214659915956658
2,2499,133.94999999999914,191,0,0.08206445256040702
2,2500,131.1999999999985,246,0,0.08198238810784661
2,2501,318.49999999999943,160,1,0.08190040571973876
2,2502,133.39999999999895,202,0,0.08181850531401902
2,2503,324.4999999999992,190,1,0.081736686808705
2,2504,322.9999999999992,190,1,0.08165495012189629
2,2505,133.69999999999908,196,0,0.08157329517177439
2,2506,322.9999999999992,190,1,0.08149172187660261
2,2507,313.9499999999994,161,1,0.08141023015472601
2,2508,321.4499999999992,191,1,0.08132881992457128
2,2509,318.59999999999945,158,1,0.0812474911046467
2,2510,135.5499999999995,159,0,0.08116624361354205
2,2511,325.99999999999915,190,1,0.08108507736992851
2,2512,322.8499999999992,193,1,0.08100399229255859
2,2513,318.49999999999943,160,1,0.08092298830026602
2,2514,134.7999999999994,174,0,0.08084206531196575
2,2515,321.49999999999915,190,1,0.08076122324665379
2,2516,312.59999999999945,158,1,0.08068046202340713
2,2517,315.4999999999995,160,1,0.08059978156138373
2,2518,317.04999999999944,159,1,0.08051918177982234
2,2519,312.4499999999995,161,1,0.08043866259804251
2,2520,319.9499999999992,191,1,0.08035822393544446
2,2521,319.9999999999992,190,1,0.08027786571150902
2,2522,129.8499999999982,273,0,0.08019758784579752
2,2523,130.9499999999985,251,0,0.08011739025795171
2,2524,132.4999999999988,220,0,0.08003727286769376
2,2525,40.450000000000145,81,0,0.07995723559482606
2,2526,134.14999999999918,187,0,0.07987727835923124
2,2527,322.84999999999917,193,1,0.07979740108087201
2,2528,312.64999999999947,157,1,0.07971760367979114
2,2529,312.64999999999947,157,1,0.07963788607611134
2,2530,134.84999999999934,173,0,0.07955824819003524
2,2531,322.8999999999992,192,1,0.0794786899418452
2,2532,325.9999999999992,190,1,0.07939921125190336
2,2533,133.89999999999912,192,0,0.07931981204065146
2,2534,40.450000000000145,81,0,0.0792404922286108
2,2535,314.04999999999944,159,1,0.0791612517363822
2,2536,135.7999999999995,154,0,0.07908209048464582
2,2537,312.54999999999944,159,1,0.07900300839416118
2,2538,133.74999999999915,195,0,0.07892400538576702
2,2539,318.4999999999995,160,1,0.07884508138038125
2,2540,128.84999999999798,293,0,0.07876623629900087
2,2541,318.59999999999945,158,1,0.07868747006270187
2,2542,316.9999999999992,190,1,0.07860878259263916
2,2543,132.4999999999988,220,0,0.07853017381004652
2,2544,134.6999999999993,176,0,0.07845164363623648
2,2545,318.4999999999995,160,1,0.07837319199260025
2,2546,98.64999999999999,117,0,0.07829481880060765
2,2547,327.4999999999992,190,1,0.07821652398180705
2,2548,132.79999999999887,214,0,0.07813830745782524
2,2549,98.64999999999996,117,0,0.07806016915036741
2,2550,131.49999999999858,240,0,0.07798210898121705
2,2551,135.74999999999955,155,0,0.07790412687223583
2,2552,318.49999999999943,160,1,0.07782622274536359
2,2553,324.4999999999992,190,1,0.07774839652261822
2,2554,133.64999999999907,197,0,0.0776706481260956
2,2555,325.8999999999992,192,1,0.0775929774779695
2,2556,135.99999999999955,150,0,0.07751538450049153
2,2557,129.14999999999804,287,0,0.07743786911599104
2,2558,312.4499999999994,161,1,0.07736043124687506
2,2559,135.29999999999944,164,0,0.07728307081562819
2,2560,97.10000000000001,118,0,0.07720578774481256
2,2561,318.59999999999945,158,1,0.07712858195706775
2,2562,317.14999999999947,157,1,0.07705145337511068
2,2563,318.44999999999925,191,1,0.07697440192173557
2,2564,312.54999999999944,159,1,0.07689742751981384
2,2565,326.0999999999991,188,1,0.07682053009229402
2,2566,322.9499999999992,191,1,0.07674370956220172
2,2567,318.59999999999945,158,1,0.07666696585263952
2,2568,325.9999999999992,190,1,0.07659029888678688
2,2569,134.79999999999933,174,0,0.07651370858790009
2,2570,312.7499999999995,155,1,0.07643719487931219
2,2571,133.69999999999908,196,0,0.07636075768443289
2,2572,134.59999999999928,178,0,0.07628439692674846
2,2573,134.89999999999935,172,0,0.07620811252982171
2,2574,322.9999999999992,190,1,0.07613190441729188
2,2575,135.5499999999995,159,0,0.07605577251287458
2,2576,320.09999999999945,158,1,0.0759797167403617
2,2577,136.09999999999962,148,0,0.07590373702362134
2,2578,133.19999999999902,206,0,0.07582783328659772
2,2579,313.99999999999943,160,1,0.07575200545331112
2,2580,322.9499999999992,191,1,0.0756762534478578
2,2581,322.99999999999915,190,1,0.07560057719440995
2,2582,318.49999999999943,160,1,0.07552497661721554
2,2583,135.89999999999958,152,0,0.07544945164059833
2,2584,135.24999999999943,165,0,0.07537400218895772
2,2585,133.549999999999,199,0,0.07529862818676876
2,2586,325.94999999999925,191,1,0.07522332955858199
2,2587,134.84999999999934,173,0,0.0751481062290234
2,2588,321.4499999999992,191,1,0.07507295812279438
2,2589,312.6999999999995,156,1,0.07499788516467158
2,2590,127.94999999999776,311,0,0.07492288727950691
2,2591,318.49999999999943,160,1,0.0748479643922274
2,2592,132.34999999999877,223,0,0.07477311642783518
2,2593,134.1999999999992,186,0,0.07469834331140734
2,2594,312.4499999999995,161,1,0.07462364496809594
2,2595,131.84999999999872,233,0,0.07454902132312784
2,2596,325.8999999999992,192,1,0.0744744723018047
2,2597,325.9999999999992,190,1,0.0743999978295029
2,2598,321.4499999999992,191,1,0.0743255978316734
2,2599,125.1999999999971,366,0,0.07425127223384173
2,2600,312.3999999999994,162,1,0.07417702096160789
2,2601,316.9999999999995,160,1,0.07410284394064628
2,2602,132.8999999999989,212,0,0.07402874109670564
2,2603,312.49999999999943,160,1,0.07395471235560894
2,2604,134.2499999999992,185,0,0.07388075764325333
2,2605,129.14999999999804,287,0,0.07380687688561008
2,2606,322.9999999999992,190,1,0.07373307000872446
2,2607,318.49999999999943,160,1,0.07365933693871574
2,2608,325.9999999999992,190,1,0.07358567760177702
2,2609,135.3499999999995,163,0,0.07351209192417524
2,2610,325.8999999999992,192,1,0.07343857983225106
2,2611,318.24999999999943,165,1,0.07336514125241882
2,2612,133.7999999999991,194,0,0.0732917761111664
2,2613,319.9999999999992,190,1,0.07321848433505523
2,2614,321.34999999999917,193,1,0.07314526585072018
2,2615,132.0499999999987,229,0,0.07307212058486945
2,2616,325.9499999999992,191,1,0.07299904846428458
2,2617,312.6999999999995,156,1,0.0729260494158203
2,2618,135.69999999999953,156,0,0.07285312336640448
2,2619,134.94999999999936,171,0,0.07278027024303808
2,2620,134.99999999999937,170,0,0.07270748997279504
2,2621,134.99999999999937,170,0,0.07263478248282225
2,2622,133.79999999999916,194,0,0.07256214770033943
2,2623,38.950000000000145,81,0,0.0724895855526391
2,2624,131.8499999999986,233,0,0.07241709596708645
2,2625,132.2999999999987,224,0,0.07234467887111937
2,2626,319.9499999999992,191,1,0.07227233419224825
2,2627,318.4999999999995,160,1,0.07220006185805601
2,2628,321.2999999999994,164,1,0.07212786179619796
2,2629,321.49999999999926,190,1,0.07205573393440176
2,2630,133.99999999999915,190,0,0.07198367820046736
2,2631,38.950000000000145,81,0,0.0719116945222669
2,2632,134.04999999999916,189,0,0.07183978282774463
2,2633,322.94999999999925,191,1,0.07176794304491688
2,2634,121.74999999999638,435,0,0.07169617510187196
2,2635,325.99999999999915,190,1,0.07162447892677008
2,2636,130.44999999999834,261,0,0.07155285444784332
2,2637,325.9999999999992,190,1,0.07148130159339547
2,2638,321.4999999999992,190,1,0.07140982029180207
2,2639,312.64999999999947,157,1,0.07133841047151027
2,2640,133.24999999999898,205,0,0.07126707206103876
2,2641,135.19999999999942,166,0,0.07119580498897772
2,2642,98.64999999999999,117,0,0.07112460918398875
2,2643,316.99999999999943,160,1,0.07105348457480476
2,2644,318.54999999999944,159,1,0.07098243109022996
2,2645,324.4499999999992,191,1,0.07091144865913973
2,2646,131.04999999999848,249,0,0.07084053721048059
2,2647,40.450000000000145,81,0,0.0707696966732701
2,2648,318.54999999999944,159,1,0.07069892697659683
2,2649,134.74999999999932,175,0,0.07062822804962023
2,2650,156.69999999999948,156,0,0.0705575998215706
2,2651,133.14999999999895,207,0,0.07048704222174904
2,2652,127.44999999999762,321,0,0.07041655517952729
2,2653,134.39999999999924,182,0,0.07034613862434776
2,2654,134.14999999999918,187,0,0.07027579248572341
2,2655,322.8999999999992,192,1,0.07020551669323769
2,2656,325.99999999999915,190,1,0.07013531117654445
2,2657,133.399999999999,202,0,0.07006517586536791
2,2658,131.69999999999862,236,0,0.06999511068950254
2,2659,316.9999999999992,190,1,0.06992511557881304
2,2660,135.5999999999995,158,0,0.06985519046323423
2,2661,324.4999999999992,190,1,0.06978533527277099
2,2662,321.4499999999992,191,1,0.06971554993749822
2,2663,322.9999999999992,190,1,0.06964583438756072
2,2664,133.399999999999,202,0,0.06957618855317316
2,2665,321.44999999999925,191,1,0.06950661236461998
2,2666,155.09999999999945,158,0,0.06943710575225537
2,2667,312.34999999999945,163,1,0.06936766864650311
2,2668,133.24999999999898,205,0,0.06929830097785661
2,2669,128.29999999999785,304,0,0.06922900267687875
2,2670,321.4999999999992,190,1,0.06915977367420187
2,2671,315.4499999999995,161,1,0.06909061390052766
2,2672,312.49999999999943,160,1,0.06902152328662714
2,2673,124.54999999999698,379,0,0.06895250176334052
2,2674,321.4999999999992,190,1,0.06888354926157718
2,2675,321.4999999999992,190,1,0.0688146657123156
2,2676,134.04999999999916,189,0,0.06874585104660329
2,2677,126.29999999999741,344,0,0.06867710519555668
2,2678,325.9999999999992,190,1,0.06860842809036113
2,2679,133.89999999999912,192,0,0.06853981966227077
2,2680,128.899999999998,292,0,0.06847127984260849
2,2681,131.49999999999852,240,0,0.06840280856276588
2,2682,318.4499999999995,161,1,0.06833440575420312
2,2683,312.54999999999944,159,1,0.06826607134844892
2,2684,325.94999999999925,191,1,0.06819780527710047
2,2685,131.79999999999865,234,0,0.06812960747182337
2,2686,133.99999999999915,190,0,0.06806147786435154
2,2687,318.4999999999995,160,1,0.06799341638648719
2,2688,134.74999999999932,175,0,0.06792542297010071
2,2689,318.49999999999943,160,1,0.06785749754713061
2,2690,322.9999999999992,190,1,0.06778964004958347
2,2691,127.84999999999776,313,0,0.06772185040953389
2,2692,123.84999999999688,393,0,0.06765412855912437
2,2693,312.2999999999994,164,1,0.06758647443056524
2,2694,133.44999999999902,201,0,0.06751888795613468
2,2695,318.59999999999945,158,1,0.06745136906817856
2,2696,134.6499999999993,177,0,0.06738391769911038
2,2697,134.59999999999928,178,0,0.06731653378141127
2,2698,131.5499999999986,239,0,0.06724921724762986
2,2699,312.54999999999944,159,1,0.06718196803038223
2,2700,325.9499999999992,191,1,0.06711478606235186
2,2701,315.4999999999995,160,1,0.06704767127628951
2,2702,313.9999999999995,160,1,0.06698062360501322
2,2703,129.49999999999818,280,0,0.06691364298140821
2,2704,316.9999999999995,160,1,0.06684672933842681
2,2705,134.6999999999993,176,0,0.06677988260908838
2,2706,322.99999999999926,190,1,0.06671310272647929
2,2707,318.49999999999943,160,1,0.06664638962375281
2,2708,312.49999999999943,160,1,0.06657974323412906
2,2709,132.14999999999873,227,0,0.06651316349089494
2,2710,130.2999999999983,264,0,0.06644665032740404
2,2711,131.1999999999985,246,0,0.06638020367707664
2,2712,132.14999999999873,227,0,0.06631382347339956
2,2713,135.3999999999994,162,0,0.06624750964992616
2,2714,132.4999999999988,220,0,0.06618126214027624
2,2715,132.4999999999988,220,0,0.06611508087813596
2,2716,321.4999999999992,190,1,0.06604896579725783
2,2717,135.29999999999944,164,0,0.06598291683146057
2,2718,134.39999999999924,182,0,0.0659169339146291
2,2719,135.2999999999995,164,0,0.06585101698071448
2,2720,123.39999999999675,402,0,0.06578516596373377
2,2721,325.9999999999992,190,1,0.06571938079777004
2,2722,128.84999999999798,293,0,0.06565366141697226
2,2723,312.4499999999994,161,1,0.06558800775555529
2,2724,129.8499999999982,273,0,0.06552241974779974
2,2725,134.39999999999918,182,0,0.06545689732805193
2,2726,322.7999999999994,164,1,0.06539144043072388
2,2727,131.1499999999985,247,0,0.06532604899029316
2,2728,318.49999999999943,160,1,0.06526072294130288
2,2729,134.79999999999933,174,0,0.06519546221836157
2,2730,133.19999999999897,206,0,0.06513026675614321
2,2731,129.54999999999814,279,0,0.06506513648938707
2,2732,325.9999999999992,190,1,0.06500007135289768
2,2733,325.9999999999992,190,1,0.06493507128154478
2,2734,132.04999999999865,229,0,0.06487013621026325
2,2735,312.4499999999994,161,1,0.06480526607405299
2,2736,315.4999999999995,160,1,0.06474046080797893
2,2737,316.9499999999992,191,1,0.06467572034717095
2,2738,325.9999999999992,190,1,0.06461104462682378
2,2739,322.9999999999992,190,1,0.06454643358219696
2,2740,312.59999999999945,158,1,0.06448188714861476
2,2741,318.54999999999944,159,1,0.06441740526146615
2,2742,312.2999999999994,164,1,0.06435298785620469
2,2743,132.79999999999887,214,0,0.06428863486834849
2,2744,312.34999999999945,163,1,0.06422434623348014
2,2745,98.60000000000001,118,0,0.06416012188724667
2,2746,318.4499999999994,161,1,0.06409596176535942
2,2747,135.4999999999995,160,0,0.06403186580359406
2,2748,312.54999999999944,159,1,0.06396783393779047
2,2749,124.64999999999701,377,0,0.06390386610385268
2,2750,122.54999999999656,419,0,0.06383996223774882
2,2751,40.450000000000145,81,0,0.06377612227551108
2,2752,131.29999999999853,244,0,0.06371234615323557
2,2753,133.04999999999893,209,0,0.06364863380708233
2,2754,133.24999999999898,205,0,0.06358498517327525
2,2755,136.14999999999964,147,0,0.06352140018810197
2,2756,156.69999999999948,156,0,0.06345787878791387
2,2757,133.09999999999894,208,0,0.06339442090912595
2,2758,133.349999999999,203,0,0.06333102648821683
2,2759,38.950000000000145,81,0,0.06326769546172861
2,2760,316.9499999999995,161,1,0.06320442776626688
2,2761,316.99999999999943,160,1,0.06314122333850061
2,2762,312.7499999999995,155,1,0.06307808211516211
2,2763,132.99999999999886,210,0,0.06301500403304695
2,2764,316.9999999999995,160,1,0.0629519890290139
2,2765,130.4999999999983,260,0,0.06288903703998489
2,2766,317.04999999999944,159,1,0.0628261480029449
2,2767,126.14999999999735,347,0,0.06276332185494196
2,2768,322.7999999999994,164,1,0.06270055853308702
2,2769,134.14999999999918,187,0,0.06263785797455393
2,2770,131.34999999999854,243,0,0.06257522011657937
2,2771,133.24999999999898,205,0,0.0625126448964628
2,2772,322.9999999999992,190,1,0.062450132251566336
2,2773,135.1499999999994,167,0,0.062387682119314766
2,2774,130.79999999999842,254,0,0.06232529443719545
2,2775,129.59999999999815,278,0,0.06226296914275825
2,2776,325.9499999999992,191,1,0.06220070617361549
2,2777,318.64999999999947,157,1,0.062138505467441874
2,2778,312.59999999999945,158,1,0.06207636696197443
2,2779,325.9999999999992,190,1,0.062014290595012456
2,2780,312.4999999999995,160,1,0.06195227630441744
2,2781,317.04999999999944,159,1,0.06189032402811302
2,2782,318.6999999999995,156,1,0.06182843370408491
2,2783,135.24999999999943,165,0,0.061766605270380824
2,2784,156.7499999999995,155,0,0.061704838665110444
2,2785,312.64999999999947,157,1,0.06164313382644533
2,2786,130.14999999999827,267,0,0.06158149069261889
2,2787,134.44999999999925,181,0,0.06151990920192627
2,2788,134.99999999999937,170,0,0.06145838929272435
2,2789,313.9999999999995,160,1,0.061396930903431624
2,2790,318.54999999999944,159,1,0.061335533972528195
2,2791,325.99999999999915,190,1,0.061274198438555666
2,2792,325.9999999999992,190,1,0.06121292424011711
2,2793,316.9499999999995,161,1,0.06115171131587699
2,2794,318.49999999999943,160,1,0.06109055960456111
2,2795,134.99999999999937,170,0,0.06102946904495655
2,2796,312.64999999999947,157,1,0.06096843957591159
2,2797,134.6499999999993,177,0,0.06090747113633568
2,2798,129.39999999999804,282,0,0.06084656366519934
2,2799,314.04999999999944,159,1,0.06078571710153414
2,2800,135.19999999999936,166,0,0.06072493138443261
2,2801,318.59999999999945,158,1,0.060664206453048174
2,2802,321.4499999999992,191,1,0.06060354224659512
2,2803,125.59999999999722,358,0,0.06054293870434853
2,2804,318.4999999999995,160,1,0.06048239576564418
2,2805,318.59999999999945,158,1,0.06042191336987854
2,2806,312.54999999999944,159,1,0.06036149145650866
2,2807,133.7499999999991,195,0,0.06030112996505215
2,2808,318.54999999999944,159,1,0.0602408288350871
2,2809,320.04999999999944,159,1,0.06018058800625201
2,2810,322.9999999999992,190,1,0.06012040741824576
2,2811,132.7499999999988,215,0,0.06006028701082751
2,2812,312.64999999999947,157,1,0.060000226723816684
2,2813,133.1999999999989,206,0,0.059940226497092866
2,2814,134.14999999999918,187,0,0.05988028627059577
2,2815,315.54999999999944,159,1,0.05982040598432518
2,2816,313.8999999999994,162,1,0.05976058557834085
2,2817,317.04999999999944,159,1,0.05970082499276251
2,2818,324.4999999999992,190,1,0.059641124167769746
2,2819,134.6999999999993,176,0,0.059581483043601974
2,2820,316.99999999999943,160,1,0.05952190156055837
2,2821,321.4999999999992,190,1,0.05946237965899782
2,2822,318.4499999999995,161,1,0.05940291727933882
2,2823,315.64999999999947,157,1,0.05934351436205949
2,2824,312.54999999999944,159,1,0.05928417084769743
2,2825,132.79999999999887,214,0,0.05922488667684973
2,2826,132.79999999999887,214,0,0.05916566179017289
2,2827,315.64999999999947,157,1,0.059106496128382716
2,2828,312.49999999999943,160,1,0.05904738963225433
2,2829,325.9999999999992,190,1,0.058988342242622074
2,2830,315.6999999999995,156,1,0.058929353900379455
2,2831,312.64999999999947,157,1,0.058870424546479075
2,2832,133.09999999999894,208,0,0.0588115541219326
2,2833,318.4499999999994,161,1,0.05875274256781066
2,2834,315.4999999999992,190,1,0.058693989825242855
2,2835,155.29999999999956,154,0,0.058635295835417614
2,2836,132.99999999999892,210,0,0.058576660539582194
2,2837,135.84999999999957,153,0,0.058518083879042615
2,2838,131.24999999999852,245,0,0.05845956579516357
2,2839,317.09999999999945,158,1,0.05840110622936841
2,2840,130.49999999999835,260,0,0.05834270512313904
2,2841,126.7999999999975,334,0,0.058284362418015906
2,2842,318.4999999999995,160,1,0.05822607805559789
2,2843,135.29999999999944,164,0,0.05816785197754229
2,2844,322.9999999999992,190,1,0.05810968412556475
2,2845,128.84999999999798,293,0,0.058051574441439185
2,2846,313.89999999999947,162,1,0.05799352286699774
2,2847,317.04999999999944,159,1,0.057935529344130744
2,2848,134.09999999999923,188,0,0.05787759381478661
2,2849,318.4999999999995,160,1,0.057819716220971824
2,2850,317.04999999999944,159,1,0.05776189650475085
2,2851,318.59999999999945,158,1,0.0577041346082461
2,2852,131.69999999999862,236,0,0.05764643047363786
2,2853,132.4999999999988,220,0,0.05758878404316422
2,2854,312.49999999999943,160,1,0.05753119525912106
2,2855,126.94999999999756,331,0,0.05747366406386194
2,2856,325.99999999999915,190,1,0.057416190399798075
2,2857,125.59999999999722,358,0,0.05735877420939828
2,2858,316.99999999999943,160,1,0.05730141543518888
2,2859,312.54999999999944,159,1,0.05724411401975369
2,2860,133.8499999999991,193,0,0.057186869905733934
2,2861,312.49999999999943,160,1,0.0571296830358282
2,2862,318.59999999999945,158,1,0.05707255335279238
2,2863,133.49999999999903,200,0,0.057015480799439584
2,2864,312.4499999999994,161,1,0.05695846531864014
2,2865,314.1999999999995,156,1,0.0569015068533215
2,2866,132.64999999999884,217,0,0.05684460534646818
2,2867,322.9499999999992,191,1,0.05678776074112171
2,2868,126.04999999999735,349,0,0.056730972980380594
2,2869,321.4999999999992,190,1,0.05667424200740021
2,2870,129.04999999999802,289,0,0.05661756776539281
2,2871,316.99999999999943,160,1,0.05656095019762742
2,2872,133.8499999999991,193,0,0.056504389247429794
2,2873,132.79999999999887,214,0,0.05644788485818236
2,2874,133.94999999999914,191,0,0.05639143697332418
2,2875,318.59999999999945,158,1,0.05633504553635086
2,2876,131.54999999999853,239,0,0.05627871049081451
2,2877,318.59999999999945,158,1,0.0562224317803237
2,2878,318.59999999999945,158,1,0.056166209348543376
2,2879,331.9999999999992,190,1,0.056110043139194835
2,2880,135.89999999999952,152,0,0.05605393309605564
2,2881,318.59999999999945,158,1,0.055997879162959584
2,2882,322.9499999999994,161,1,0.055941881283796624
2,2883,128.34999999999786,303,0,0.055885939402512824
2,2884,325.99999999999915,190,1,0.05583005346311031
2,2885,318.54999999999944,159,1,0.0557742234096472
2,2886,134.4999999999992,180,0,0.055718449186237556
2,2887,131.0999999999985,248,0,0.055662730737051316
2,2888,318.64999999999947,157,1,0.055607068006314264
2,2889,328.9999999999992,190,1,0.05555146093830795
2,2890,124.0499999999969,389,0,0.05549590947736964
2,2891,135.84999999999957,153,0,0.05544041356789227
2,2892,312.7499999999995,155,1,0.05538497315432438
2,2893,135.89999999999958,152,0,0.05532958818117005
2,2894,319.99999999999943,160,1,0.05527425859298888
2,2895,133.8499999999991,193,0,0.05521898433439589
2,2896,318.49999999999943,160,1,0.0551637653500615
2,2897,312.3999999999994,162,1,0.05510860158471143
2,2898,135.89999999999958,152,0,0.05505349298312672
2,2899,131.09999999999854,248,0,0.054998439490143596
2,2900,318.4499999999994,161,1,0.05494344105065345
2,2901,129.19999999999806,286,0,0.05488849760960279
2,2902,312.4499999999995,161,1,0.05483360911199319
2,2903,317.1999999999995,156,1,0.0547787755028812
2,2904,318.54999999999944,159,1,0.054723996727378314
2,2905,318.4499999999992,191,1,0.054669272730650934
2,2906,313.99999999999943,160,1,0.05461460345792028
2,2907,130.2999999999983,264,0,0.054559988854462366
2,2908,133.54999999999905,199,0,0.054505428865607906
2,2909,132.14999999999873,227,0,0.0544509234367423
2,2910,125.19999999999713,366,0,0.05439647251330556
2,2911,321.3999999999992,192,1,0.054342076040792255
2,2912,132.79999999999882,214,0,0.054287733964751464
2,2913,134.6499999999993,177,0,0.054233446230786714
2,2914,126.2499999999974,345,0,0.054179212784555925
2,2915,318.49999999999943,160,1,0.05412503357177137
2,2916,318.64999999999947,157,1,0.0540709085381996
2,2917,314.09999999999945,158,1,0.0540168376296614
2,2918,318.39999999999947,162,1,0.053962820792031733
2,2919,132.59999999999883,218,0,0.053908857971239704
2,2920,316.9999999999995,160,1,0.05385494911326846
2,2921,131.29999999999853,244,0,0.0538010941641552
2,2922,318.4999999999995,160,1,0.05374729306999104
2,2923,129.8499999999982,273,0,0.05369354577692105
2,2924,319.8999999999994,162,1,0.053639852231144126
2,2925,317.14999999999947,157,1,0.053586212378912985
2,2926,134.84999999999934,173,0,0.05353262616653407
2,2927,318.4999999999995,160,1,0.053479093540367534
2,2928,315.64999999999947,157,1,0.05342561444682717
2,2929,318.54999999999944,159,1,0.05337218883238034
2,2930,134.44999999999925,181,0,0.053318816643547956
2,2931,315.54999999999944,159,1,0.05326549782690441
2,2932,317.09999999999945,158,1,0.053212232329077506
2,2933,312.64999999999947,157,1,0.05315902009674843
2,2934,125.64999999999723,357,0,0.05310586107665168
2,2935,120.99999999999615,450,0,0.05305275521557503
2,2936,128.79999999999797,294,0,0.052999702460359455
2,2937,318.59999999999945,158,1,0.052946702757899096
2,2938,318.49999999999943,160,1,0.0528937560551412
2,2939,318.54999999999944,159,1,0.05284086229908606
2,2940,318.64999999999947,157,1,0.05278802143678697
2,2941,129.69999999999817,276,0,0.052735233415350184
2,2942,155.2499999999995,155,0,0.052682498181934836
2,2943,313.9499999999994,161,1,0.052629815683752905
2,2944,312.7499999999995,155,1,0.05257718586806915
2,2945,130.89999999999839,252,0,0.05252460868220108
2,2946,313.9999999999995,160,1,0.05247208407351888
2,2947,317.09999999999945,158,1,0.052419611989445364
2,2948,319.99999999999915,190,1,0.05236719237745592
2,2949,318.4999999999995,160,1,0.05231482518507846
2,2950,325.99999999999915,190,1,0.052262510359893384
2,2951,316.99999999999915,190,1,0.05221024784953349
2,2952,312.54999999999944,159,1,0.05215803760168396
2,2953,318.54999999999944,159,1,0.052105879564082275
2,2954,312.49999999999943,160,1,0.05205377368451819
2,2955,317.14999999999947,157,1,0.052001719910833674
2,2956,318.64999999999947,157,1,0.05194971819092284
2,2957,318.6999999999995,156,1,0.05189776847273191
2,2958,133.44999999999897,201,0,0.05184587070425918
2,2959,325.9999999999992,190,1,0.05179402483355492
2,2960,312.6499999999995,157,1,0.05174223080872137
2,2961,318.59999999999945,158,1,0.05169048857791265
2,2962,325.9499999999992,191,1,0.051638798089334734
2,2963,135.9999999999996,150,0,0.051587159291245396
2,2964,318.6999999999995,156,1,0.05153557213195415
2,2965,132.34999999999877,223,0,0.0514840365598222
2,2966,312.34999999999945,163,1,0.05143255252326238
2,2967,318.54999999999944,159,1,0.05138111997073912
2,2968,318.54999999999944,159,1,0.05132973885076838
2,2969,131.29999999999853,244,0,0.05127840911191761
2,2970,312.39999999999947,162,1,0.05122713070280569
2,2971,132.4499999999988,221,0,0.05117590357210289
2,2972,325.9999999999992,190,1,0.05112472766853079
2,2973,322.9999999999992,190,1,0.05107360294086226
2,2974,318.4999999999995,160,1,0.051022529337921396
2,2975,128.5499999999979,299,0,0.05097150680858348
2,2976,325.9999999999992,190,1,0.05092053530177489
2,2977,131.5499999999986,239,0,0.050869614766473115
2,2978,313.99999999999943,160,1,0.05081874515170664
2,2979,312.7999999999995,154,1,0.050767926406554933
2,2980,312.4499999999995,161,1,0.05071715848014838
2,2981,321.24999999999943,165,1,0.050666441321668226
2,2982,133.54999999999905,199,0,0.050615774880346555
2,2983,312.54999999999944,159,1,0.05056515910546621
2,2984,321.3999999999994,162,1,0.05051459394636074
2,2985,318.54999999999944,159,1,0.050464079352414384
2,2986,312.49999999999943,160,1,0.05041361527306197
2,2987,128.24999999999784,305,0,0.05036320165778891
2,2988,135.0499999999994,169,0,0.05031283845613112
2,2989,128.84999999999798,293,0,0.05026252561767499
2,2990,135.44999999999948,161,0,0.05021226309205731
2,2991,318.49999999999943,160,1,0.05016205082896526
2,2992,312.3999999999994,162,1,0.05011188877813629
2,2993,131.9999999999987,230,0,0.05006177688935816
2,2994,315.54999999999944,159,1,0.0500117151124688
2,2995,312.54999999999944,159,1,0.04996170339735633
2,2996,131.44999999999857,241,0,0.04996170339735633
2,2997,133.14999999999895,207,0,0.04996170339735633
2,2998,317.09999999999945,158,1,0.04996170339735633
2,2999,312.4499999999995,161,1,0.04996170339735633
2,3000,318.49999999999943,160,1,0.04996170339735633
2,3001,135.4999999999995,160,0,0.04996170339735633
2,3002,317.1999999999995,156,1,0.04996170339735633
2,3003,133.549999999999,199,0,0.04996170339735633
2,3004,149.2999999999995,154,0,0.04996170339735633
2,3005,136.19999999999965,146,0,0.04996170339735633
2,3006,318.59999999999945,158,1,0.04996170339735633
2,3007,312.64999999999947,157,1,0.04996170339735633
2,3008,314.14999999999947,157,1,0.04996170339735633
2,3009,132.59999999999883,218,0,0.04996170339735633
2,3010,134.14999999999918,187,0,0.04996170339735633
2,3011,318.64999999999947,157,1,0.04996170339735633
2,3012,317.09999999999945,158,1,0.04996170339735633
2,3013,312.4499999999994,161,1,0.04996170339735633
2,3014,318.49999999999943,160,1,0.04996170339735633
2,3015,132.8999999999989,212,0,0.04996170339735633
2,3016,312.59999999999945,158,1,0.04996170339735633
2,3017,317.04999999999944,159,1,0.04996170339735633
2,3018,129.7999999999982,274,0,0.04996170339735633
2,3019,320.04999999999944,159,1,0.04996170339735633
2,3020,129.09999999999803,288,0,0.04996170339735633
2,3021,133.7499999999991,195,0,0.04996170339735633
2,3022,312.4499999999994,161,1,0.04996170339735633
2,3023,131.24999999999852,245,0,0.04996170339735633
2,3024,318.4999999999995,160,1,0.04996170339735633
2,3025,132.4999999999988,220,0,0.04996170339735633
2,3026,132.8499999999989,213,0,0.04996170339735633
2,3027,312.54999999999944,159,1,0.04996170339735633
2,3028,130.99999999999847,250,0,0.04996170339735633
2,3029,312.4499999999994,161,1,0.04996170339735633
2,3030,317.04999999999944,159,1,0.04996170339735633
2,3031,321.34999999999917,193,1,0.04996170339735633
2,3032,133.44999999999902,201,0,0.04996170339735633
2,3033,135.64999999999952,157,0,0.04996170339735633
2,3034,133.24999999999898,205,0,0.04996170339735633
2,3035,312.7499999999995,155,1,0.04996170339735633
2,3036,318.59999999999945,158,1,0.04996170339735633
2,3037,135.3499999999994,163,0,0.04996170339735633
2,3038,318.59999999999945,158,1,0.04996170339735633
2,3039,119.04999999999573,489,0,0.04996170339735633
2,3040,134.2499999999992,185,0,0.04996170339735633
2,3041,134.99999999999937,170,0,0.04996170339735633
2,3042,133.99999999999915,190,0,0.04996170339735633
2,3043,318.4999999999995,160,1,0.04996170339735633
2,3044,132.79999999999887,214,0,0.04996170339735633
2,3045,318.49999999999943,160,1,0.04996170339735633
2,3046,133.24999999999898,205,0,0.04996170339735633
2,3047,133.9499999999992,191,0,0.04996170339735633
2,3048,318.4999999999995,160,1,0.04996170339735633
2,3049,317.04999999999944,159,1,0.04996170339735633
2,3050,133.8499999999991,193,0,0.04996170339735633
2,3051,131.29999999999853,244,0,0.04996170339735633
2,3052,131.49999999999858,240,0,0.04996170339735633
2,3053,129.19999999999806,286,0,0.04996170339735633
2,3054,122.04999999999647,429,0,0.04996170339735633
2,3055,325.99999999999915,190,1,0.04996170339735633
2,3056,127.29999999999761,324,0,0.04996170339735633
2,3057,132.49999999999875,220,0,0.04996170339735633
2,3058,315.64999999999947,157,1,0.04996170339735633
2,3059,132.4499999999988,221,0,0.04996170339735633
2,3060,318.59999999999945,158,1,0.04996170339735633
2,3061,130.89999999999839,252,0,0.04996170339735633
2,3062,312.49999999999943,160,1,0.04996170339735633
2,3063,134.1999999999992,186,0,0.04996170339735633
2,3064,318.54999999999944,159,1,0.04996170339735633
2,3065,312.59999999999945,158,1,0.04996170339735633
2,3066,133.44999999999897,201,0,0.04996170339735633
2,3067,318.49999999999943,160,1,0.04996170339735633
2,3068,318.4999999999995,160,1,0.04996170339735633
2,3069,127.89999999999775,312,0,0.04996170339735633
2,3070,318.54999999999944,159,1,0.04996170339735633
2,3071,130.29999999999825,264,0,0.04996170339735633
2,3072,131.94999999999868,231,0,0.04996170339735633
2,3073,135.39999999999947,162,0,0.04996170339735633
2,3074,135.19999999999942,166,0,0.04996170339735633
2,3075,318.4999999999995,160,1,0.04996170339735633
2,3076,312.29999999999944,164,1,0.04996170339735633
2,3077,131.1499999999985,247,0,0.04996170339735633
2,3078,129.89999999999816,272,0,0.04996170339735633
2,3079,318.59999999999945,158,1,0.04996170339735633
2,3080,134.54999999999927,179,0,0.04996170339735633
2,3081,135.74999999999955,155,0,0.04996170339735633
2,3082,317.14999999999947,157,1,0.04996170339735633
2,3083,318.49999999999943,160,1,0.04996170339735633
2,3084,312.54999999999944,159,1,0.04996170339735633
2,3085,318.4999999999995,160,1,0.04996170339735633
2,3086,318.54999999999944,159,1,0.04996170339735633
2,3087,132.29999999999876,224,0,0.04996170339735633
2,3088,315.54999999999944,159,1,0.04996170339735633
2,3089,131.49999999999858,240,0,0.04996170339735633
2,3090,318.64999999999947,157,1,0.04996170339735633
2,3091,132.24999999999875,225,0,0.04996170339735633
2,3092,318.64999999999947,157,1,0.04996170339735633
2,3093,318.4999999999995,160,1,0.04996170339735633
2,3094,317.04999999999944,159,1,0.04996170339735633
2,3095,314.14999999999947,157,1,0.04996170339735633
2,3096,129.94999999999823,271,0,0.04996170339735633
2,3097,134.89999999999935,172,0,0.04996170339735633
2,3098,312.5999999999995,158,1,0.04996170339735633
2,3099,318.6999999999995,156,1,0.04996170339735633
2,3100,318.4999999999995,160,1,0.04996170339735633
2,3101,134.34999999999923,183,0,0.04996170339735633
2,3102,121.79999999999636,434,0,0.04996170339735633
2,3103,318.64999999999947,157,1,0.04996170339735633
2,3104,131.54999999999865,239,0,0.04996170339735633
2,3105,132.54999999999882,219,0,0.04996170339735633
2,3106,318.64999999999947,157,1,0.04996170339735633
2,3107,134.39999999999924,182,0,0.04996170339735633
2,3108,132.4499999999988,221,0,0.04996170339735633
2,3109,318.54999999999944,159,1,0.04996170339735633
2,3110,318.54999999999944,159,1,0.04996170339735633
2,3111,317.04999999999944,159,1,0.04996170339735633
2,3112,133.64999999999907,197,0,0.04996170339735633
2,3113,317.04999999999944,159,1,0.04996170339735633
2,3114,317.09999999999945,158,1,0.04996170339735633
2,3115,318.3999999999994,162,1,0.04996170339735633
2,3116,312.59999999999945,158,1,0.04996170339735633
2,3117,312.3999999999994,162,1,0.04996170339735633
2,3118,312.2999999999994,164,1,0.04996170339735633
2,3119,312.49999999999943,160,1,0.04996170339735633
2,3120,316.9999999999995,160,1,0.04996170339735633
2,3121,313.9999999999995,160,1,0.04996170339735633
2,3122,318.59999999999945,158,1,0.04996170339735633
2,3123,131.14999999999856,247,0,0.04996170339735633
2,3124,314.1999999999995,156,1,0.04996170339735633
2,3125,318.59999999999945,158,1,0.04996170339735633
2,3126,132.2999999999987,224,0,0.04996170339735633
2,3127,314.09999999999945,158,1,0.04996170339735633
2,3128,133.54999999999905,199,0,0.04996170339735633
2,3129,318.4499999999994,161,1,0.04996170339735633
2,3130,325.9999999999992,190,1,0.04996170339735633
2,3131,318.4999999999995,160,1,0.04996170339735633
2,3132,318.4999999999995,160,1,0.04996170339735633
2,3133,318.59999999999945,158,1,0.04996170339735633
2,3134,121.69999999999634,436,0,0.04996170339735633
2,3135,321.4999999999992,190,1,0.04996170339735633
2,3136,316.9999999999995,160,1,0.04996170339735633
2,3137,318.6999999999995,156,1,0.04996170339735633
2,3138,316.8999999999994,162,1,0.04996170339735633
2,3139,135.3999999999994,162,0,0.04996170339735633
2,3140,312.54999999999944,159,1,0.04996170339735633
2,3141,312.64999999999947,157,1,0.04996170339735633
2,3142,312.64999999999947,157,1,0.04996170339735633
2,3143,122.64999999999658,417,0,0.04996170339735633
2,3144,312.6999999999995,156,1,0.04996170339735633
2,3145,318.39999999999947,162,1,0.04996170339735633
2,3146,318.4999999999995,160,1,0.04996170339735633
2,3147,317.14999999999947,157,1,0.04996170339735633
2,3148,135.34999999999945,163,0,0.04996170339735633
2,3149,317.09999999999945,158,1,0.04996170339735633
2,3150,314.04999999999944,159,1,0.04996170339735633
2,3151,318.49999999999943,160,1,0.04996170339735633
2,3152,318.4999999999995,160,1,0.04996170339735633
2,3153,312.59999999999945,158,1,0.04996170339735633
2,3154,130.39999999999827,262,0,0.04996170339735633
2,3155,316.9499999999995,161,1,0.04996170339735633
2,3156,317.04999999999944,159,1,0.04996170339735633
2,3157,325.9999999999992,190,1,0.04996170339735633
2,3158,322.9999999999992,190,1,0.04996170339735633
2,3159,318.64999999999947,157,1,0.04996170339735633
2,3160,131.04999999999848,249,0,0.04996170339735633
2,3161,156.74999999999955,155,0,0.04996170339735633
2,3162,128.69999999999794,296,0,0.04996170339735633
2,3163,132.8999999999989,212,0,0.04996170339735633
2,3164,312.59999999999945,158,1,0.04996170339735633
2,3165,132.44999999999885,221,0,0.04996170339735633
2,3166,125.59999999999722,358,0,0.04996170339735633
2,3167,152.09999999999945,158,0,0.04996170339735633
2,3168,125.9499999999973,351,0,0.04996170339735633
2,3169,312.59999999999945,158,1,0.04996170339735633
2,3170,318.4499999999995,161,1,0.04996170339735633
2,3171,316.9999999999995,160,1,0.04996170339735633
2,3172,312.3999999999994,162,1,0.04996170339735633
2,3173,318.59999999999945,158,1,0.04996170339735633
2,3174,325.9999999999992,190,1,0.04996170339735633
2,3175,318.59999999999945,158,1,0.04996170339735633
2,3176,131.69999999999857,236,0,0.04996170339735633
2,3177,131.84999999999866,233,0,0.04996170339735633
2,3178,132.8999999999989,212,0,0.04996170339735633
2,3179,318.4999999999995,160,1,0.04996170339735633
2,3180,318.54999999999944,159,1,0.04996170339735633
2,3181,98.64999999999999,117,0,0.04996170339735633
2,3182,318.59999999999945,158,1,0.04996170339735633
2,3183,129.89999999999822,272,0,0.04996170339735633
2,3184,318.6999999999995,156,1,0.04996170339735633
2,3185,318.4499999999995,161,1,0.04996170339735633
2,3186,318.54999999999944,159,1,0.04996170339735633
2,3187,129.49999999999812,280,0,0.04996170339735633
2,3188,133.24999999999898,205,0,0.04996170339735633
2,3189,127.2499999999976,325,0,0.04996170339735633
2,3190,317.1999999999995,156,1,0.04996170339735633
2,3191,312.59999999999945,158,1,0.04996170339735633
2,3192,318.54999999999944,159,1,0.04996170339735633
2,3193,312.34999999999945,163,1,0.04996170339735633
2,3194,321.4999999999992,190,1,0.04996170339735633
2,3195,318.54999999999944,159,1,0.04996170339735633
2,3196,318.54999999999944,159,1,0.04996170339735633
2,3197,318.54999999999944,159,1,0.04996170339735633
2,3198,318.49999999999943,160,1,0.04996170339735633
2,3199,312.54999999999944,159,1,0.04996170339735633
2,3200,135.44999999999948,161,0,0.04996170339735633
2,3201,134.54999999999922,179,0,0.04996170339735633
2,3202,325.9999999999992,190,1,0.04996170339735633
2,3203,312.39999999999947,162,1,0.04996170339735633
2,3204,325.9999999999992,190,1,0.04996170339735633
2,3205,134.14999999999918,187,0,0.04996170339735633
2,3206,130.09999999999826,268,0,0.04996170339735633
2,3207,135.4999999999995,160,0,0.04996170339735633
2,3208,312.64999999999947,157,1,0.04996170339735633
2,3209,133.29999999999893,204,0,0.04996170339735633
2,3210,312.54999999999944,159,1,0.04996170339735633
2,3211,129.89999999999816,272,0,0.04996170339735633
2,3212,317.1999999999995,156,1,0.04996170339735633
2,3213,135.19999999999936,166,0,0.04996170339735633
2,3214,318.49999999999943,160,1,0.04996170339735633
2,3215,131.1999999999985,246,0,0.04996170339735633
2,3216,132.39999999999878,222,0,0.04996170339735633
2,3217,325.9499999999992,191,1,0.04996170339735633
2,3218,318.4499999999995,161,1,0.04996170339735633
2,3219,131.69999999999862,236,0,0.04996170339735633
2,3220,126.94999999999753,331,0,0.04996170339735633
2,3221,134.39999999999924,182,0,0.04996170339735633
2,3222,318.64999999999947,157,1,0.04996170339735633
2,3223,318.59999999999945,158,1,0.04996170339735633
2,3224,126.44999999999742,341,0,0.04996170339735633
2,3225,322.79999999999944,164,1,0.04996170339735633
2,3226,318.4999999999995,160,1,0.04996170339735633
2,3227,123.1999999999967,406,0,0.04996170339735633
2,3228,318.49999999999943,160,1,0.04996170339735633
2,3229,134.74999999999932,175,0,0.04996170339735633
2,3230,318.59999999999945,158,1,0.04996170339735633
2,3231,316.99999999999943,160,1,0.04996170339735633
2,3232,134.1999999999992,186,0,0.04996170339735633
2,3233,316.9999999999995,160,1,0.04996170339735633
2,3234,312.49999999999943,160,1,0.04996170339735633
2,3235,312.54999999999944,159,1,0.04996170339735633
2,3236,318.59999999999945,158,1,0.04996170339735633
2,3237,318.6999999999995,156,1,0.04996170339735633
2,3238,317.04999999999944,159,1,0.04996170339735633
2,3239,318.4999999999995,160,1,0.04996170339735633
2,3240,325.9999999999992,190,1,0.04996170339735633
2,3241,318.4999999999995,160,1,0.04996170339735633
2,3242,312.6999999999995,156,1,0.04996170339735633
2,3243,131.24999999999847,245,0,0.04996170339735633
2,3244,315.64999999999947,157,1,0.04996170339735633
2,3245,313.9999999999995,160,1,0.04996170339735633
2,3246,132.19999999999874,226,0,0.04996170339735633
2,3247,315.59999999999945,158,1,0.04996170339735633
2,3248,318.39999999999947,162,1,0.04996170339735633
2,3249,134.64999999999924,177,0,0.04996170339735633
2,3250,312.39999999999947,162,1,0.04996170339735633
2,3251,135.1499999999994,167,0,0.04996170339735633
2,3252,130.4999999999983,260,0,0.04996170339735633
2,3253,312.7999999999995,154,1,0.04996170339735633
2,3254,129.69999999999817,276,0,0.04996170339735633
2,3255,312.64999999999947,157,1,0.04996170339735633
2,3256,312.4499999999995,161,1,0.04996170339735633
2,3257,317.04999999999944,159,1,0.04996170339735633
2,3258,135.0999999999994,168,0,0.04996170339735633
2,3259,317.09999999999945,158,1,0.04996170339735633
2,3260,133.59999999999906,198,0,0.04996170339735633
2,3261,318.49999999999943,160,1,0.04996170339735633
2,3262,313.9499999999995,161,1,0.04996170339735633
2,3263,314.09999999999945,158,1,0.04996170339735633
2,3264,316.9499999999995,161,1,0.04996170339735633
2,3265,325.9999999999992,190,1,0.04996170339735633
2,3266,133.8499999999991,193,0,0.04996170339735633
2,3267,312.6999999999995,156,1,0.04996170339735633
2,3268,127.64999999999772,317,0,0.04996170339735633
2,3269,312.34999999999945,163,1,0.04996170339735633
2,3270,318.59999999999945,158,1,0.04996170339735633
2,3271,129.89999999999822,272,0,0.04996170339735633
2,3272,312.7499999999995,155,1,0.04996170339735633
2,3273,132.14999999999878,227,0,0.04996170339735633
2,3274,134.44999999999925,181,0,0.04996170339735633
2,3275,133.7499999999991,195,0,0.04996170339735633
2,3276,316.9999999999995,160,1,0.04996170339735633
2,3277,134.4999999999992,180,0,0.04996170339735633
2,3278,318.4999999999995,160,1,0.04996170339735633
2,3279,318.64999999999947,157,1,0.04996170339735633
2,3280,318.64999999999947,157,1,0.04996170339735633
2,3281,152.29999999999956,154,0,0.04996170339735633
2,3282,314.09999999999945,158,1,0.04996170339735633
2,3283,131.44999999999857,241,0,0.04996170339735633
2,3284,318.4999999999995,160,1,0.04996170339735633
2,3285,312.49999999999943,160,1,0.04996170339735633
2,3286,318.39999999999947,162,1,0.04996170339735633
2,3287,325.9499999999992,191,1,0.04996170339735633
2,3288,318.4999999999995,160,1,0.04996170339735633
2,3289,318.49999999999943,160,1,0.04996170339735633
2,3290,312.64999999999947,157,1,0.04996170339735633
2,3291,325.99999999999915,190,1,0.04996170339735633
2,3292,131.6499999999986,237,0,0.04996170339735633
2,3293,128.79999999999797,294,0,0.04996170339735633
2,3294,318.54999999999944,159,1,0.04996170339735633
2,3295,312.29999999999944,164,1,0.04996170339735633
2,3296,318.59999999999945,158,1,0.04996170339735633
2,3297,318.4999999999995,160,1,0.04996170339735633
2,3298,127.24999999999763,325,0,0.04996170339735633
2,3299,312.54999999999944,159,1,0.04996170339735633
2,3300,318.59999999999945,158,1,0.04996170339735633
2,3301,135.84999999999957,153,0,0.04996170339735633
2,3302,320.04999999999944,159,1,0.04996170339735633
2,3303,312.34999999999945,163,1,0.04996170339735633
2,3304,318.59999999999945,158,1,0.04996170339735633
2,3305,316.9999999999995,160,1,0.04996170339735633
2,3306,132.99999999999892,210,0,0.04996170339735633
2,3307,312.7499999999995,155,1,0.04996170339735633
2,3308,317.04999999999944,159,1,0.04996170339735633
2,3309,134.6999999999993,176,0,0.04996170339735633
2,3310,127.94999999999781,311,0,0.04996170339735633
2,3311,317.04999999999944,159,1,0.04996170339735633
2,3312,317.04999999999944,159,1,0.04996170339735633
2,3313,317.04999999999944,159,1,0.04996170339735633
2,3314,132.8499999999989,213,0,0.04996170339735633
2,3315,325.9999999999992,190,1,0.04996170339735633
2,3316,130.74999999999835,255,0,0.04996170339735633
2,3317,131.79999999999865,234,0,0.04996170339735633
2,3318,127.1499999999976,327,0,0.04996170339735633
2,3319,129.7999999999982,274,0,0.04996170339735633
2,3320,130.59999999999837,258,0,0.04996170339735633
2,3321,126.19999999999736,346,0,0.04996170339735633
2,3322,98.65000000000002,117,0,0.04996170339735633
2,3323,317.09999999999945,158,1,0.04996170339735633
2,3324,314.14999999999947,157,1,0.04996170339735633
2,3325,318.59999999999945,158,1,0.04996170339735633
2,3326,135.34999999999945,163,0,0.04996170339735633
2,3327,127.84999999999773,313,0,0.04996170339735633
2,3328,322.9999999999992,190,1,0.04996170339735633
2,3329,312.54999999999944,159,1,0.04996170339735633
2,3330,312.6999999999995,156,1,0.04996170339735633
2,3331,320.14999999999947,157,1,0.04996170339735633
2,3332,125.59999999999722,358,0,0.04996170339735633
2,3333,135.24999999999943,165,0,0.04996170339735633
2,3334,318.64999999999947,157,1,0.04996170339735633
2,3335,316.9999999999995,160,1,0.04996170339735633
2,3336,319.9499999999994,161,1,0.04996170339735633
2,3337,312.6999999999995,156,1,0.04996170339735633
2,3338,318.4499999999995,161,1,0.04996170339735633
2,3339,317.0499999999995,159,1,0.04996170339735633
2,3340,132.0499999999987,229,0,0.04996170339735633
2,3341,131.9999999999987,230,0,0.04996170339735633
2,3342,318.59999999999945,158,1,0.04996170339735633
2,3343,317.1999999999995,156,1,0.04996170339735633
2,3344,318.64999999999947,157,1,0.04996170339735633
2,3345,318.54999999999944,159,1,0.04996170339735633
2,3346,312.54999999999944,159,1,0.04996170339735633
2,3347,129.49999999999812,280,0,0.04996170339735633
2,3348,317.14999999999947,157,1,0.04996170339735633
2,3349,130.14999999999827,267,0,0.04996170339735633
2,3350,317.1999999999995,156,1,0.04996170339735633
2,3351,312.54999999999944,159,1,0.04996170339735633
2,3352,318.4999999999995,160,1,0.04996170339735633
2,3353,318.4999999999995,160,1,0.04996170339735633
2,3354,318.54999999999944,159,1,0.04996170339735633
2,3355,318.64999999999947,157,1,0.04996170339735633
2,3356,318.6999999999995,156,1,0.04996170339735633
2,3357,312.4499999999995,161,1,0.04996170339735633
2,3358,318.4999999999995,160,1,0.04996170339735633
2,3359,314.09999999999945,158,1,0.04996170339735633
2,3360,134.79999999999933,174,0,0.04996170339735633
2,3361,153.69999999999953,156,0,0.04996170339735633
2,3362,126.44999999999744,341,0,0.04996170339735633
2,3363,317.09999999999945,158,1,0.04996170339735633
2,3364,135.29999999999944,164,0,0.04996170339735633
2,3365,129.04999999999802,289,0,0.04996170339735633
2,3366,312.7499999999995,155,1,0.04996170339735633
2,3367,314.04999999999944,159,1,0.04996170339735633
2,3368,131.2999999999986,244,0,0.04996170339735633
2,3369,318.4999999999995,160,1,0.04996170339735633
2,3370,317.14999999999947,157,1,0.04996170339735633
2,3371,318.54999999999944,159,1,0.04996170339735633
2,3372,314.14999999999947,157,1,0.04996170339735633
2,3373,318.59999999999945,158,1,0.04996170339735633
2,3374,318.59999999999945,158,1,0.04996170339735633
2,3375,321.4999999999992,190,1,0.04996170339735633
2,3376,132.24999999999875,225,0,0.04996170339735633
2,3377,314.04999999999944,159,1,0.04996170339735633
2,3378,126.74999999999748,335,0,0.04996170339735633
2,3379,321.4999999999992,190,1,0.04996170339735633
2,3380,318.4999999999995,160,1,0.04996170339735633
2,3381,317.04999999999944,159,1,0.04996170339735633
2,3382,131.6499999999986,237,0,0.04996170339735633
2,3383,318.59999999999945,158,1,0.04996170339735633
2,3384,318.59999999999945,158,1,0.04996170339735633
2,3385,133.399999999999,202,0,0.04996170339735633
2,3386,318.54999999999944,159,1,0.04996170339735633
2,3387,318.6999999999995,156,1,0.04996170339735633
2,3388,131.79999999999865,234,0,0.04996170339735633
2,3389,131.29999999999853,244,0,0.04996170339735633
2,3390,312.54999999999944,159,1,0.04996170339735633
2,3391,312.49999999999943,160,1,0.04996170339735633
2,3392,135.0999999999994,168,0,0.04996170339735633
2,3393,318.54999999999944,159,1,0.04996170339735633
2,3394,314.04999999999944,159,1,0.04996170339735633
2,3395,128.84999999999798,293,0,0.04996170339735633
2,3396,316.9499999999995,161,1,0.04996170339735633
2,3397,325.9999999999992,190,1,0.04996170339735633
2,3398,318.49999999999943,160,1,0.04996170339735633
2,3399,325.9999999999992,190,1,0.04996170339735633
2,3400,312.59999999999945,158,1,0.04996170339735633
2,3401,132.14999999999873,227,0,0.04996170339735633
2,3402,130.84999999999843,253,0,0.04996170339735633
2,3403,318.49999999999943,160,1,0.04996170339735633
2,3404,129.8499999999982,273,0,0.04996170339735633
2,3405,314.09999999999945,158,1,0.04996170339735633
2,3406,312.54999999999944,159,1,0.04996170339735633
2,3407,318.64999999999947,157,1,0.04996170339735633
2,3408,316.9999999999995,160,1,0.04996170339735633
2,3409,317.14999999999947,157,1,0.04996170339735633
2,3410,128.54999999999797,299,0,0.04996170339735633
2,3411,135.4999999999995,160,0,0.04996170339735633
2,3412,312.3499999999994,163,1,0.04996170339735633
2,3413,318.64999999999947,157,1,0.04996170339735633
2,3414,318.39999999999947,162,1,0.04996170339735633
2,3415,130.19999999999828,266,0,0.04996170339735633
2,3416,317.2999999999995,154,1,0.04996170339735633
2,3417,128.64999999999793,297,0,0.04996170339735633
2,3418,322.9499999999994,161,1,0.04996170339735633
2,3419,127.79999999999775,314,0,0.04996170339735633
2,3420,317.09999999999945,158,1,0.04996170339735633
2,3421,133.64999999999907,197,0,0.04996170339735633
2,3422,318.64999999999947,157,1,0.04996170339735633
2,3423,130.99999999999847,250,0,0.04996170339735633
2,3424,318.54999999999944,159,1,0.04996170339735633
2,3425,325.99999999999915,190,1,0.04996170339735633
2,3426,129.39999999999804,282,0,0.04996170339735633
2,3427,325.9999999999992,190,1,0.04996170339735633
2,3428,313.99999999999943,160,1,0.04996170339735633
2,3429,318.64999999999947,157,1,0.04996170339735633
2,3430,318.49999999999943,160,1,0.04996170339735633
2,3431,134.64999999999924,177,0,0.04996170339735633
2,3432,133.299999999999,204,0,0.04996170339735633
2,3433,131.79999999999865,234,0,0.04996170339735633
2,3434,318.39999999999947,162,1,0.04996170339735633
2,3435,131.89999999999867,232,0,0.04996170339735633
2,3436,319.84999999999945,163,1,0.04996170339735633
2,3437,314.09999999999945,158,1,0.04996170339735633
2,3438,318.59999999999945,158,1,0.04996170339735633
2,3439,134.84999999999934,173,0,0.04996170339735633
2,3440,316.9999999999995,160,1,0.04996170339735633
2,3441,318.64999999999947,157,1,0.04996170339735633
2,3442,130.19999999999828,266,0,0.04996170339735633
2,3443,318.54999999999944,159,1,0.04996170339735633
2,3444,318.54999999999944,159,1,0.04996170339735633
2,3445,133.89999999999912,192,0,0.04996170339735633
2,3446,321.4499999999992,191,1,0.04996170339735633
2,3447,317.04999999999944,159,1,0.04996170339735633
2,3448,318.49999999999943,160,1,0.04996170339735633
2,3449,127.59999999999768,318,0,0.04996170339735633
2,3450,316.9999999999995,160,1,0.04996170339735633
2,3451,133.49999999999903,200,0,0.04996170339735633
2,3452,318.4999999999995,160,1,0.04996170339735633
2,3453,132.19999999999874,226,0,0.04996170339735633
2,3454,127.09999999999756,328,0,0.04996170339735633
2,3455,133.0999999999989,208,0,0.04996170339735633
2,3456,317.04999999999944,159,1,0.04996170339735633
2,3457,134.09999999999917,188,0,0.04996170339735633
2,3458,318.6999999999995,156,1,0.04996170339735633
2,3459,318.4999999999995,160,1,0.04996170339735633
2,3460,131.5999999999986,238,0,0.04996170339735633
2,3461,318.64999999999947,157,1,0.04996170339735633
2,3462,312.59999999999945,158,1,0.04996170339735633
2,3463,318.54999999999944,159,1,0.04996170339735633
2,3464,318.64999999999947,157,1,0.04996170339735633
2,3465,324.4999999999992,190,1,0.04996170339735633
2,3466,316.84999999999945,163,1,0.04996170339735633
2,3467,318.54999999999944,159,1,0.04996170339735633
2,3468,318.59999999999945,158,1,0.04996170339735633
2,3469,312.5499999999995,159,1,0.04996170339735633
2,3470,322.9499999999992,191,1,0.04996170339735633
2,3471,318.4499999999995,161,1,0.04996170339735633
2,3472,37.450000000000145,81,0,0.04996170339735633
2,3473,133.64999999999907,197,0,0.04996170339735633
2,3474,318.54999999999944,159,1,0.04996170339735633
2,3475,318.54999999999944,159,1,0.04996170339735633
2,3476,316.99999999999943,160,1,0.04996170339735633
2,3477,129.24999999999807,285,0,0.04996170339735633
2,3478,312.4499999999995,161,1,0.04996170339735633
2,3479,129.99999999999824,270,0,0.04996170339735633
2,3480,325.9999999999992,190,1,0.04996170339735633
2,3481,312.3499999999994,163,1,0.04996170339735633
2,3482,312.54999999999944,159,1,0.04996170339735633
2,3483,318.5499999999995,159,1,0.04996170339735633
2,3484,134.14999999999918,187,0,0.04996170339735633
2,3485,320.09999999999945,158,1,0.04996170339735633
2,3486,132.69999999999885,216,0,0.04996170339735633
2,3487,318.59999999999945,158,1,0.04996170339735633
2,3488,136.14999999999964,147,0,0.04996170339735633
2,3489,126.19999999999739,346,0,0.04996170339735633
2,3490,312.49999999999943,160,1,0.04996170339735633
2,3491,312.4999999999995,160,1,0.04996170339735633
2,3492,314.04999999999944,159,1,0.04996170339735633
2,3493,317.14999999999947,157,1,0.04996170339735633
2,3494,131.0999999999985,248,0,0.04996170339735633
2,3495,129.69999999999817,276,0,0.04996170339735633
2,3496,312.59999999999945,158,1,0.04996170339735633
2,3497,135.89999999999958,152,0,0.04996170339735633
2,3498,312.64999999999947,157,1,0.04996170339735633
2,3499,133.44999999999897,201,0,0.04996170339735633
2,3500,317.04999999999944,159,1,0.04996170339735633
2,3501,318.54999999999944,159,1,0.04996170339735633
2,3502,316.9499999999995,161,1,0.04996170339735633
2,3503,129.29999999999808,284,0,0.04996170339735633
2,3504,133.399999999999,202,0,0.04996170339735633
2,3505,318.64999999999947,157,1,0.04996170339735633
2,3506,318.49999999999943,160,1,0.04996170339735633
2,3507,317.09999999999945,158,1,0.04996170339735633
2,3508,318.64999999999947,157,1,0.04996170339735633
2,3509,314.14999999999947,157,1,0.04996170339735633
2,3510,322.84999999999945,163,1,0.04996170339735633
2,3511,134.54999999999927,179,0,0.04996170339735633
2,3512,135.64999999999952,157,0,0.04996170339735633
2,3513,312.4499999999995,161,1,0.04996170339735633
2,3514,322.99999999999915,190,1,0.04996170339735633
2,3515,123.34999999999674,403,0,0.04996170339735633
2,3516,318.6999999999995,156,1,0.04996170339735633
2,3517,314.04999999999944,159,1,0.04996170339735633
2,3518,312.7999999999995,154,1,0.04996170339735633
2,3519,318.64999999999947,157,1,0.04996170339735633
2,3520,318.54999999999944,159,1,0.04996170339735633
2,3521,318.54999999999944,159,1,0.04996170339735633
2,3522,312.6999999999995,156,1,0.04996170339735633
2,3523,318.59999999999945,158,1,0.04996170339735633
2,3524,126.44999999999744,341,0,0.04996170339735633
2,3525,132.99999999999892,210,0,0.04996170339735633
2,3526,318.54999999999944,159,1,0.04996170339735633
2,3527,316.89999999999947,162,1,0.04996170339735633
2,3528,316.99999999999943,160,1,0.04996170339735633
2,3529,317.04999999999944,159,1,0.04996170339735633
2,3530,131.84999999999866,233,0,0.04996170339735633
2,3531,321.4499999999992,191,1,0.04996170339735633
2,3532,131.5499999999986,239,0,0.04996170339735633
2,3533,325.9499999999992,191,1,0.04996170339735633
2,3534,318.49999999999943,160,1,0.04996170339735633
2,3535,134.29999999999922,184,0,0.04996170339735633
2,3536,322.9999999999992,190,1,0.04996170339735633
2,3537,318.6999999999995,156,1,0.04996170339735633
2,3538,318.6999999999995,156,1,0.04996170339735633
2,3539,318.4999999999995,160,1,0.04996170339735633
2,3540,318.49999999999943,160,1,0.04996170339735633
2,3541,325.99999999999915,190,1,0.04996170339735633
2,3542,312.59999999999945,158,1,0.04996170339735633
2,3543,325.99999999999915,190,1,0.04996170339735633
2,3544,318.54999999999944,159,1,0.04996170339735633
2,3545,312.7499999999995,155,1,0.04996170339735633
2,3546,317.04999999999944,159,1,0.04996170339735633
2,3547,316.9499999999995,161,1,0.04996170339735633
2,3548,315.49999999999943,160,1,0.04996170339735633
2,3549,130.2499999999983,265,0,0.04996170339735633
2,3550,127.19999999999759,326,0,0.04996170339735633
2,3551,312.54999999999944,159,1,0.04996170339735633
2,3552,318.54999999999944,159,1,0.04996170339735633
2,3553,133.74999999999903,195,0,0.04996170339735633
2,3554,317.04999999999944,159,1,0.04996170339735633
2,3555,318.54999999999944,159,1,0.04996170339735633
2,3556,318.3999999999994,162,1,0.04996170339735633
2,3557,134.0999999999991,188,0,0.04996170339735633
2,3558,134.54999999999927,179,0,0.04996170339735633
2,3559,133.8499999999991,193,0,0.04996170339735633
2,3560,318.54999999999944,159,1,0.04996170339735633
2,3561,317.09999999999945,158,1,0.04996170339735633
2,3562,312.59999999999945,158,1,0.04996170339735633
2,3563,318.54999999999944,159,1,0.04996170339735633
2,3564,312.54999999999944,159,1,0.04996170339735633
2,3565,318.54999999999944,159,1,0.04996170339735633
2,3566,318.59999999999945,158,1,0.04996170339735633
2,3567,129.4499999999981,281,0,0.04996170339735633
2,3568,312.54999999999944,159,1,0.04996170339735633
2,3569,325.9999999999992,190,1,0.04996170339735633
2,3570,135.24999999999943,165,0,0.04996170339735633
2,3571,318.4999999999995,160,1,0.04996170339735633
2,3572,318.59999999999945,158,1,0.04996170339735633
2,3573,132.8999999999989,212,0,0.04996170339735633
2,3574,134.39999999999924,182,0,0.04996170339735633
2,3575,126.94999999999753,331,0,0.04996170339735633
2,3576,322.9999999999992,190,1,0.04996170339735633
2,3577,312.6999999999995,156,1,0.04996170339735633
2,3578,130.7499999999984,255,0,0.04996170339735633
2,3579,123.1999999999967,406,0,0.04996170339735633
2,3580,315.49999999999943,160,1,0.04996170339735633
2,3581,135.64999999999952,157,0,0.04996170339735633
2,3582,318.4499999999995,161,1,0.04996170339735633
2,3583,130.79999999999848,254,0,0.04996170339735633
2,3584,128.24999999999784,305,0,0.04996170339735633
2,3585,318.59999999999945,158,1,0.04996170339735633
2,3586,318.4499999999995,161,1,0.04996170339735633
2,3587,133.04999999999893,209,0,0.04996170339735633
2,3588,132.8499999999989,213,0,0.04996170339735633
2,3589,312.3999999999994,162,1,0.04996170339735633
2,3590,314.1999999999995,156,1,0.04996170339735633
2,3591,321.4499999999992,191,1,0.04996170339735633
2,3592,126.74999999999748,335,0,0.04996170339735633
2,3593,315.59999999999945,158,1,0.04996170339735633
2,3594,318.54999999999944,159,1,0.04996170339735633
2,3595,318.49999999999943,160,1,0.04996170339735633
2,3596,317.04999999999944,159,1,0.04996170339735633
2,3597,312.6999999999995,156,1,0.04996170339735633
2,3598,317.04999999999944,159,1,0.04996170339735633
2,3599,313.99999999999943,160,1,0.04996170339735633
2,3600,318.49999999999943,160,1,0.04996170339735633
2,3601,130.19999999999828,266,0,0.04996170339735633
2,3602,130.84999999999843,253,0,0.04996170339735633
2,3603,314.04999999999944,159,1,0.04996170339735633
2,3604,318.59999999999945,158,1,0.04996170339735633
2,3605,122.54999999999653,419,0,0.04996170339735633
2,3606,130.94999999999845,251,0,0.04996170339735633
2,3607,318.4999999999995,160,1,0.04996170339735633
2,3608,315.4999999999995,160,1,0.04996170339735633
2,3609,312.39999999999947,162,1,0.04996170339735633
2,3610,318.54999999999944,159,1,0.04996170339735633
2,3611,318.64999999999947,157,1,0.04996170339735633
2,3612,316.99999999999943,160,1,0.04996170339735633
2,3613,312.54999999999944,159,1,0.04996170339735633
2,3614,318.49999999999943,160,1,0.04996170339735633
2,3615,130.39999999999833,262,0,0.04996170339735633
2,3616,131.9999999999987,230,0,0.04996170339735633
2,3617,318.59999999999945,158,1,0.04996170339735633
2,3618,128.949999999998,291,0,0.04996170339735633
2,3619,318.4999999999995,160,1,0.04996170339735633
2,3620,316.99999999999943,160,1,0.04996170339735633
2,3621,318.6999999999995,156,1,0.04996170339735633
2,3622,134.74999999999932,175,0,0.04996170339735633
2,3623,38.950000000000145,81,0,0.04996170339735633
2,3624,320.09999999999945,158,1,0.04996170339735633
2,3625,128.94999999999794,291,0,0.04996170339735633
2,3626,128.79999999999797,294,0,0.04996170339735633
2,3627,318.4999999999995,160,1,0.04996170339735633
2,3628,322.8499999999994,163,1,0.04996170339735633
2,3629,132.09999999999872,228,0,0.04996170339735633
2,3630,318.4499999999994,161,1,0.04996170339735633
2,3631,132.4999999999988,220,0,0.04996170339735633
2,3632,321.4999999999992,190,1,0.04996170339735633
2,3633,312.64999999999947,157,1,0.04996170339735633
2,3634,312.6999999999995,156,1,0.04996170339735633
2,3635,318.4999999999995,160,1,0.04996170339735633
2,3636,133.54999999999905,199,0,0.04996170339735633
2,3637,130.39999999999833,262,0,0.04996170339735633
2,3638,133.29999999999893,204,0,0.04996170339735633
2,3639,318.4999999999995,160,1,0.04996170339735633
2,3640,132.79999999999887,214,0,0.04996170339735633
2,3641,134.89999999999935,172,0,0.04996170339735633
2,3642,312.59999999999945,158,1,0.04996170339735633
2,3643,318.59999999999945,158,1,0.04996170339735633
2,3644,132.94999999999885,211,0,0.04996170339735633
2,3645,133.94999999999914,191,0,0.04996170339735633
2,3646,318.64999999999947,157,1,0.04996170339735633
2,3647,317.09999999999945,158,1,0.04996170339735633
2,3648,131.24999999999847,245,0,0.04996170339735633
2,3649,318.6999999999995,156,1,0.04996170339735633
2,3650,130.84999999999843,253,0,0.04996170339735633
2,3651,318.4999999999995,160,1,0.04996170339735633
2,3652,125.09999999999711,368,0,0.04996170339735633
2,3653,133.64999999999907,197,0,0.04996170339735633
2,3654,319.94999999999925,191,1,0.04996170339735633
2,3655,126.49999999999746,340,0,0.04996170339735633
2,3656,312.59999999999945,158,1,0.04996170339735633
2,3657,312.54999999999944,159,1,0.04996170339735633
2,3658,318.59999999999945,158,1,0.04996170339735633
2,3659,129.5999999999981,278,0,0.04996170339735633
2,3660,318.64999999999947,157,1,0.04996170339735633
2,3661,322.9999999999992,190,1,0.04996170339735633
2,3662,318.54999999999944,159,1,0.04996170339735633
2,3663,126.3499999999974,343,0,0.04996170339735633
2,3664,132.0499999999987,229,0,0.04996170339735633
2,3665,132.4999999999988,220,0,0.04996170339735633
2,3666,318.49999999999943,160,1,0.04996170339735633
2,3667,318.3499999999994,163,1,0.04996170339735633
2,3668,312.4499999999995,161,1,0.04996170339735633
2,3669,325.99999999999915,190,1,0.04996170339735633
2,3670,135.1499999999994,167,0,0.04996170339735633
2,3671,316.9999999999995,160,1,0.04996170339735633
2,3672,325.9999999999992,190,1,0.04996170339735633
2,3673,127.94999999999779,311,0,0.04996170339735633
2,3674,317.09999999999945,158,1,0.04996170339735633
2,3675,136.24999999999966,145,0,0.04996170339735633
2,3676,318.59999999999945,158,1,0.04996170339735633
2,3677,318.6999999999995,156,1,0.04996170339735633
2,3678,318.64999999999947,157,1,0.04996170339735633
2,3679,126.64999999999746,337,0,0.04996170339735633
2,3680,318.64999999999947,157,1,0.04996170339735633
2,3681,318.54999999999944,159,1,0.04996170339735633
2,3682,134.99999999999937,170,0,0.04996170339735633
2,3683,136.24999999999966,145,0,0.04996170339735633
2,3684,318.4999999999995,160,1,0.04996170339735633
2,3685,130.94999999999845,251,0,0.04996170339735633
2,3686,127.09999999999762,328,0,0.04996170339735633
2,3687,315.64999999999947,157,1,0.04996170339735633
2,3688,131.79999999999865,234,0,0.04996170339735633
2,3689,318.4999999999995,160,1,0.04996170339735633
2,3690,131.24999999999852,245,0,0.04996170339735633
2,3691,317.1999999999995,156,1,0.04996170339735633
2,3692,315.6999999999995,156,1,0.04996170339735633
2,3693,318.54999999999944,159,1,0.04996170339735633
2,3694,134.49999999999926,180,0,0.04996170339735633
2,3695,130.59999999999837,258,0,0.04996170339735633
2,3696,130.59999999999837,258,0,0.04996170339735633
2,3697,318.54999999999944,159,1,0.04996170339735633
2,3698,312.4999999999995,160,1,0.04996170339735633
2,3699,318.59999999999945,158,1,0.04996170339735633
2,3700,318.64999999999947,157,1,0.04996170339735633
2,3701,312.59999999999945,158,1,0.04996170339735633
2,3702,318.49999999999943,160,1,0.04996170339735633
2,3703,312.49999999999943,160,1,0.04996170339735633
2,3704,130.7499999999984,255,0,0.04996170339735633
2,3705,131.49999999999858,240,0,0.04996170339735633
2,3706,318.64999999999947,157,1,0.04996170339735633
2,3707,134.2499999999992,185,0,0.04996170339735633
2,3708,318.64999999999947,157,1,0.04996170339735633
2,3709,318.54999999999944,159,1,0.04996170339735633
2,3710,315.64999999999947,157,1,0.04996170339735633
2,3711,317.09999999999945,158,1,0.04996170339735633
2,3712,321.4999999999992,190,1,0.04996170339735633
2,3713,318.59999999999945,158,1,0.04996170339735633
2,3714,314.04999999999944,159,1,0.04996170339735633
2,3715,131.99999999999864,230,0,0.04996170339735633
2,3716,318.64999999999947,157,1,0.04996170339735633
2,3717,318.49999999999943,160,1,0.04996170339735633
2,3718,316.99999999999943,160,1,0.04996170339735633
2,3719,133.59999999999906,198,0,0.04996170339735633
2,3720,318.64999999999947,157,1,0.04996170339735633
2,3721,318.49999999999943,160,1,0.04996170339735633
2,3722,134.59999999999928,178,0,0.04996170339735633
2,3723,134.04999999999916,189,0,0.04996170339735633
2,3724,130.04999999999825,269,0,0.04996170339735633
2,3725,133.94999999999914,191,0,0.04996170339735633
2,3726,317.09999999999945,158,1,0.04996170339735633
2,3727,134.89999999999935,172,0,0.04996170339735633
2,3728,314.04999999999944,159,1,0.04996170339735633
2,3729,325.9999999999992,190,1,0.04996170339735633
2,3730,318.59999999999945,158,1,0.04996170339735633
2,3731,133.89999999999912,192,0,0.04996170339735633
2,3732,314.14999999999947,157,1,0.04996170339735633
2,3733,133.299999999999,204,0,0.04996170339735633
2,3734,318.59999999999945,158,1,0.04996170339735633
2,3735,119.99999999999598,470,0,0.04996170339735633
2,3736,318.49999999999943,160,1,0.04996170339735633
2,3737,316.9999999999995,160,1,0.04996170339735633
2,3738,322.9999999999992,190,1,0.04996170339735633
2,3739,318.34999999999945,163,1,0.04996170339735633
2,3740,312.6999999999995,156,1,0.04996170339735633
2,3741,316.9999999999995,160,1,0.04996170339735633
2,3742,318.64999999999947,157,1,0.04996170339735633
2,3743,318.4999999999995,160,1,0.04996170339735633
2,3744,129.29999999999808,284,0,0.04996170339735633
2,3745,318.54999999999944,159,1,0.04996170339735633
2,3746,132.8999999999989,212,0,0.04996170339735633
2,3747,325.9999999999992,190,1,0.04996170339735633
2,3748,318.4499999999994,161,1,0.04996170339735633
2,3749,312.49999999999943,160,1,0.04996170339735633
2,3750,318.59999999999945,158,1,0.04996170339735633
2,3751,135.0999999999994,168,0,0.04996170339735633
2,3752,132.14999999999873,227,0,0.04996170339735633
2,3753,131.24999999999858,245,0,0.04996170339735633
2,3754,321.49999999999943,160,1,0.04996170339735633
2,3755,318.54999999999944,159,1,0.04996170339735633
2,3756,312.64999999999947,157,1,0.04996170339735633
2,3757,325.9499999999992,191,1,0.04996170339735633
2,3758,312.3999999999994,162,1,0.04996170339735633
2,3759,318.59999999999945,158,1,0.04996170339735633
2,3760,318.54999999999944,159,1,0.04996170339735633
2,3761,322.8999999999994,162,1,0.04996170339735633
2,3762,132.6499999999989,217,0,0.04996170339735633
2,3763,312.59999999999945,158,1,0.04996170339735633
2,3764,130.69999999999834,256,0,0.04996170339735633
2,3765,320.04999999999944,159,1,0.04996170339735633
2,3766,325.9499999999992,191,1,0.04996170339735633
2,3767,312.6499999999995,157,1,0.04996170339735633
2,3768,318.59999999999945,158,1,0.04996170339735633
2,3769,91.15000000000002,117,0,0.04996170339735633
2,3770,315.59999999999945,158,1,0.04996170339735633
2,3771,128.949999999998,291,0,0.04996170339735633
2,3772,312.4499999999994,161,1,0.04996170339735633
2,3773,129.09999999999803,288,0,0.04996170339735633
2,3774,127.89999999999772,312,0,0.04996170339735633
2,3775,318.4499999999994,161,1,0.04996170339735633
2,3776,318.54999999999944,159,1,0.04996170339735633
2,3777,135.4999999999995,160,0,0.04996170339735633
2,3778,312.54999999999944,159,1,0.04996170339735633
2,3779,312.49999999999943,160,1,0.04996170339735633
2,3780,312.54999999999944,159,1,0.04996170339735633
2,3781,317.1999999999995,156,1,0.04996170339735633
2,3782,315.4999999999995,160,1,0.04996170339735633
2,3783,130.44999999999834,261,0,0.04996170339735633
2,3784,133.24999999999898,205,0,0.04996170339735633
2,3785,312.54999999999944,159,1,0.04996170339735633
2,3786,318.59999999999945,158,1,0.04996170339735633
2,3787,318.6999999999995,156,1,0.04996170339735633
2,3788,130.64999999999839,257,0,0.04996170339735633
2,3789,318.59999999999945,158,1,0.04996170339735633
2,3790,318.64999999999947,157,1,0.04996170339735633
2,3791,132.24999999999875,225,0,0.04996170339735633
2,3792,313.99999999999943,160,1,0.04996170339735633
2,3793,313.9499999999994,161,1,0.04996170339735633
2,3794,131.74999999999864,235,0,0.04996170339735633
2,3795,318.4999999999995,160,1,0.04996170339735633
2,3796,128.5499999999979,299,0,0.04996170339735633
2,3797,316.99999999999943,160,1,0.04996170339735633
2,3798,316.9999999999995,160,1,0.04996170339735633
2,3799,130.2499999999983,265,0,0.04996170339735633
2,3800,312.7999999999995,154,1,0.04996170339735633
2,3801,125.44999999999719,361,0,0.04996170339735633
2,3802,318.59999999999945,158,1,0.04996170339735633
2,3803,318.64999999999947,157,1,0.04996170339735633
2,3804,127.24999999999763,325,0,0.04996170339735633
2,3805,130.64999999999833,257,0,0.04996170339735633
2,3806,132.59999999999883,218,0,0.04996170339735633
2,3807,316.9499999999995,161,1,0.04996170339735633
2,3808,132.8499999999989,213,0,0.04996170339735633
2,3809,318.4499999999994,161,1,0.04996170339735633
2,3810,325.9999999999992,190,1,0.04996170339735633
2,3811,129.7999999999982,274,0,0.04996170339735633
2,3812,318.59999999999945,158,1,0.04996170339735633
2,3813,133.49999999999898,200,0,0.04996170339735633
2,3814,318.49999999999943,160,1,0.04996170339735633
2,3815,318.64999999999947,157,1,0.04996170339735633
2,3816,133.09999999999894,208,0,0.04996170339735633
2,3817,135.39999999999947,162,0,0.04996170339735633
2,3818,318.59999999999945,158,1,0.04996170339735633
2,3819,318.4999999999995,160,1,0.04996170339735633
2,3820,318.59999999999945,158,1,0.04996170339735633
2,3821,135.24999999999943,165,0,0.04996170339735633
2,3822,128.84999999999798,293,0,0.04996170339735633
2,3823,318.64999999999947,157,1,0.04996170339735633
2,3824,131.5999999999986,238,0,0.04996170339735633
2,3825,315.59999999999945,158,1,0.04996170339735633
2,3826,133.9999999999991,190,0,0.04996170339735633
2,3827,325.9999999999992,190,1,0.04996170339735633
2,3828,318.4999999999995,160,1,0.04996170339735633
2,3829,322.99999999999915,190,1,0.04996170339735633
2,3830,322.9999999999992,190,1,0.04996170339735633
2,3831,318.4499999999995,161,1,0.04996170339735633
2,3832,133.599999999999,198,0,0.04996170339735633
2,3833,132.29999999999876,224,0,0.04996170339735633
2,3834,317.09999999999945,158,1,0.04996170339735633
2,3835,129.3999999999981,282,0,0.04996170339735633
2,3836,318.59999999999945,158,1,0.04996170339735633
2,3837,135.5499999999995,159,0,0.04996170339735633
2,3838,131.3499999999985,243,0,0.04996170339735633
2,3839,128.44999999999789,301,0,0.04996170339735633
2,3840,135.9999999999996,150,0,0.04996170339735633
2,3841,318.59999999999945,158,1,0.04996170339735633
2,3842,130.34999999999832,263,0,0.04996170339735633
2,3843,318.54999999999944,159,1,0.04996170339735633
2,3844,318.3999999999994,162,1,0.04996170339735633
2,3845,318.6999999999995,156,1,0.04996170339735633
2,3846,315.64999999999947,157,1,0.04996170339735633
2,3847,312.6999999999995,156,1,0.04996170339735633
2,3848,130.04999999999825,269,0,0.04996170339735633
2,3849,322.9999999999992,190,1,0.04996170339735633
2,3850,129.94999999999817,271,0,0.04996170339735633
2,3851,312.54999999999944,159,1,0.04996170339735633
2,3852,135.79999999999956,154,0,0.04996170339735633
2,3853,315.4499999999994,161,1,0.04996170339735633
2,3854,314.04999999999944,159,1,0.04996170339735633
2,3855,131.5999999999986,238,0,0.04996170339735633
2,3856,317.09999999999945,158,1,0.04996170339735633
2,3857,135.24999999999943,165,0,0.04996170339735633
2,3858,317.1999999999995,156,1,0.04996170339735633
2,3859,135.4999999999995,160,0,0.04996170339735633
2,3860,318.49999999999943,160,1,0.04996170339735633
2,3861,128.24999999999784,305,0,0.04996170339735633
2,3862,129.39999999999804,282,0,0.04996170339735633
2,3863,322.9999999999992,190,1,0.04996170339735633
2,3864,325.9999999999992,190,1,0.04996170339735633
2,3865,318.54999999999944,159,1,0.04996170339735633
2,3866,318.59999999999945,158,1,0.04996170339735633
2,3867,318.64999999999947,157,1,0.04996170339735633
2,3868,318.59999999999945,158,1,0.04996170339735633
2,3869,312.7999999999995,154,1,0.04996170339735633
2,3870,317.09999999999945,158,1,0.04996170339735633
2,3871,318.4999999999995,160,1,0.04996170339735633
2,3872,132.59999999999883,218,0,0.04996170339735633
2,3873,318.6999999999995,156,1,0.04996170339735633
2,3874,312.7499999999995,155,1,0.04996170339735633
2,3875,134.29999999999922,184,0,0.04996170339735633
2,3876,318.49999999999943,160,1,0.04996170339735633
2,3877,133.79999999999916,194,0,0.04996170339735633
2,3878,132.69999999999885,216,0,0.04996170339735633
2,3879,312.54999999999944,159,1,0.04996170339735633
2,3880,132.34999999999877,223,0,0.04996170339735633
2,3881,312.64999999999947,157,1,0.04996170339735633
2,3882,129.39999999999804,282,0,0.04996170339735633
2,3883,134.09999999999917,188,0,0.04996170339735633
2,3884,318.59999999999945,158,1,0.04996170339735633
2,3885,156.69999999999953,156,0,0.04996170339735633
2,3886,131.5499999999986,239,0,0.04996170339735633
2,3887,312.59999999999945,158,1,0.04996170339735633
2,3888,312.54999999999944,159,1,0.04996170339735633
2,3889,135.24999999999943,165,0,0.04996170339735633
2,3890,315.4499999999994,161,1,0.04996170339735633
2,3891,318.59999999999945,158,1,0.04996170339735633
2,3892,121.89999999999635,432,0,0.04996170339735633
2,3893,128.59999999999792,298,0,0.04996170339735633
2,3894,318.54999999999944,159,1,0.04996170339735633
2,3895,318.59999999999945,158,1,0.04996170339735633
2,3896,318.54999999999944,159,1,0.04996170339735633
2,3897,319.89999999999947,162,1,0.04996170339735633
2,3898,317.04999999999944,159,1,0.04996170339735633
2,3899,318.54999999999944,159,1,0.04996170339735633
2,3900,318.64999999999947,157,1,0.04996170339735633
2,3901,313.99999999999943,160,1,0.04996170339735633
2,3902,149.2499999999995,155,0,0.04996170339735633
2,3903,318.54999999999944,159,1,0.04996170339735633
2,3904,131.34999999999854,243,0,0.04996170339735633
2,3905,136.09999999999962,148,0,0.04996170339735633
2,3906,129.3999999999981,282,0,0.04996170339735633
2,3907,318.54999999999944,159,1,0.04996170339735633
2,3908,133.649999999999,197,0,0.04996170339735633
2,3909,91.15000000000008,117,0,0.04996170339735633
2,3910,132.94999999999897,211,0,0.04996170339735633
2,3911,313.99999999999943,160,1,0.04996170339735633
2,3912,315.59999999999945,158,1,0.04996170339735633
2,3913,322.9999999999992,190,1,0.04996170339735633
2,3914,314.1999999999995,156,1,0.04996170339735633
2,3915,318.4499999999995,161,1,0.04996170339735633
2,3916,318.4499999999994,161,1,0.04996170339735633
2,3917,317.14999999999947,157,1,0.04996170339735633
2,3918,321.4999999999992,190,1,0.04996170339735633
2,3919,318.64999999999947,157,1,0.04996170339735633
2,3920,130.69999999999834,256,0,0.04996170339735633
2,3921,129.29999999999802,284,0,0.04996170339735633
2,3922,128.64999999999793,297,0,0.04996170339735633
2,3923,135.84999999999957,153,0,0.04996170339735633
2,3924,318.6999999999995,156,1,0.04996170339735633
2,3925,134.59999999999928,178,0,0.04996170339735633
2,3926,132.09999999999872,228,0,0.04996170339735633
2,3927,318.4999999999995,160,1,0.04996170339735633
2,3928,132.74999999999886,215,0,0.04996170339735633
2,3929,318.54999999999944,159,1,0.04996170339735633
2,3930,318.64999999999947,157,1,0.04996170339735633
2,3931,318.54999999999944,159,1,0.04996170339735633
2,3932,318.4999999999995,160,1,0.04996170339735633
2,3933,130.89999999999844,252,0,0.04996170339735633
2,3934,325.9999999999992,190,1,0.04996170339735633
2,3935,312.54999999999944,159,1,0.04996170339735633
2,3936,125.14999999999712,367,0,0.04996170339735633
2,3937,312.4499999999994,161,1,0.04996170339735633
2,3938,134.6999999999993,176,0,0.04996170339735633
2,3939,127.49999999999768,320,0,0.04996170339735633
2,3940,135.69999999999953,156,0,0.04996170339735633
2,3941,133.59999999999906,198,0,0.04996170339735633
2,3942,91.10000000000001,118,0,0.04996170339735633
2,3943,315.49999999999943,160,1,0.04996170339735633
2,3944,127.6999999999977,316,0,0.04996170339735633
2,3945,127.84999999999776,313,0,0.04996170339735633
2,3946,130.4999999999983,260,0,0.04996170339735633
2,3947,318.49999999999943,160,1,0.04996170339735633
2,3948,130.2999999999983,264,0,0.04996170339735633
2,3949,322.99999999999915,190,1,0.04996170339735633
2,3950,325.9999999999992,190,1,0.04996170339735633
2,3951,325.9499999999992,191,1,0.04996170339735633
2,3952,315.49999999999943,160,1,0.04996170339735633
2,3953,123.64999999999678,397,0,0.04996170339735633
2,3954,317.09999999999945,158,1,0.04996170339735633
2,3955,130.79999999999842,254,0,0.04996170339735633
2,3956,312.64999999999947,157,1,0.04996170339735633
2,3957,312.59999999999945,158,1,0.04996170339735633
2,3958,131.69999999999862,236,0,0.04996170339735633
2,3959,312.24999999999943,165,1,0.04996170339735633
2,3960,124.79999999999701,374,0,0.04996170339735633
2,3961,325.9499999999992,191,1,0.04996170339735633
2,3962,312.6999999999995,156,1,0.04996170339735633
2,3963,318.59999999999945,158,1,0.04996170339735633
2,3964,317.1999999999995,156,1,0.04996170339735633
2,3965,130.0499999999982,269,0,0.04996170339735633
2,3966,312.7499999999995,155,1,0.04996170339735633
2,3967,131.24999999999852,245,0,0.04996170339735633
2,3968,115.3999999999949,562,0,0.04996170339735633
2,3969,128.14999999999782,307,0,0.04996170339735633
2,3970,133.69999999999908,196,0,0.04996170339735633
2,3971,322.9499999999992,191,1,0.04996170339735633
2,3972,313.9999999999995,160,1,0.04996170339735633
2,3973,318.54999999999944,159,1,0.04996170339735633
2,3974,123.79999999999681,394,0,0.04996170339735633
2,3975,318.59999999999945,158,1,0.04996170339735633
2,3976,315.59999999999945,158,1,0.04996170339735633
2,3977,130.39999999999833,262,0,0.04996170339735633
2,3978,317.09999999999945,158,1,0.04996170339735633
2,3979,133.59999999999906,198,0,0.04996170339735633
2,3980,318.4499999999994,161,1,0.04996170339735633
2,3981,318.54999999999944,159,1,0.04996170339735633
2,3982,316.99999999999943,160,1,0.04996170339735633
2,3983,318.49999999999943,160,1,0.04996170339735633
2,3984,132.84999999999883,213,0,0.04996170339735633
2,3985,126.59999999999745,338,0,0.04996170339735633
2,3986,316.99999999999943,160,1,0.04996170339735633
2,3987,318.64999999999947,157,1,0.04996170339735633
2,3988,318.4999999999995,160,1,0.04996170339735633
2,3989,325.9999999999992,190,1,0.04996170339735633
2,3990,318.6999999999995,156,1,0.04996170339735633
2,3991,130.94999999999845,251,0,0.04996170339735633
2,3992,316.9499999999994,161,1,0.04996170339735633
2,3993,130.54999999999836,259,0,0.04996170339735633
2,3994,312.6999999999995,156,1,0.04996170339735633
2,3995,134.79999999999933,174,0,0.04996170339735633
2,3996,313.99999999999943,160,1,0.04996170339735633
2,3997,128.999999999998,290,0,0.04996170339735633
2,3998,125.29999999999715,364,0,0.04996170339735633
2,3999,135.64999999999952,157,0,0.04996170339735633
2,4000,314.14999999999947,157,1,0.04996170339735633
2,4001,312.7999999999995,154,1,0.04996170339735633
2,4002,131.6499999999986,237,0,0.04996170339735633
2,4003,121.3999999999963,442,0,0.04996170339735633
2,4004,133.099999999999,208,0,0.04996170339735633
2,4005,133.64999999999907,197,0,0.04996170339735633
2,4006,322.99999999999926,190,1,0.04996170339735633
2,4007,318.59999999999945,158,1,0.04996170339735633
2,4008,318.49999999999943,160,1,0.04996170339735633
2,4009,135.79999999999956,154,0,0.04996170339735633
2,4010,318.39999999999947,162,1,0.04996170339735633
2,4011,132.59999999999883,218,0,0.04996170339735633
2,4012,312.54999999999944,159,1,0.04996170339735633
2,4013,315.59999999999945,158,1,0.04996170339735633
2,4014,133.7999999999991,194,0,0.04996170339735633
2,4015,318.54999999999944,159,1,0.04996170339735633
2,4016,326.0999999999992,188,1,0.04996170339735633
2,4017,318.54999999999944,159,1,0.04996170339735633
2,4018,318.4499999999995,161,1,0.04996170339735633
2,4019,129.7999999999982,274,0,0.04996170339735633
2,4020,318.54999999999944,159,1,0.04996170339735633
2,4021,318.6999999999995,156,1,0.04996170339735633
2,4022,315.59999999999945,158,1,0.04996170339735633
2,4023,130.99999999999847,250,0,0.04996170339735633
2,4024,318.54999999999944,159,1,0.04996170339735633
2,4025,318.54999999999944,159,1,0.04996170339735633
2,4026,317.2499999999995,155,1,0.04996170339735633
2,4027,125.54999999999721,359,0,0.04996170339735633
2,4028,312.49999999999943,160,1,0.04996170339735633
2,4029,318.54999999999944,159,1,0.04996170339735633
2,4030,317.09999999999945,158,1,0.04996170339735633
2,4031,132.4999999999988,220,0,0.04996170339735633
2,4032,316.89999999999947,162,1,0.04996170339735633
2,4033,129.5499999999982,279,0,0.04996170339735633
2,4034,317.04999999999944,159,1,0.04996170339735633
2,4035,317.09999999999945,158,1,0.04996170339735633
2,4036,317.14999999999947,157,1,0.04996170339735633
2,4037,314.09999999999945,158,1,0.04996170339735633
2,4038,325.8999999999992,192,1,0.04996170339735633
2,4039,315.54999999999944,159,1,0.04996170339735633
2,4040,312.49999999999943,160,1,0.04996170339735633
2,4041,132.79999999999882,214,0,0.04996170339735633
2,4042,135.89999999999958,152,0,0.04996170339735633
2,4043,129.09999999999803,288,0,0.04996170339735633
2,4044,318.64999999999947,157,1,0.04996170339735633
2,4045,126.94999999999753,331,0,0.04996170339735633
2,4046,129.14999999999804,287,0,0.04996170339735633
2,4047,131.24999999999847,245,0,0.04996170339735633
2,4048,129.3999999999981,282,0,0.04996170339735633
2,4049,325.9999999999992,190,1,0.04996170339735633
2,4050,125.89999999999729,352,0,0.04996170339735633
2,4051,318.49999999999943,160,1,0.04996170339735633
2,4052,316.9499999999995,161,1,0.04996170339735633
2,4053,133.89999999999912,192,0,0.04996170339735633
2,4054,321.49999999999915,190,1,0.04996170339735633
2,4055,133.399999999999,202,0,0.04996170339735633
2,4056,135.29999999999944,164,0,0.04996170339735633
2,4057,135.0499999999994,169,0,0.04996170339735633
2,4058,133.8499999999991,193,0,0.04996170339735633
2,4059,316.89999999999947,162,1,0.04996170339735633
2,4060,312.8499999999995,153,1,0.04996170339735633
2,4061,314.14999999999947,157,1,0.04996170339735633
2,4062,318.59999999999945,158,1,0.04996170339735633
2,4063,134.04999999999916,189,0,0.04996170339735633
2,4064,129.29999999999808,284,0,0.04996170339735633
2,4065,312.54999999999944,159,1,0.04996170339735633
2,4066,316.99999999999943,160,1,0.04996170339735633
2,4067,134.6999999999993,176,0,0.04996170339735633
2,4068,134.8999999999994,172,0,0.04996170339735633
2,4069,126.64999999999749,337,0,0.04996170339735633
2,4070,318.54999999999944,159,1,0.04996170339735633
2,4071,314.04999999999944,159,1,0.04996170339735633
2,4072,124.69999999999705,376,0,0.04996170339735633
2,4073,117.69999999999543,516,0,0.04996170339735633
2,4074,134.04999999999916,189,0,0.04996170339735633
2,4075,317.04999999999944,159,1,0.04996170339735633
2,4076,132.79999999999887,214,0,0.04996170339735633
2,4077,319.9499999999995,161,1,0.04996170339735633
2,4078,128.94999999999794,291,0,0.04996170339735633
2,4079,318.49999999999943,160,1,0.04996170339735633
2,4080,319.9499999999994,161,1,0.04996170339735633
2,4081,318.54999999999944,159,1,0.04996170339735633
2,4082,133.54999999999905,199,0,0.04996170339735633
2,4083,321.4499999999992,191,1,0.04996170339735633
2,4084,318.6999999999995,156,1,0.04996170339735633
2,4085,318.54999999999944,159,1,0.04996170339735633
2,4086,125.5999999999972,358,0,0.04996170339735633
2,4087,318.4999999999995,160,1,0.04996170339735633
2,4088,155.2499999999995,155,0,0.04996170339735633
2,4089,312.6999999999995,156,1,0.04996170339735633
2,4090,133.94999999999914,191,0,0.04996170339735633
2,4091,312.59999999999945,158,1,0.04996170339735633
2,4092,317.04999999999944,159,1,0.04996170339735633
2,4093,132.0499999999987,229,0,0.04996170339735633
2,4094,318.4499999999995,161,1,0.04996170339735633
2,4095,315.34999999999945,163,1,0.04996170339735633
2,4096,315.54999999999944,159,1,0.04996170339735633
2,4097,318.54999999999944,159,1,0.04996170339735633
2,4098,312.49999999999943,160,1,0.04996170339735633
2,4099,314.09999999999945,158,1,0.04996170339735633
2,4100,128.74999999999795,295,0,0.04996170339735633
2,4101,133.399999999999,202,0,0.04996170339735633
2,4102,318.54999999999944,159,1,0.04996170339735633
2,4103,132.4999999999988,220,0,0.04996170339735633
2,4104,312.4499999999994,161,1,0.04996170339735633
2,4105,130.39999999999833,262,0,0.04996170339735633
2,4106,134.29999999999922,184,0,0.04996170339735633
2,4107,126.84999999999748,333,0,0.04996170339735633
2,4108,318.54999999999944,159,1,0.04996170339735633
2,4109,312.64999999999947,157,1,0.04996170339735633
2,4110,133.89999999999912,192,0,0.04996170339735633
2,4111,127.39999999999763,322,0,0.04996170339735633
2,4112,318.54999999999944,159,1,0.04996170339735633
2,4113,318.49999999999943,160,1,0.04996170339735633
2,4114,129.54999999999814,279,0,0.04996170339735633
2,4115,322.9999999999992,190,1,0.04996170339735633
2,4116,318.6999999999995,156,1,0.04996170339735633
2,4117,318.59999999999945,158,1,0.04996170339735633
2,4118,316.99999999999943,160,1,0.04996170339735633
2,4119,130.2499999999983,265,0,0.04996170339735633
2,4120,312.54999999999944,159,1,0.04996170339735633
2,4121,134.6499999999993,177,0,0.04996170339735633
2,4122,132.79999999999887,214,0,0.04996170339735633
2,4123,133.44999999999908,201,0,0.04996170339735633
2,4124,312.59999999999945,158,1,0.04996170339735633
2,4125,325.8999999999992,192,1,0.04996170339735633
2,4126,318.59999999999945,158,1,0.04996170339735633
2,4127,318.54999999999944,159,1,0.04996170339735633
2,4128,315.54999999999944,159,1,0.04996170339735633
2,4129,130.99999999999847,250,0,0.04996170339735633
2,4130,318.3499999999994,163,1,0.04996170339735633
2,4131,318.59999999999945,158,1,0.04996170339735633
2,4132,318.4499999999994,161,1,0.04996170339735633
2,4133,318.59999999999945,158,1,0.04996170339735633
2,4134,132.54999999999882,219,0,0.04996170339735633
2,4135,318.49999999999943,160,1,0.04996170339735633
2,4136,317.04999999999944,159,1,0.04996170339735633
2,4137,312.49999999999943,160,1,0.04996170339735633
2,4138,312.54999999999944,159,1,0.04996170339735633
2,4139,133.349999999999,203,0,0.04996170339735633
2,4140,130.39999999999833,262,0,0.04996170339735633
2,4141,133.59999999999906,198,0,0.04996170339735633
2,4142,110.0999999999937,668,0,0.04996170339735633
2,4143,130.09999999999826,268,0,0.04996170339735633
2,4144,318.49999999999943,160,1,0.04996170339735633
2,4145,319.89999999999947,162,1,0.04996170339735633
2,4146,318.59999999999945,158,1,0.04996170339735633
2,4147,318.3499999999994,163,1,0.04996170339735633
2,4148,318.64999999999947,157,1,0.04996170339735633
2,4149,313.9499999999995,161,1,0.04996170339735633
2,4150,133.09999999999894,208,0,0.04996170339735633
2,4151,318.54999999999944,159,1,0.04996170339735633
2,4152,132.99999999999892,210,0,0.04996170339735633
2,4153,318.59999999999945,158,1,0.04996170339735633
2,4154,115.89999999999502,552,0,0.04996170339735633
2,4155,127.5499999999977,319,0,0.04996170339735633
2,4156,317.04999999999944,159,1,0.04996170339735633
2,4157,318.54999999999944,159,1,0.04996170339735633
2,4158,314.09999999999945,158,1,0.04996170339735633
2,4159,136.29999999999967,144,0,0.04996170339735633
2,4160,317.09999999999945,158,1,0.04996170339735633
2,4161,317.09999999999945,158,1,0.04996170339735633
2,4162,125.7999999999973,354,0,0.04996170339735633
2,4163,318.4499999999995,161,1,0.04996170339735633
2,4164,40.450000000000145,81,0,0.04996170339735633
2,4165,130.79999999999842,254,0,0.04996170339735633
2,4166,321.49999999999915,190,1,0.04996170339735633
2,4167,312.59999999999945,158,1,0.04996170339735633
2,4168,318.4499999999995,161,1,0.04996170339735633
2,4169,318.59999999999945,158,1,0.04996170339735633
2,4170,318.64999999999947,157,1,0.04996170339735633
2,4171,318.49999999999943,160,1,0.04996170339735633
2,4172,312.6499999999995,157,1,0.04996170339735633
2,4173,312.54999999999944,159,1,0.04996170339735633
2,4174,318.54999999999944,159,1,0.04996170339735633
2,4175,134.99999999999932,170,0,0.04996170339735633
2,4176,125.6499999999972,357,0,0.04996170339735633
2,4177,128.39999999999787,302,0,0.04996170339735633
2,4178,318.54999999999944,159,1,0.04996170339735633
2,4179,318.64999999999947,157,1,0.04996170339735633
2,4180,316.89999999999947,162,1,0.04996170339735633
2,4181,318.54999999999944,159,1,0.04996170339735633
2,4182,318.4999999999995,160,1,0.04996170339735633
2,4183,318.59999999999945,158,1,0.04996170339735633
2,4184,313.9499999999994,161,1,0.04996170339735633
2,4185,130.94999999999845,251,0,0.04996170339735633
2,4186,312.4499999999994,161,1,0.04996170339735633
2,4187,318.59999999999945,158,1,0.04996170339735633
2,4188,318.59999999999945,158,1,0.04996170339735633
2,4189,317.04999999999944,159,1,0.04996170339735633
2,4190,312.6999999999995,156,1,0.04996170339735633
2,4191,312.3999999999994,162,1,0.04996170339735633
2,4192,133.64999999999907,197,0,0.04996170339735633
2,4193,318.49999999999943,160,1,0.04996170339735633
2,4194,318.49999999999943,160,1,0.04996170339735633
2,4195,322.8499999999994,163,1,0.04996170339735633
2,4196,315.49999999999943,160,1,0.04996170339735633
2,4197,313.84999999999945,163,1,0.04996170339735633
2,4198,132.24999999999875,225,0,0.04996170339735633
2,4199,312.54999999999944,159,1,0.04996170339735633
2,4200,318.64999999999947,157,1,0.04996170339735633
2,4201,134.39999999999924,182,0,0.04996170339735633
2,4202,131.29999999999853,244,0,0.04996170339735633
2,4203,313.9499999999994,161,1,0.04996170339735633
2,4204,133.84999999999906,193,0,0.04996170339735633
2,4205,318.54999999999944,159,1,0.04996170339735633
2,4206,131.69999999999862,236,0,0.04996170339735633
2,4207,318.59999999999945,158,1,0.04996170339735633
2,4208,318.59999999999945,158,1,0.04996170339735633
2,4209,318.4999999999995,160,1,0.04996170339735633
2,4210,120.54999999999605,459,0,0.04996170339735633
2,4211,312.7499999999995,155,1,0.04996170339735633
2,4212,325.9999999999992,190,1,0.04996170339735633
2,4213,316.9499999999995,161,1,0.04996170339735633
2,4214,318.54999999999944,159,1,0.04996170339735633
2,4215,318.59999999999945,158,1,0.04996170339735633
2,4216,318.54999999999944,159,1,0.04996170339735633
2,4217,129.99999999999824,270,0,0.04996170339735633
2,4218,321.4999999999992,190,1,0.04996170339735633
2,4219,322.9999999999992,190,1,0.04996170339735633
2,4220,132.9499999999989,211,0,0.04996170339735633
2,4221,318.49999999999943,160,1,0.04996170339735633
2,4222,315.4999999999995,160,1,0.04996170339735633
2,4223,322.8999999999992,192,1,0.04996170339735633
2,4224,312.59999999999945,158,1,0.04996170339735633
2,4225,318.54999999999944,159,1,0.04996170339735633
2,4226,113.24999999999444,605,0,0.04996170339735633
2,4227,318.54999999999944,159,1,0.04996170339735633
2,4228,130.99999999999847,250,0,0.04996170339735633
2,4229,318.59999999999945,158,1,0.04996170339735633
2,4230,318.4999999999995,160,1,0.04996170339735633
2,4231,312.69999999999953,156,1,0.04996170339735633
2,4232,321.4999999999992,190,1,0.04996170339735633
2,4233,131.29999999999853,244,0,0.04996170339735633
2,4234,318.4499999999995,161,1,0.04996170339735633
2,4235,315.54999999999944,159,1,0.04996170339735633
2,4236,133.349999999999,203,0,0.04996170339735633
2,4237,128.899999999998,292,0,0.04996170339735633
2,4238,325.9999999999992,190,1,0.04996170339735633
2,4239,321.49999999999915,190,1,0.04996170339735633
2,4240,318.64999999999947,157,1,0.04996170339735633
2,4241,318.4999999999995,160,1,0.04996170339735633
2,4242,318.49999999999915,190,1,0.04996170339735633
2,4243,318.4999999999995,160,1,0.04996170339735633
2,4244,318.64999999999947,157,1,0.04996170339735633
2,4245,325.9999999999992,190,1,0.04996170339735633
2,4246,318.2499999999994,165,1,0.04996170339735633
2,4247,318.4499999999995,161,1,0.04996170339735633
2,4248,312.4499999999995,161,1,0.04996170339735633
2,4249,317.09999999999945,158,1,0.04996170339735633
2,4250,315.64999999999947,157,1,0.04996170339735633
2,4251,318.49999999999943,160,1,0.04996170339735633
2,4252,312.4499999999994,161,1,0.04996170339735633
2,4253,132.54999999999882,219,0,0.04996170339735633
2,4254,319.9999999999992,190,1,0.04996170339735633
2,4255,318.49999999999943,160,1,0.04996170339735633
2,4256,314.04999999999944,159,1,0.04996170339735633
2,4257,318.49999999999943,160,1,0.04996170339735633
2,4258,313.9499999999995,161,1,0.04996170339735633
2,4259,318.59999999999945,158,1,0.04996170339735633
2,4260,134.7999999999994,174,0,0.04996170339735633
2,4261,322.9999999999992,190,1,0.04996170339735633
2,4262,312.64999999999947,157,1,0.04996170339735633
2,4263,132.49999999999875,220,0,0.04996170339735633
2,4264,318.59999999999945,158,1,0.04996170339735633
2,4265,131.04999999999848,249,0,0.04996170339735633
2,4266,318.49999999999943,160,1,0.04996170339735633
2,4267,312.59999999999945,158,1,0.04996170339735633
2,4268,317.14999999999947,157,1,0.04996170339735633
2,4269,127.04999999999755,329,0,0.04996170339735633
2,4270,128.14999999999776,307,0,0.04996170339735633
2,4271,130.2999999999983,264,0,0.04996170339735633
2,4272,318.54999999999944,159,1,0.04996170339735633
2,4273,318.59999999999945,158,1,0.04996170339735633
2,4274,135.19999999999942,166,0,0.04996170339735633
2,4275,128.19999999999783,306,0,0.04996170339735633
2,4276,132.74999999999886,215,0,0.04996170339735633
2,4277,312.49999999999943,160,1,0.04996170339735633
2,4278,313.99999999999943,160,1,0.04996170339735633
2,4279,318.54999999999944,159,1,0.04996170339735633
2,4280,319.99999999999915,190,1,0.04996170339735633
2,4281,317.09999999999945,158,1,0.04996170339735633
2,4282,318.49999999999943,160,1,0.04996170339735633
2,4283,126.64999999999743,337,0,0.04996170339735633
2,4284,312.4499999999994,161,1,0.04996170339735633
2,4285,312.49999999999943,160,1,0.04996170339735633
2,4286,318.6999999999995,156,1,0.04996170339735633
2,4287,127.29999999999761,324,0,0.04996170339735633
2,4288,133.59999999999906,198,0,0.04996170339735633
2,4289,134.14999999999918,187,0,0.04996170339735633
2,4290,318.4999999999995,160,1,0.04996170339735633
2,4291,318.49999999999943,160,1,0.04996170339735633
2,4292,312.64999999999947,157,1,0.04996170339735633
2,4293,317.09999999999945,158,1,0.04996170339735633
2,4294,124.99999999999709,370,0,0.04996170339735633
2,4295,312.4499999999994,161,1,0.04996170339735633
2,4296,318.59999999999945,158,1,0.04996170339735633
2,4297,131.49999999999858,240,0,0.04996170339735633
2,4298,318.59999999999945,158,1,0.04996170339735633
2,4299,312.59999999999945,158,1,0.04996170339735633
2,4300,129.54999999999814,279,0,0.04996170339735633
2,4301,318.49999999999943,160,1,0.04996170339735633
2,4302,124.24999999999689,385,0,0.04996170339735633
2,4303,318.4999999999995,160,1,0.04996170339735633
2,4304,130.09999999999826,268,0,0.04996170339735633
2,4305,134.6499999999993,177,0,0.04996170339735633
2,4306,318.54999999999944,159,1,0.04996170339735633
2,4307,316.9999999999995,160,1,0.04996170339735633
2,4308,316.9999999999995,160,1,0.04996170339735633
2,4309,126.89999999999755,332,0,0.04996170339735633
2,4310,315.64999999999947,157,1,0.04996170339735633
2,4311,128.99999999999795,290,0,0.04996170339735633
2,4312,318.64999999999947,157,1,0.04996170339735633
2,4313,312.54999999999944,159,1,0.04996170339735633
2,4314,126.49999999999746,340,0,0.04996170339735633
2,4315,316.9499999999995,161,1,0.04996170339735633
2,4316,318.49999999999943,160,1,0.04996170339735633
2,4317,313.99999999999943,160,1,0.04996170339735633
2,4318,122.84999999999665,413,0,0.04996170339735633
2,4319,131.29999999999853,244,0,0.04996170339735633
2,4320,129.74999999999812,275,0,0.04996170339735633
2,4321,318.54999999999944,159,1,0.04996170339735633
2,4322,131.54999999999853,239,0,0.04996170339735633
2,4323,132.69999999999885,216,0,0.04996170339735633
2,4324,317.04999999999944,159,1,0.04996170339735633
2,4325,318.49999999999943,160,1,0.04996170339735633
2,4326,315.54999999999944,159,1,0.04996170339735633
2,4327,316.9499999999995,161,1,0.04996170339735633
2,4328,318.54999999999944,159,1,0.04996170339735633
2,4329,315.59999999999945,158,1,0.04996170339735633
2,4330,318.4999999999995,160,1,0.04996170339735633
2,4331,318.4999999999995,160,1,0.04996170339735633
2,4332,124.9499999999971,371,0,0.04996170339735633
2,4333,318.4499999999995,161,1,0.04996170339735633
2,4334,314.04999999999944,159,1,0.04996170339735633
2,4335,324.4999999999992,190,1,0.04996170339735633
2,4336,313.99999999999943,160,1,0.04996170339735633
2,4337,318.59999999999945,158,1,0.04996170339735633
2,4338,318.64999999999947,157,1,0.04996170339735633
2,4339,312.54999999999944,159,1,0.04996170339735633
2,4340,312.5999999999995,158,1,0.04996170339735633
2,4341,128.899999999998,292,0,0.04996170339735633
2,4342,317.1999999999995,156,1,0.04996170339735633
2,4343,312.49999999999943,160,1,0.04996170339735633
2,4344,318.64999999999947,157,1,0.04996170339735633
2,4345,91.14999999999996,117,0,0.04996170339735633
2,4346,325.9999999999992,190,1,0.04996170339735633
2,4347,312.4499999999995,161,1,0.04996170339735633
2,4348,126.89999999999752,332,0,0.04996170339735633
2,4349,316.89999999999947,162,1,0.04996170339735633
2,4350,132.64999999999884,217,0,0.04996170339735633
2,4351,322.9999999999992,190,1,0.04996170339735633
2,4352,318.59999999999945,158,1,0.04996170339735633
2,4353,318.54999999999944,159,1,0.04996170339735633
2,4354,126.99999999999757,330,0,0.04996170339735633
2,4355,325.9999999999992,190,1,0.04996170339735633
2,4356,312.5499999999995,159,1,0.04996170339735633
2,4357,134.6499999999993,177,0,0.04996170339735633
2,4358,315.64999999999947,157,1,0.04996170339735633
2,4359,318.49999999999943,160,1,0.04996170339735633
2,4360,126.69999999999744,336,0,0.04996170339735633
2,4361,318.64999999999947,157,1,0.04996170339735633
2,4362,312.59999999999945,158,1,0.04996170339735633
2,4363,318.49999999999943,160,1,0.04996170339735633
2,4364,132.39999999999878,222,0,0.04996170339735633
2,4365,133.399999999999,202,0,0.04996170339735633
2,4366,317.1999999999995,156,1,0.04996170339735633
2,4367,312.59999999999945,158,1,0.04996170339735633
2,4368,317.04999999999944,159,1,0.04996170339735633
2,4369,155.2999999999995,154,0,0.04996170339735633
2,4370,132.54999999999882,219,0,0.04996170339735633
2,4371,122.89999999999664,412,0,0.04996170339735633
2,4372,318.59999999999945,158,1,0.04996170339735633
2,4373,314.04999999999944,159,1,0.04996170339735633
2,4374,312.7999999999995,154,1,0.04996170339735633
2,4375,133.24999999999892,205,0,0.04996170339735633
2,4376,312.7999999999995,154,1,0.04996170339735633
2,4377,318.64999999999947,157,1,0.04996170339735633
2,4378,134.89999999999935,172,0,0.04996170339735633
2,4379,318.4999999999995,160,1,0.04996170339735633
2,4380,155.2999999999995,154,0,0.04996170339735633
2,4381,312.4499999999995,161,1,0.04996170339735633
2,4382,318.59999999999945,158,1,0.04996170339735633
2,4383,312.54999999999944,159,1,0.04996170339735633
2,4384,316.9999999999992,190,1,0.04996170339735633
2,4385,318.4999999999995,160,1,0.04996170339735633
2,4386,91.15000000000002,117,0,0.04996170339735633
2,4387,317.09999999999945,158,1,0.04996170339735633
2,4388,312.6999999999995,156,1,0.04996170339735633
2,4389,129.7999999999982,274,0,0.04996170339735633
2,4390,123.64999999999678,397,0,0.04996170339735633
2,4391,318.4499999999994,161,1,0.04996170339735633
2,4392,317.04999999999944,159,1,0.04996170339735633
2,4393,133.399999999999,202,0,0.04996170339735633
2,4394,134.09999999999917,188,0,0.04996170339735633
2,4395,98.64999999999999,117,0,0.04996170339735633
2,4396,322.9999999999992,190,1,0.04996170339735633
2,4397,312.59999999999945,158,1,0.04996170339735633
2,4398,321.4999999999992,190,1,0.04996170339735633
2,4399,318.59999999999945,158,1,0.04996170339735633
2,4400,318.4499999999994,161,1,0.04996170339735633
2,4401,133.7999999999991,194,0,0.04996170339735633
2,4402,133.94999999999914,191,0,0.04996170339735633
2,4403,318.4999999999995,160,1,0.04996170339735633
2,4404,128.29999999999785,304,0,0.04996170339735633
2,4405,318.59999999999945,158,1,0.04996170339735633
2,4406,325.9999999999992,190,1,0.04996170339735633
2,4407,312.7499999999995,155,1,0.04996170339735633
2,4408,128.949999999998,291,0,0.04996170339735633
2,4409,321.4999999999992,190,1,0.04996170339735633
2,4410,125.54999999999724,359,0,0.04996170339735633
2,4411,322.9499999999992,191,1,0.04996170339735633
2,4412,318.54999999999944,159,1,0.04996170339735633
2,4413,132.99999999999892,210,0,0.04996170339735633
2,4414,312.39999999999947,162,1,0.04996170339735633
2,4415,320.04999999999944,159,1,0.04996170339735633
2,4416,318.4999999999995,160,1,0.04996170339735633
2,4417,131.29999999999853,244,0,0.04996170339735633
2,4418,318.54999999999944,159,1,0.04996170339735633
2,4419,134.0999999999991,188,0,0.04996170339735633
2,4420,318.59999999999945,158,1,0.04996170339735633
2,4421,314.04999999999944,159,1,0.04996170339735633
2,4422,318.6999999999995,156,1,0.04996170339735633
2,4423,318.39999999999947,162,1,0.04996170339735633
2,4424,133.84999999999906,193,0,0.04996170339735633
2,4425,131.89999999999867,232,0,0.04996170339735633
2,4426,129.29999999999808,284,0,0.04996170339735633
2,4427,318.59999999999945,158,1,0.04996170339735633
2,4428,126.44999999999744,341,0,0.04996170339735633
2,4429,132.69999999999885,216,0,0.04996170339735633
2,4430,321.49999999999926,190,1,0.04996170339735633
2,4431,318.6999999999995,156,1,0.04996170339735633
2,4432,317.14999999999947,157,1,0.04996170339735633
2,4433,318.49999999999943,160,1,0.04996170339735633
2,4434,133.99999999999915,190,0,0.04996170339735633
2,4435,127.14999999999763,327,0,0.04996170339735633
2,4436,312.6999999999995,156,1,0.04996170339735633
2,4437,318.54999999999944,159,1,0.04996170339735633
2,4438,129.89999999999816,272,0,0.04996170339735633
2,4439,312.64999999999947,157,1,0.04996170339735633
2,4440,120.39999999999604,462,0,0.04996170339735633
2,4441,312.6999999999995,156,1,0.04996170339735633
2,4442,314.04999999999944,159,1,0.04996170339735633
2,4443,40.450000000000145,81,0,0.04996170339735633
2,4444,317.09999999999945,158,1,0.04996170339735633
2,4445,325.9999999999992,190,1,0.04996170339735633
2,4446,129.09999999999803,288,0,0.04996170339735633
2,4447,133.14999999999895,207,0,0.04996170339735633
2,4448,132.19999999999874,226,0,0.04996170339735633
2,4449,321.4999999999992,190,1,0.04996170339735633
2,4450,318.64999999999947,157,1,0.04996170339735633
2,4451,129.59999999999815,278,0,0.04996170339735633
2,4452,318.4999999999995,160,1,0.04996170339735633
2,4453,319.9499999999994,161,1,0.04996170339735633
2,4454,318.59999999999945,158,1,0.04996170339735633
2,4455,135.24999999999943,165,0,0.04996170339735633
2,4456,317.04999999999944,159,1,0.04996170339735633
2,4457,315.54999999999944,159,1,0.04996170339735633
2,4458,133.24999999999898,205,0,0.04996170339735633
2,4459,318.4499999999994,161,1,0.04996170339735633
2,4460,318.49999999999943,160,1,0.04996170339735633
2,4461,322.9999999999992,190,1,0.04996170339735633
2,4462,132.99999999999892,210,0,0.04996170339735633
2,4463,315.59999999999945,158,1,0.04996170339735633
2,4464,316.99999999999943,160,1,0.04996170339735633
2,4465,315.54999999999944,159,1,0.04996170339735633
2,4466,318.49999999999943,160,1,0.04996170339735633
2,4467,134.39999999999924,182,0,0.04996170339735633
2,4468,133.19999999999897,206,0,0.04996170339735633
2,4469,318.4499999999995,161,1,0.04996170339735633
2,4470,318.4999999999995,160,1,0.04996170339735633
2,4471,128.74999999999795,295,0,0.04996170339735633
2,4472,312.64999999999947,157,1,0.04996170339735633
2,4473,312.7999999999995,154,1,0.04996170339735633
2,4474,133.99999999999915,190,0,0.04996170339735633
2,4475,312.54999999999944,159,1,0.04996170339735633
2,4476,313.9499999999994,161,1,0.04996170339735633
2,4477,133.09999999999894,208,0,0.04996170339735633
2,4478,134.59999999999928,178,0,0.04996170339735633
2,4479,135.24999999999943,165,0,0.04996170339735633
2,4480,315.49999999999943,160,1,0.04996170339735633
2,4481,125.89999999999729,352,0,0.04996170339735633
2,4482,134.49999999999926,180,0,0.04996170339735633
2,4483,325.9999999999992,190,1,0.04996170339735633
2,4484,318.59999999999945,158,1,0.04996170339735633
2,4485,325.99999999999915,190,1,0.04996170339735633
2,4486,317.04999999999944,159,1,0.04996170339735633
2,4487,316.99999999999943,160,1,0.04996170339735633
2,4488,317.14999999999947,157,1,0.04996170339735633
2,4489,314.04999999999944,159,1,0.04996170339735633
2,4490,325.9499999999992,191,1,0.04996170339735633
2,4491,312.49999999999943,160,1,0.04996170339735633
2,4492,134.99999999999937,170,0,0.04996170339735633
2,4493,317.04999999999944,159,1,0.04996170339735633
2,4494,325.9999999999992,190,1,0.04996170339735633
2,4495,131.9999999999987,230,0,0.04996170339735633
2,4496,133.7999999999991,194,0,0.04996170339735633
2,4497,318.59999999999945,158,1,0.04996170339735633
2,4498,318.49999999999943,160,1,0.04996170339735633
2,4499,129.59999999999815,278,0,0.04996170339735633
2,4500,318.49999999999943,160,1,0.04996170339735633
2,4501,318.64999999999947,157,1,0.04996170339735633
2,4502,135.1499999999994,167,0,0.04996170339735633
2,4503,317.09999999999945,158,1,0.04996170339735633
2,4504,312.7499999999995,155,1,0.04996170339735633
2,4505,318.59999999999945,158,1,0.04996170339735633
2,4506,317.2499999999995,155,1,0.04996170339735633
2,4507,126.49999999999743,340,0,0.04996170339735633
2,4508,325.9999999999992,190,1,0.04996170339735633
2,4509,318.49999999999943,160,1,0.04996170339735633
2,4510,126.3499999999974,343,0,0.04996170339735633
2,4511,129.4499999999981,281,0,0.04996170339735633
2,4512,313.99999999999943,160,1,0.04996170339735633
2,4513,318.54999999999944,159,1,0.04996170339735633
2,4514,129.29999999999808,284,0,0.04996170339735633
2,4515,312.64999999999947,157,1,0.04996170339735633
2,4516,325.9999999999992,190,1,0.04996170339735633
2,4517,316.99999999999943,160,1,0.04996170339735633
2,4518,123.69999999999679,396,0,0.04996170339735633
2,4519,314.09999999999945,158,1,0.04996170339735633
2,4520,116.14999999999507,547,0,0.04996170339735633
2,4521,316.9999999999995,160,1,0.04996170339735633
2,4522,134.44999999999925,181,0,0.04996170339735633
2,4523,321.4999999999992,190,1,0.04996170339735633
2,4524,318.64999999999947,157,1,0.04996170339735633
2,4525,318.54999999999944,159,1,0.04996170339735633
2,4526,318.4999999999995,160,1,0.04996170339735633
2,4527,318.4999999999995,160,1,0.04996170339735633
2,4528,322.99999999999915,190,1,0.04996170339735633
2,4529,325.99999999999926,190,1,0.04996170339735633
2,4530,132.79999999999887,214,0,0.04996170339735633
2,4531,132.4499999999988,221,0,0.04996170339735633
2,4532,134.79999999999933,174,0,0.04996170339735633
2,4533,318.64999999999947,157,1,0.04996170339735633
2,4534,316.84999999999917,193,1,0.04996170339735633
2,4535,318.4999999999995,160,1,0.04996170339735633
2,4536,317.04999999999944,159,1,0.04996170339735633
2,4537,318.54999999999944,159,1,0.04996170339735633
2,4538,317.04999999999944,159,1,0.04996170339735633
2,4539,312.79999999999956,154,1,0.04996170339735633
2,4540,97.14999999999999,117,0,0.04996170339735633
2,4541,317.04999999999944,159,1,0.04996170339735633
2,4542,134.4499999999992,181,0,0.04996170339735633
2,4543,124.74999999999703,375,0,0.04996170339735633
2,4544,314.14999999999947,157,1,0.04996170339735633
2,4545,322.9999999999992,190,1,0.04996170339735633
2,4546,134.59999999999928,178,0,0.04996170339735633
2,4547,136.14999999999964,147,0,0.04996170339735633
2,4548,318.54999999999944,159,1,0.04996170339735633
2,4549,129.69999999999817,276,0,0.04996170339735633
2,4550,312.49999999999943,160,1,0.04996170339735633
2,4551,318.49999999999943,160,1,0.04996170339735633
2,4552,135.19999999999942,166,0,0.04996170339735633
2,4553,325.9999999999992,190,1,0.04996170339735633
2,4554,134.84999999999934,173,0,0.04996170339735633
2,4555,316.99999999999943,160,1,0.04996170339735633
2,4556,318.59999999999945,158,1,0.04996170339735633
2,4557,318.4999999999995,160,1,0.04996170339735633
2,4558,325.9999999999992,190,1,0.04996170339735633
2,4559,317.04999999999944,159,1,0.04996170339735633
2,4560,132.99999999999892,210,0,0.04996170339735633
2,4561,318.49999999999943,160,1,0.04996170339735633
2,4562,315.59999999999945,158,1,0.04996170339735633
2,4563,156.69999999999953,156,0,0.04996170339735633
2,4564,312.4499999999995,161,1,0.04996170339735633
2,4565,312.29999999999944,164,1,0.04996170339735633
2,4566,316.9999999999995,160,1,0.04996170339735633
2,4567,133.549999999999,199,0,0.04996170339735633
2,4568,130.89999999999844,252,0,0.04996170339735633
2,4569,312.4999999999995,160,1,0.04996170339735633
2,4570,312.6999999999995,156,1,0.04996170339735633
2,4571,133.7499999999991,195,0,0.04996170339735633
2,4572,318.49999999999943,160,1,0.04996170339735633
2,4573,323.04999999999944,159,1,0.04996170339735633
2,4574,133.299999999999,204,0,0.04996170339735633
2,4575,321.4999999999992,190,1,0.04996170339735633
2,4576,132.8999999999989,212,0,0.04996170339735633
2,4577,123.84999999999683,393,0,0.04996170339735633
2,4578,318.39999999999947,162,1,0.04996170339735633
2,4579,133.74999999999915,195,0,0.04996170339735633
2,4580,130.9999999999984,250,0,0.04996170339735633
2,4581,318.59999999999945,158,1,0.04996170339735633
2,4582,325.9999999999992,190,1,0.04996170339735633
2,4583,132.19999999999874,226,0,0.04996170339735633
2,4584,312.6999999999995,156,1,0.04996170339735633
2,4585,317.04999999999944,159,1,0.04996170339735633
2,4586,312.39999999999947,162,1,0.04996170339735633
2,4587,316.99999999999943,160,1,0.04996170339735633
2,4588,312.49999999999943,160,1,0.04996170339735633
2,4589,312.6999999999995,156,1,0.04996170339735633
2,4590,322.8999999999992,192,1,0.04996170339735633
2,4591,130.64999999999839,257,0,0.04996170339735633
2,4592,133.7499999999991,195,0,0.04996170339735633
2,4593,318.49999999999943,160,1,0.04996170339735633
2,4594,312.49999999999943,160,1,0.04996170339735633
2,4595,318.4499999999994,161,1,0.04996170339735633
2,4596,317.09999999999945,158,1,0.04996170339735633
2,4597,318.59999999999945,158,1,0.04996170339735633
2,4598,317.1999999999995,156,1,0.04996170339735633
2,4599,133.8499999999991,193,0,0.04996170339735633
2,4600,318.64999999999947,157,1,0.04996170339735633
2,4601,312.64999999999947,157,1,0.04996170339735633
2,4602,316.99999999999943,160,1,0.04996170339735633
2,4603,133.44999999999902,201,0,0.04996170339735633
2,4604,135.54999999999944,159,0,0.04996170339735633
2,4605,312.7499999999995,155,1,0.04996170339735633
2,4606,134.79999999999933,174,0,0.04996170339735633
2,4607,133.7499999999991,195,0,0.04996170339735633
2,4608,132.8499999999989,213,0,0.04996170339735633
2,4609,318.6999999999995,156,1,0.04996170339735633
2,4610,312.69999999999953,156,1,0.04996170339735633
2,4611,318.59999999999945,158,1,0.04996170339735633
2,4612,317.14999999999947,157,1,0.04996170339735633
2,4613,318.59999999999945,158,1,0.04996170339735633
2,4614,317.09999999999945,158,1,0.04996170339735633
2,4615,317.09999999999945,158,1,0.04996170339735633
2,4616,124.69999999999702,376,0,0.04996170339735633
2,4617,312.3499999999994,163,1,0.04996170339735633
2,4618,128.14999999999776,307,0,0.04996170339735633
2,4619,155.2499999999995,155,0,0.04996170339735633
2,4620,318.54999999999944,159,1,0.04996170339735633
2,4621,134.1999999999992,186,0,0.04996170339735633
2,4622,321.4499999999992,191,1,0.04996170339735633
2,4623,318.4499999999995,161,1,0.04996170339735633
2,4624,38.950000000000145,81,0,0.04996170339735633
2,4625,316.99999999999943,160,1,0.04996170339735633
2,4626,322.9999999999992,190,1,0.04996170339735633
2,4627,312.4499999999994,161,1,0.04996170339735633
2,4628,319.99999999999915,190,1,0.04996170339735633
2,4629,132.8499999999989,213,0,0.04996170339735633
2,4630,126.39999999999743,342,0,0.04996170339735633
2,4631,312.6499999999995,157,1,0.04996170339735633
2,4632,133.69999999999908,196,0,0.04996170339735633
2,4633,318.54999999999944,159,1,0.04996170339735633
2,4634,318.54999999999944,159,1,0.04996170339735633
2,4635,312.59999999999945,158,1,0.04996170339735633
2,4636,129.64999999999816,277,0,0.04996170339735633
2,4637,125.54999999999721,359,0,0.04996170339735633
2,4638,318.4999999999995,160,1,0.04996170339735633
2,4639,318.49999999999943,160,1,0.04996170339735633
2,4640,312.54999999999944,159,1,0.04996170339735633
2,4641,318.4499999999995,161,1,0.04996170339735633
2,4642,312.4499999999994,161,1,0.04996170339735633
2,4643,318.49999999999943,160,1,0.04996170339735633
2,4644,317.04999999999944,159,1,0.04996170339735633
2,4645,130.09999999999832,268,0,0.04996170339735633
2,4646,124.54999999999698,379,0,0.04996170339735633
2,4647,313.9499999999995,161,1,0.04996170339735633
2,4648,321.4499999999992,191,1,0.04996170339735633
2,4649,317.04999999999944,159,1,0.04996170339735633
2,4650,318.54999999999944,159,1,0.04996170339735633
2,4651,325.9999999999992,190,1,0.04996170339735633
2,4652,312.5999999999995,158,1,0.04996170339735633
2,4653,318.64999999999947,157,1,0.04996170339735633
2,4654,318.54999999999944,159,1,0.04996170339735633
2,4655,312.5999999999995,158,1,0.04996170339735633
2,4656,322.9999999999992,190,1,0.04996170339735633
2,4657,312.54999999999944,159,1,0.04996170339735633
2,4658,126.74999999999748,335,0,0.04996170339735633
2,4659,318.4499999999995,161,1,0.04996170339735633
2,4660,133.299999999999,204,0,0.04996170339735633
2,4661,318.54999999999944,159,1,0.04996170339735633
2,4662,135.34999999999945,163,0,0.04996170339735633
2,4663,316.99999999999943,160,1,0.04996170339735633
2,4664,312.54999999999944,159,1,0.04996170339735633
2,4665,318.4999999999995,160,1,0.04996170339735633
2,4666,312.54999999999944,159,1,0.04996170339735633
2,4667,321.4999999999992,190,1,0.04996170339735633
2,4668,133.44999999999902,201,0,0.04996170339735633
2,4669,133.19999999999897,206,0,0.04996170339735633
2,4670,318.4499999999994,161,1,0.04996170339735633
2,4671,132.0499999999987,229,0,0.04996170339735633
2,4672,129.19999999999806,286,0,0.04996170339735633
2,4673,318.49999999999943,160,1,0.04996170339735633
2,4674,318.64999999999947,157,1,0.04996170339735633
2,4675,134.44999999999925,181,0,0.04996170339735633
2,4676,317.04999999999944,159,1,0.04996170339735633
2,4677,134.99999999999937,170,0,0.04996170339735633
2,4678,317.04999999999944,159,1,0.04996170339735633
2,4679,322.99999999999915,190,1,0.04996170339735633
2,4680,133.299999999999,204,0,0.04996170339735633
2,4681,317.09999999999945,158,1,0.04996170339735633
2,4682,312.54999999999944,159,1,0.04996170339735633
2,4683,312.4999999999995,160,1,0.04996170339735633
2,4684,318.54999999999944,159,1,0.04996170339735633
2,4685,318.3499999999994,163,1,0.04996170339735633
2,4686,317.14999999999947,157,1,0.04996170339735633
2,4687,91.15000000000002,117,0,0.04996170339735633
2,4688,315.54999999999944,159,1,0.04996170339735633
2,4689,318.4999999999995,160,1,0.04996170339735633
2,4690,317.04999999999944,159,1,0.04996170339735633
2,4691,134.14999999999918,187,0,0.04996170339735633
2,4692,312.5999999999995,158,1,0.04996170339735633
2,4693,314.14999999999947,157,1,0.04996170339735633
2,4694,316.9999999999995,160,1,0.04996170339735633
2,4695,318.54999999999944,159,1,0.04996170339735633
2,4696,312.4999999999995,160,1,0.04996170339735633
2,4697,318.64999999999947,157,1,0.04996170339735633
2,4698,316.9499999999995,161,1,0.04996170339735633
2,4699,135.5499999999995,159,0,0.04996170339735633
2,4700,318.54999999999944,159,1,0.04996170339735633
2,4701,319.9999999999995,160,1,0.04996170339735633
2,4702,317.09999999999945,158,1,0.04996170339735633
2,4703,318.54999999999944,159,1,0.04996170339735633
2,4704,318.4999999999995,160,1,0.04996170339735633
2,4705,312.6999999999995,156,1,0.04996170339735633
2,4706,134.84999999999928,173,0,0.04996170339735633
2,4707,317.09999999999945,158,1,0.04996170339735633
2,4708,130.74999999999835,255,0,0.04996170339735633
2,4709,315.49999999999943,160,1,0.04996170339735633
2,4710,133.14999999999895,207,0,0.04996170339735633
2,4711,316.9999999999995,160,1,0.04996170339735633
2,4712,315.4999999999995,160,1,0.04996170339735633
2,4713,132.29999999999876,224,0,0.04996170339735633
2,4714,312.6999999999995,156,1,0.04996170339735633
2,4715,134.39999999999924,182,0,0.04996170339735633
2,4716,318.54999999999944,159,1,0.04996170339735633
2,4717,316.99999999999943,160,1,0.04996170339735633
2,4718,129.99999999999824,270,0,0.04996170339735633
2,4719,318.64999999999947,157,1,0.04996170339735633
2,4720,131.34999999999854,243,0,0.04996170339735633
2,4721,318.49999999999943,160,1,0.04996170339735633
2,4722,130.84999999999843,253,0,0.04996170339735633
2,4723,134.99999999999937,170,0,0.04996170339735633
2,4724,130.54999999999836,259,0,0.04996170339735633
2,4725,134.94999999999936,171,0,0.04996170339735633
2,4726,312.59999999999945,158,1,0.04996170339735633
2,4727,134.39999999999924,182,0,0.04996170339735633
2,4728,318.54999999999944,159,1,0.04996170339735633
2,4729,134.89999999999935,172,0,0.04996170339735633
2,4730,130.59999999999837,258,0,0.04996170339735633
2,4731,318.54999999999944,159,1,0.04996170339735633
2,4732,318.4499999999994,161,1,0.04996170339735633
2,4733,318.59999999999945,158,1,0.04996170339735633
2,4734,325.9999999999992,190,1,0.04996170339735633
2,4735,135.14999999999947,167,0,0.04996170339735633
2,4736,312.54999999999944,159,1,0.04996170339735633
2,4737,315.59999999999945,158,1,0.04996170339735633
2,4738,312.59999999999945,158,1,0.04996170339735633
2,4739,127.8499999999977,313,0,0.04996170339735633
2,4740,135.9999999999996,150,0,0.04996170339735633
2,4741,131.24999999999858,245,0,0.04996170339735633
2,4742,322.99999999999915,190,1,0.04996170339735633
2,4743,316.99999999999943,160,1,0.04996170339735633
2,4744,133.54999999999905,199,0,0.04996170339735633
2,4745,128.74999999999795,295,0,0.04996170339735633
2,4746,313.9499999999994,161,1,0.04996170339735633
2,4747,134.89999999999935,172,0,0.04996170339735633
2,4748,312.7999999999995,154,1,0.04996170339735633
2,4749,322.99999999999915,190,1,0.04996170339735633
2,4750,317.04999999999944,159,1,0.04996170339735633
2,4751,127.64999999999769,317,0,0.04996170339735633
2,4752,325.9999999999992,190,1,0.04996170339735633
2,4753,136.09999999999957,148,0,0.04996170339735633
2,4754,318.39999999999947,162,1,0.04996170339735633
2,4755,318.49999999999943,160,1,0.04996170339735633
2,4756,135.29999999999944,164,0,0.04996170339735633
2,4757,121.64999999999638,437,0,0.04996170339735633
2,4758,128.7499999999979,295,0,0.04996170339735633
2,4759,313.99999999999943,160,1,0.04996170339735633
2,4760,129.94999999999823,271,0,0.04996170339735633
2,4761,135.34999999999945,163,0,0.04996170339735633
2,4762,132.39999999999878,222,0,0.04996170339735633
2,4763,129.59999999999815,278,0,0.04996170339735633
2,4764,322.9999999999992,190,1,0.04996170339735633
2,4765,131.84999999999866,233,0,0.04996170339735633
2,4766,325.9999999999992,190,1,0.04996170339735633
2,4767,317.14999999999947,157,1,0.04996170339735633
2,4768,130.29999999999836,264,0,0.04996170339735633
2,4769,318.59999999999945,158,1,0.04996170339735633
2,4770,318.4499999999994,161,1,0.04996170339735633
2,4771,316.89999999999947,162,1,0.04996170339735633
2,4772,314.0499999999995,159,1,0.04996170339735633
2,4773,125.09999999999714,368,0,0.04996170339735633
2,4774,318.59999999999945,158,1,0.04996170339735633
2,4775,131.5499999999986,239,0,0.04996170339735633
2,4776,318.54999999999944,159,1,0.04996170339735633
2,4777,312.49999999999943,160,1,0.04996170339735633
2,4778,312.6999999999995,156,1,0.04996170339735633
2,4779,131.09999999999843,248,0,0.04996170339735633
2,4780,317.09999999999945,158,1,0.04996170339735633
2,4781,317.04999999999944,159,1,0.04996170339735633
2,4782,130.44999999999834,261,0,0.04996170339735633
2,4783,318.49999999999943,160,1,0.04996170339735633
2,4784,127.84999999999776,313,0,0.04996170339735633
2,4785,132.0499999999987,229,0,0.04996170339735633
2,4786,322.9999999999992,190,1,0.04996170339735633
2,4787,130.74999999999835,255,0,0.04996170339735633
2,4788,318.49999999999943,160,1,0.04996170339735633
2,4789,127.84999999999776,313,0,0.04996170339735633
2,4790,318.54999999999944,159,1,0.04996170339735633
2,4791,128.999999999998,290,0,0.04996170339735633
2,4792,318.4999999999995,160,1,0.04996170339735633
2,4793,318.39999999999947,162,1,0.04996170339735633
2,4794,312.59999999999945,158,1,0.04996170339735633
2,4795,314.04999999999944,159,1,0.04996170339735633
2,4796,312.4499999999995,161,1,0.04996170339735633
2,4797,98.60000000000001,118,0,0.04996170339735633
2,4798,131.54999999999853,239,0,0.04996170339735633
2,4799,318.64999999999947,157,1,0.04996170339735633
2,4800,317.1999999999995,156,1,0.04996170339735633
2,4801,125.54999999999721,359,0,0.04996170339735633
2,4802,318.64999999999947,157,1,0.04996170339735633
2,4803,132.19999999999874,226,0,0.04996170339735633
2,4804,318.54999999999944,159,1,0.04996170339735633
2,4805,318.59999999999945,158,1,0.04996170339735633
2,4806,312.4499999999994,161,1,0.04996170339735633
2,4807,312.6999999999995,156,1,0.04996170339735633
2,4808,318.39999999999947,162,1,0.04996170339735633
2,4809,314.2999999999995,154,1,0.04996170339735633
2,4810,317.04999999999944,159,1,0.04996170339735633
2,4811,315.59999999999945,158,1,0.04996170339735633
2,4812,133.49999999999903,200,0,0.04996170339735633
2,4813,318.3999999999994,162,1,0.04996170339735633
2,4814,318.59999999999945,158,1,0.04996170339735633
2,4815,321.49999999999926,190,1,0.04996170339735633
2,4816,312.64999999999947,157,1,0.04996170339735633
2,4817,134.89999999999935,172,0,0.04996170339735633
2,4818,318.59999999999945,158,1,0.04996170339735633
2,4819,317.04999999999944,159,1,0.04996170339735633
2,4820,318.54999999999944,159,1,0.04996170339735633
2,4821,134.14999999999918,187,0,0.04996170339735633
2,4822,318.59999999999945,158,1,0.04996170339735633
2,4823,133.24999999999898,205,0,0.04996170339735633
2,4824,91.05000000000003,119,0,0.04996170339735633
2,4825,314.04999999999944,159,1,0.04996170339735633
2,4826,325.99999999999915,190,1,0.04996170339735633
2,4827,312.49999999999943,160,1,0.04996170339735633
2,4828,318.59999999999945,158,1,0.04996170339735633
2,4829,317.09999999999945,158,1,0.04996170339735633
2,4830,314.04999999999944,159,1,0.04996170339735633
2,4831,130.94999999999845,251,0,0.04996170339735633
2,4832,318.54999999999944,159,1,0.04996170339735633
2,4833,312.74999999999955,155,1,0.04996170339735633
2,4834,128.29999999999785,304,0,0.04996170339735633
2,4835,312.49999999999943,160,1,0.04996170339735633
2,4836,312.64999999999947,157,1,0.04996170339735633
2,4837,135.0499999999994,169,0,0.04996170339735633
2,4838,132.34999999999877,223,0,0.04996170339735633
2,4839,312.4499999999995,161,1,0.04996170339735633
2,4840,317.04999999999944,159,1,0.04996170339735633
2,4841,318.3999999999994,162,1,0.04996170339735633
2,4842,318.64999999999947,157,1,0.04996170339735633
2,4843,322.9999999999992,190,1,0.04996170339735633
2,4844,317.09999999999945,158,1,0.04996170339735633
2,4845,321.4999999999992,190,1,0.04996170339735633
2,4846,135.1499999999994,167,0,0.04996170339735633
2,4847,319.9999999999995,160,1,0.04996170339735633
2,4848,314.04999999999944,159,1,0.04996170339735633
2,4849,123.4499999999967,401,0,0.04996170339735633
2,4850,318.64999999999947,157,1,0.04996170339735633
2,4851,314.04999999999944,159,1,0.04996170339735633
2,4852,315.54999999999944,159,1,0.04996170339735633
2,4853,312.34999999999945,163,1,0.04996170339735633
2,4854,318.49999999999943,160,1,0.04996170339735633
2,4855,318.54999999999944,159,1,0.04996170339735633
2,4856,317.09999999999945,158,1,0.04996170339735633
2,4857,129.54999999999814,279,0,0.04996170339735633
2,4858,312.49999999999943,160,1,0.04996170339735633
2,4859,135.64999999999952,157,0,0.04996170339735633
2,4860,318.49999999999915,190,1,0.04996170339735633
2,4861,319.99999999999943,160,1,0.04996170339735633
2,4862,312.59999999999945,158,1,0.04996170339735633
2,4863,325.99999999999915,190,1,0.04996170339735633
2,4864,317.14999999999947,157,1,0.04996170339735633
2,4865,319.99999999999943,160,1,0.04996170339735633
2,4866,128.899999999998,292,0,0.04996170339735633
2,4867,318.4999999999995,160,1,0.04996170339735633
2,4868,128.99999999999795,290,0,0.04996170339735633
2,4869,316.9999999999995,160,1,0.04996170339735633
2,4870,318.54999999999944,159,1,0.04996170339735633
2,4871,312.59999999999945,158,1,0.04996170339735633
2,4872,91.15000000000002,117,0,0.04996170339735633
2,4873,128.24999999999784,305,0,0.04996170339735633
2,4874,312.54999999999944,159,1,0.04996170339735633
2,4875,312.6999999999995,156,1,0.04996170339735633
2,4876,318.4499999999995,161,1,0.04996170339735633
2,4877,312.59999999999945,158,1,0.04996170339735633
2,4878,132.8999999999989,212,0,0.04996170339735633
2,4879,134.6499999999993,177,0,0.04996170339735633
2,4880,317.1999999999995,156,1,0.04996170339735633
2,4881,131.39999999999856,242,0,0.04996170339735633
2,4882,318.64999999999947,157,1,0.04996170339735633
2,4883,318.59999999999945,158,1,0.04996170339735633
2,4884,124.24999999999694,385,0,0.04996170339735633
2,4885,312.54999999999944,159,1,0.04996170339735633
2,4886,317.1999999999995,156,1,0.04996170339735633
2,4887,91.14999999999999,117,0,0.04996170339735633
2,4888,318.54999999999944,159,1,0.04996170339735633
2,4889,325.9999999999992,190,1,0.04996170339735633
2,4890,134.6999999999993,176,0,0.04996170339735633
2,4891,318.64999999999947,157,1,0.04996170339735633
2,4892,314.14999999999947,157,1,0.04996170339735633
2,4893,325.9999999999992,190,1,0.04996170339735633
2,4894,321.4999999999992,190,1,0.04996170339735633
2,4895,318.49999999999943,160,1,0.04996170339735633
2,4896,318.54999999999944,159,1,0.04996170339735633
2,4897,133.19999999999897,206,0,0.04996170339735633
2,4898,316.9999999999995,160,1,0.04996170339735633
2,4899,316.99999999999943,160,1,0.04996170339735633
2,4900,130.04999999999825,269,0,0.04996170339735633
2,4901,318.64999999999947,157,1,0.04996170339735633
2,4902,318.54999999999944,159,1,0.04996170339735633
2,4903,129.64999999999816,277,0,0.04996170339735633
2,4904,318.54999999999944,159,1,0.04996170339735633
2,4905,314.04999999999944,159,1,0.04996170339735633
2,4906,127.94999999999776,311,0,0.04996170339735633
2,4907,133.7999999999991,194,0,0.04996170339735633
2,4908,118.54999999999562,499,0,0.04996170339735633
2,4909,133.24999999999898,205,0,0.04996170339735633
2,4910,318.64999999999947,157,1,0.04996170339735633
2,4911,322.99999999999915,190,1,0.04996170339735633
2,4912,132.79999999999887,214,0,0.04996170339735633
2,4913,318.54999999999944,159,1,0.04996170339735633
2,4914,130.09999999999826,268,0,0.04996170339735633
2,4915,318.54999999999944,159,1,0.04996170339735633
2,4916,131.5499999999986,239,0,0.04996170339735633
2,4917,325.99999999999915,190,1,0.04996170339735633
2,4918,314.04999999999944,159,1,0.04996170339735633
2,4919,133.94999999999908,191,0,0.04996170339735633
2,4920,318.54999999999944,159,1,0.04996170339735633
2,4921,134.59999999999928,178,0,0.04996170339735633
2,4922,318.59999999999945,158,1,0.04996170339735633
2,4923,312.69999999999953,156,1,0.04996170339735633
2,4924,135.1499999999994,167,0,0.04996170339735633
2,4925,135.09999999999934,168,0,0.04996170339735633
2,4926,129.4499999999981,281,0,0.04996170339735633
2,4927,312.7999999999995,154,1,0.04996170339735633
2,4928,318.59999999999945,158,1,0.04996170339735633
2,4929,132.8999999999989,212,0,0.04996170339735633
2,4930,325.99999999999915,190,1,0.04996170339735633
2,4931,312.4999999999995,160,1,0.04996170339735633
2,4932,134.24999999999915,185,0,0.04996170339735633
2,4933,318.54999999999944,159,1,0.04996170339735633
2,4934,322.9999999999992,190,1,0.04996170339735633
2,4935,318.54999999999944,159,1,0.04996170339735633
2,4936,35.950000000000145,81,0,0.04996170339735633
2,4937,129.89999999999827,272,0,0.04996170339735633
2,4938,318.6999999999995,156,1,0.04996170339735633
2,4939,131.49999999999858,240,0,0.04996170339735633
2,4940,131.84999999999866,233,0,0.04996170339735633
2,4941,124.34999999999697,383,0,0.04996170339735633
2,4942,318.64999999999947,157,1,0.04996170339735633
2,4943,318.64999999999947,157,1,0.04996170339735633
2,4944,134.84999999999934,173,0,0.04996170339735633
2,4945,312.49999999999943,160,1,0.04996170339735633
2,4946,125.54999999999724,359,0,0.04996170339735633
2,4947,322.9499999999994,161,1,0.04996170339735633
2,4948,129.04999999999802,289,0,0.04996170339735633
2,4949,97.05000000000003,119,0,0.04996170339735633
2,4950,131.34999999999854,243,0,0.04996170339735633
2,4951,312.64999999999947,157,1,0.04996170339735633
2,4952,318.64999999999947,157,1,0.04996170339735633
2,4953,312.3999999999994,162,1,0.04996170339735633
2,4954,316.99999999999943,160,1,0.04996170339735633
2,4955,317.04999999999944,159,1,0.04996170339735633
2,4956,318.4999999999995,160,1,0.04996170339735633
2,4957,318.54999999999944,159,1,0.04996170339735633
2,4958,134.39999999999918,182,0,0.04996170339735633
2,4959,133.19999999999897,206,0,0.04996170339735633
2,4960,318.59999999999945,158,1,0.04996170339735633
2,4961,127.39999999999766,322,0,0.04996170339735633
2,4962,318.6999999999995,156,1,0.04996170339735633
2,4963,317.09999999999945,158,1,0.04996170339735633
2,4964,312.54999999999944,159,1,0.04996170339735633
2,4965,312.54999999999944,159,1,0.04996170339735633
2,4966,315.4999999999995,160,1,0.04996170339735633
2,4967,312.6999999999995,156,1,0.04996170339735633
2,4968,133.94999999999914,191,0,0.04996170339735633
2,4969,132.39999999999884,222,0,0.04996170339735633
2,4970,312.3499999999994,163,1,0.04996170339735633
2,4971,127.84999999999773,313,0,0.04996170339735633
2,4972,322.9999999999992,190,1,0.04996170339735633
2,4973,98.60000000000001,118,0,0.04996170339735633
2,4974,318.49999999999943,160,1,0.04996170339735633
2,4975,314.09999999999945,158,1,0.04996170339735633
2,4976,312.49999999999943,160,1,0.04996170339735633
2,4977,317.14999999999947,157,1,0.04996170339735633
2,4978,312.4499999999994,161,1,0.04996170339735633
2,4979,130.39999999999833,262,0,0.04996170339735633
2,4980,318.6999999999995,156,1,0.04996170339735633
2,4981,127.29999999999764,324,0,0.04996170339735633
2,4982,129.4499999999981,281,0,0.04996170339735633
2,4983,318.4999999999995,160,1,0.04996170339735633
2,4984,134.14999999999924,187,0,0.04996170339735633
2,4985,122.84999999999663,413,0,0.04996170339735633
2,4986,318.4999999999995,160,1,0.04996170339735633
2,4987,312.54999999999944,159,1,0.04996170339735633
2,4988,317.09999999999945,158,1,0.04996170339735633
2,4989,318.64999999999947,157,1,0.04996170339735633
2,4990,132.0499999999987,229,0,0.04996170339735633
2,4991,132.9499999999989,211,0,0.04996170339735633
2,4992,128.949999999998,291,0,0.04996170339735633
2,4993,318.64999999999947,157,1,0.04996170339735633
2,4994,318.64999999999947,157,1,0.04996170339735633
2,4995,318.59999999999945,158,1,0.04996170339735633
2,4996,318.54999999999944,159,1,0.04996170339735633
2,4997,318.64999999999947,157,1,0.04996170339735633
2,4998,312.59999999999945,158,1,0.04996170339735633
2,4999,124.54999999999701,379,0,0.04996170339735633
2,5000,129.199999999998,286,0,0.04996170339735633
