episod,recompensa,pasi,succes,epsilon
1,28.90000000000029,282,0,0.999
2,35.00000000000027,310,0,0.998001
3,26.650000000000404,297,0,0.997002999
4,35.700000000000514,356,0,0.996005996001
5,31.500000000000583,350,0,0.995009990004999
6,31.850000000000477,313,0,0.994014980014994
7,23.50000000000034,360,0,0.993020965034979
8,29.950000000000742,471,0,0.9920279440699441
9,28.65000000000019,287,0,0.9910359161258742
10,45.500000000000384,280,0,0.9900448802097482
11,26.900000000000375,352,0,0.9890548353295385
12,40.65000000000035,347,0,0.988065780494209
13,32.40000000000029,272,0,0.9870777147137147
14,42.05000000000035,349,0,0.986090636999001
15,24.200000000000173,346,0,0.9851045463620021
16,40.80000000000052,314,0,0.98411944181564
17,47.30000000000054,274,0,0.9831353223738244
18,37.55000000000062,349,0,0.9821521870514506
19,33.90000000000046,272,0,0.9811700348643991
20,29.650000000000404,357,0,0.9801888648295347
21,31.85000000000028,193,0,0.9792086759647052
22,45.900000000000546,272,0,0.9782294672887405
23,20.750000000000625,415,0,0.9772512378214517
24,34.85000000000038,313,0,0.9762739865836303
25,33.350000000000534,283,0,0.9752977125970467
26,43.20000000000039,326,0,0.9743224148844496
27,22.90000000000036,372,0,0.9733480924695651
28,39.650000000000205,367,0,0.9723747443770956
29,35.450000000000344,271,0,0.9714023696327185
30,39.25000000000041,285,0,0.9704309672630859
31,30.200000000000287,226,0,0.9694605362958227
32,45.80000000000042,274,0,0.9684910757595269
33,114.99999999999942,420,0,0.9675225846837673
34,26.10000000000045,308,0,0.9665550620990835
35,38.65000000000036,387,0,0.9655885070369844
36,40.9000000000006,282,0,0.9646229185299474
37,33.85000000000049,393,0,0.9636582956114175
38,32.55000000000037,329,0,0.9626946373158061
39,23.450000000000358,361,0,0.9617319426784903
40,29.400000000000347,332,0,0.9607702107358118
41,103.19999999999932,536,0,0.959809440525076
42,37.35000000000025,203,0,0.9588496310845509
43,33.75000000000048,275,0,0.9578907814534664
44,113.2,516,0,0.9569328906720129
45,32.65000000000033,237,0,0.9559759577813409
46,27.200000000000387,286,0,0.9550199818235596
47,28.750000000000327,255,0,0.9540649618417361
48,29.30000000000028,244,0,0.9531108968798944
49,23.100000000000406,428,0,0.9521577859830145
50,34.55000000000028,169,0,0.9512056281970315
51,25.700000000000614,316,0,0.9502544225688344
52,29.150000000000375,277,0,0.9493041681462656
53,30.550000000000438,279,0,0.9483548639781193
54,48.0000000000004,200,0,0.9474065091141411
55,30.100000000000477,288,0,0.946459102605027
56,30.000000000000412,350,0,0.9455126435024219
57,27.30000000000024,314,0,0.9445671308589195
58,45.550000000000466,279,0,0.9436225637280606
59,46.15000000000046,237,0,0.9426789411643326
60,42.95000000000047,271,0,0.9417362622231683
61,29.150000000000446,247,0,0.9407945259609451
62,49.30000000000038,234,0,0.9398537314349842
63,42.60000000000049,248,0,0.9389138777035492
64,30.10000000000025,228,0,0.9379749638258457
65,29.100000000000463,248,0,0.9370369888620198
66,43.700000000000685,316,0,0.9360999518731578
67,32.55000000000014,269,0,0.9351638519212846
68,47.550000000000466,239,0,0.9342286880693633
69,30.900000000000247,272,0,0.933294459381294
70,28.250000000000625,325,0,0.9323611649219127
71,29.950000000000358,231,0,0.9314288037569908
72,27.550000000000267,309,0,0.9304973749532338
73,32.15000000000033,277,0,0.9295668775782806
74,30.65000000000032,217,0,0.9286373107007023
75,36.70000000000047,276,0,0.9277086733900016
76,31.00000000000034,210,0,0.9267809647166116
77,112.14999999999985,357,0,0.925854183751895
78,44.10000000000058,308,0,0.9249283295681431
79,27.650000000000446,277,0,0.9240034012385749
80,30.850000000000435,273,0,0.9230793978373364
81,41.75000000000044,235,0,0.9221563184394991
82,41.60000000000046,238,0,0.9212341621210596
83,43.650000000000276,197,0,0.9203129279589385
84,28.40000000000036,262,0,0.9193926150309796
85,45.05000000000027,199,0,0.9184732224159486
86,33.700000000000415,276,0,0.9175547491935327
87,46.10000000000042,238,0,0.9166371944443392
88,48.75000000000047,275,0,0.9157205572498949
89,41.30000000000034,364,0,0.914804836692645
90,37.4500000000003,171,0,0.9138900318559524
91,44.100000000000435,248,0,0.9129761418240965
92,27.250000000000256,285,0,0.9120631656822724
93,37.25000000000047,235,0,0.9111511025165902
94,37.650000000000276,197,0,0.9102399514140735
95,38.95000000000067,351,0,0.9093297114626595
96,39.900000000000404,272,0,0.9084203817511969
97,50.600000000000435,238,0,0.9075119613694457
98,40.750000000000355,225,0,0.9066044494080763
99,40.10000000000042,238,0,0.9056978449586682
100,49.5000000000004,230,0,0.9047921471137096
101,50.300000000000395,244,0,0.9038873549665959
102,33.75000000000051,245,0,0.9029834676116293
103,38.800000000000395,204,0,0.9020804841440176
104,32.35000000000022,183,0,0.9011784036598737
105,46.75000000000044,315,0,0.9002772252562138
106,28.550000000000324,259,0,0.8993769480309576
107,29.850000000000406,233,0,0.8984775710829266
108,35.50000000000037,240,0,0.8975790935118436
109,36.600000000000335,248,0,0.8966815144183318
110,44.0000000000004,310,0,0.8957848329039134
111,45.7500000000005,275,0,0.8948890480710096
112,50.650000000000304,237,0,0.8939941590229386
113,34.700000000000216,196,0,0.8931001648639156
114,42.50000000000057,310,0,0.8922070646990518
115,42.250000000000455,315,0,0.8913148576343527
116,36.500000000000284,160,0,0.8904235427767183
117,46.90000000000032,252,0,0.8895331192339416
118,41.60000000000048,238,0,0.8886435861147077
119,38.65000000000026,207,0,0.887754942528593
120,39.25000000000034,195,0,0.8868671875860644
121,31.000000000000313,210,0,0.8859803203984784
122,32.400000000000375,182,0,0.88509434007808
123,45.35000000000025,193,0,0.8842092457380019
124,35.350000000000335,273,0,0.8833250364922639
125,37.000000000000426,240,0,0.8824417114557717
126,29.60000000000042,238,0,0.8815592697443159
127,104.84999999999987,413,0,0.8806777104745716
128,33.60000000000022,248,0,0.8797970327640969
129,35.650000000000404,237,0,0.8789172357313328
130,35.95000000000026,201,0,0.8780383184956015
131,42.05000000000038,199,0,0.8771602801771059
132,37.250000000000284,235,0,0.8762831198969288
133,33.20000000000023,166,0,0.8754068367770318
134,36.05000000000035,199,0,0.8745314299402548
135,32.2500000000004,275,0,0.8736568985103146
136,35.90000000000033,232,0,0.8727832416118043
137,49.50000000000031,200,0,0.8719104583701925
138,27.65000000000019,277,0,0.8710385479118223
139,37.10000000000045,238,0,0.8701675093639105
140,35.60000000000045,238,0,0.8692973418545467
141,31.000000000000213,240,0,0.8684280445126921
142,46.75000000000033,195,0,0.8675596164681794
143,50.45000000000046,241,0,0.8666920568517111
144,106.8499999999993,463,0,0.8658253647948594
145,38.85000000000048,233,0,0.8649595394300645
146,41.60000000000049,238,0,0.8640945798906344
147,35.75000000000047,235,0,0.8632304853107438
148,32.15000000000025,187,0,0.862367254825433
149,112.69999999999949,376,0,0.8615048875706075
150,29.9500000000004,231,0,0.8606433826830369
151,38.90000000000026,202,0,0.8597827393003539
152,49.7500000000004,195,0,0.8589229565610536
153,46.150000000000276,237,0,0.8580640336044925
154,31.350000000000293,203,0,0.857205969570888
155,112.64999999999857,467,0,0.8563487636013172
156,41.550000000000495,329,0,0.8554924148377159
157,40.600000000000364,198,0,0.8546369224228781
158,33.35000000000052,283,0,0.8537822855004553
159,46.30000000000034,204,0,0.8529285032149548
160,47.80000000000038,204,0,0.8520755747117399
161,38.80000000000042,234,0,0.8512234991370281
162,44.80000000000038,234,0,0.8503722756378911
163,49.70000000000029,196,0,0.8495219033622532
164,31.500000000000355,230,0,0.8486723814588909
165,107.54999999999983,359,0,0.847823709077432
166,38.050000000000466,279,0,0.8469758853683546
167,41.600000000000435,238,0,0.8461289094829862
168,30.600000000000193,218,0,0.8452827805735033
169,33.60000000000019,158,0,0.8444374977929298
170,44.750000000000256,205,0,0.8435930602951368
171,35.650000000000375,237,0,0.8427494672348417
172,31.5000000000003,200,0,0.8419067177676068
173,40.55000000000034,199,0,0.8410648110498392
174,37.55000000000035,199,0,0.8402237462387894
175,35.85000000000039,233,0,0.8393835224925505
176,44.15000000000032,217,0,0.838544138970058
177,32.900000000000205,172,0,0.8377055948310879
178,106.24999999999999,385,0,0.8368678892362568
179,47.70000000000036,206,0,0.8360310213470206
180,50.950000000000315,201,0,0.8351949903256736
181,29.600000000000264,238,0,0.8343597953353479
182,51.300000000000225,194,0,0.8335254355400126
183,40.500000000000384,200,0,0.8326919101044725
184,38.50000000000033,240,0,0.831859218194368
185,42.10000000000035,198,0,0.8310273589761736
186,29.950000000000458,231,0,0.8301963316171974
187,36.450000000000244,161,0,0.8293661352855802
188,29.700000000000358,236,0,0.8285367691502946
189,37.80000000000027,164,0,0.8277082323811443
190,37.70000000000027,196,0,0.8268805241487632
191,46.80000000000038,194,0,0.8260536436246144
192,40.65000000000025,197,0,0.8252275899809898
193,43.800000000000225,164,0,0.8244023623910088
194,43.95000000000026,161,0,0.8235779600286178
195,45.150000000000375,197,0,0.8227543820685892
196,41.45000000000054,271,0,0.8219316276865206
197,106.79999999999963,434,0,0.8211096960588341
198,40.800000000000296,164,0,0.8202885863627752
199,120.39999999999931,462,0,0.8194682977764125
200,33.450000000000315,161,0,0.818648829478636
201,34.10000000000038,238,0,0.8178301806491574
202,39.500000000000284,160,0,0.8170123504685082
203,33.95000000000029,151,0,0.8161953381180397
204,295.09999999999906,328,1,0.8153791427799216
205,34.70000000000039,196,0,0.8145637636371417
206,47.20000000000029,156,0,0.8137491998735046
207,37.000000000000384,240,0,0.812935450673631
208,36.25000000000027,195,0,0.8121225152229574
209,34.35000000000042,233,0,0.8113103927077344
210,47.40000000000035,242,0,0.8104990823150267
211,32.900000000000176,172,0,0.8096885832327116
212,34.55000000000034,199,0,0.8088788946494789
213,32.45000000000026,181,0,0.8080700157548294
214,114.89999999999965,332,0,0.8072619457390746
215,31.7500000000003,195,0,0.8064546837933355
216,32.05000000000028,189,0,0.8056482291095421
217,42.40000000000022,162,0,0.8048425808804326
218,42.25000000000033,195,0,0.8040377382995522
219,52.30000000000038,204,0,0.8032337005612527
220,34.95000000000026,161,0,0.8024304668606914
221,39.85000000000045,273,0,0.8016280363938307
222,30.450000000000344,221,0,0.8008264083574369
223,34.800000000000324,194,0,0.8000255819490795
224,37.650000000000304,167,0,0.7992255563671304
225,51.15000000000036,197,0,0.7984263308107633
226,45.60000000000021,158,0,0.7976279044799526
227,37.9500000000003,161,0,0.7968302765754727
228,43.70000000000033,166,0,0.7960334462988972
229,109.49999999999993,410,0,0.7952374128525983
230,34.600000000000236,138,0,0.7944421754397457
231,118.19999999999952,326,0,0.7936477332643059
232,32.050000000000324,189,0,0.7928540855310416
233,42.35000000000029,163,0,0.7920612314455105
234,41.5000000000004,240,0,0.7912691702140651
235,35.800000000000324,174,0,0.790477901043851
236,43.90000000000032,162,0,0.7896874231428072
237,38.85000000000028,203,0,0.7888977357196644
238,40.450000000000344,231,0,0.7881088379839447
239,47.65000000000052,267,0,0.7873207291459607
240,36.10000000000035,168,0,0.7865334084168147
241,52.95000000000027,161,0,0.7857468750083979
242,31.200000000000173,206,0,0.7849611281333895
243,48.05000000000038,199,0,0.784176167005256
244,49.80000000000024,164,0,0.7833919908382508
245,35.15000000000026,157,0,0.7826085988474126
246,39.05000000000027,199,0,0.7818259902485653
247,37.30000000000035,204,0,0.7810441642583167
248,32.75000000000021,175,0,0.7802631200940584
249,43.40000000000033,202,0,0.7794828569739644
250,52.500000000000355,200,0,0.7787033741169904
251,37.85000000000025,163,0,0.7779246707428734
252,34.000000000000284,150,0,0.7771467460721305
253,40.800000000000225,164,0,0.7763695993260584
254,299.34999999999883,423,1,0.7755932297267324
255,33.00000000000031,170,0,0.7748176364970056
256,51.10000000000035,198,0,0.7740428188605086
257,42.50000000000027,160,0,0.7732687760416481
258,38.000000000000256,160,0,0.7724955072656065
259,42.40000000000033,162,0,0.7717230117583408
260,37.45000000000037,171,0,0.7709512887465825
261,45.40000000000022,162,0,0.7701803374578359
262,37.75000000000027,165,0,0.7694101571203781
263,50.750000000000384,205,0,0.7686407469632577
264,43.45000000000036,201,0,0.7678721062162944
265,51.25000000000034,195,0,0.7671042341100781
266,34.75000000000027,195,0,0.766337129875968
267,33.60000000000029,158,0,0.7655707927460921
268,34.95000000000026,131,0,0.764805221953346
269,110.94999999999975,351,0,0.7640404167313927
270,32.15000000000023,187,0,0.7632763763146613
271,31.05000000000031,209,0,0.7625130999383466
272,47.75000000000048,235,0,0.7617505868384082
273,41.00000000000027,160,0,0.7609888362515699
274,53.050000000000196,159,0,0.7602278474153183
275,43.600000000000335,198,0,0.759467619567903
276,53.000000000000256,160,0,0.7587081519483351
277,31.25000000000037,205,0,0.7579494437963867
278,38.650000000000375,207,0,0.7571914943525904
279,132.09999999999968,288,0,0.7564343028582378
280,32.450000000000244,181,0,0.7556778685553796
281,40.30000000000028,174,0,0.7549221906868242
282,49.70000000000036,196,0,0.7541672684961374
283,33.80000000000028,154,0,0.7534131012276413
284,44.20000000000026,156,0,0.7526596881264136
285,36.30000000000034,194,0,0.7519070284382872
286,34.000000000000284,150,0,0.7511551214098489
287,50.15000000000029,157,0,0.750403966288439
288,120.59999999999935,308,0,0.7496535623221505
289,47.05000000000024,159,0,0.7489039087598284
290,33.15000000000023,167,0,0.7481550048510686
291,37.90000000000025,162,0,0.7474068498462175
292,33.400000000000205,162,0,0.7466594429963713
293,37.000000000000185,120,0,0.745912783553375
294,109.95,311,0,0.7451668707698216
295,45.55000000000021,159,0,0.7444217038990517
296,32.25000000000027,185,0,0.7436772821951526
297,35.50000000000021,120,0,0.7429336049129575
298,52.400000000000404,202,0,0.7421906713080445
299,34.80000000000024,134,0,0.7414484806367364
300,45.450000000000216,161,0,0.7407070321560997
301,115.74999999999973,315,0,0.7399663251239436
302,49.850000000000264,163,0,0.7392263587988196
303,42.20000000000033,166,0,0.7384871324400207
304,41.750000000000426,205,0,0.7377486453075807
305,52.70000000000037,196,0,0.737010896662273
306,41.90000000000029,202,0,0.7362738857656108
307,41.15000000000026,157,0,0.7355376118798452
308,39.10000000000032,168,0,0.7348020742679654
309,40.55000000000031,169,0,0.7340672721936974
310,42.15000000000032,197,0,0.7333332049215037
311,119.24999999999942,275,0,0.7325998717165821
312,129.89999999999975,302,0,0.7318672718448656
313,38.90000000000035,202,0,0.7311354045730207
314,43.55000000000027,169,0,0.7304042691684477
315,45.500000000000256,160,0,0.7296738648992792
316,42.35000000000028,163,0,0.7289441910343799
317,34.7000000000002,166,0,0.7282152468433455
318,39.95000000000016,121,0,0.7274870315965022
319,44.05000000000025,159,0,0.7267595445649057
320,51.200000000000315,196,0,0.7260327850203407
321,49.100000000000364,238,0,0.7253067522353204
322,122.29999999999934,274,0,0.724581445483085
323,41.15000000000032,157,0,0.723856864037602
324,43.75000000000034,165,0,0.7231330071735643
325,38.05000000000024,159,0,0.7224098741663908
326,51.35000000000028,163,0,0.7216874642922244
327,40.25000000000033,175,0,0.7209657768279322
328,35.10000000000019,128,0,0.7202448110511043
329,118.19999999999955,266,0,0.7195245662400531
330,35.10000000000025,158,0,0.7188050416738131
331,34.30000000000027,144,0,0.7180862366321393
332,296.4999999999992,360,1,0.7173681503955072
333,48.55000000000027,159,0,0.7166507822451117
334,36.10000000000032,168,0,0.7159341314628666
335,112.79999999999986,254,0,0.7152181973314037
336,35.15000000000025,157,0,0.7145029791340722
337,49.70000000000039,196,0,0.7137884761549381
338,43.950000000000244,161,0,0.7130746876787832
339,109.59999999999972,318,0,0.7123616129911045
340,42.600000000000236,158,0,0.7116492513781133
341,35.10000000000025,128,0,0.7109376021267352
342,299.34999999999934,333,1,0.7102266645246085
343,40.75000000000017,165,0,0.7095164378600839
344,129.5499999999996,309,0,0.7088069214222238
345,37.950000000000244,161,0,0.7080981145008015
346,45.50000000000027,160,0,0.7073900163863007
347,39.15000000000023,167,0,0.7066826263699144
348,41.30000000000015,124,0,0.7059759437435444
349,39.400000000000276,162,0,0.7052699677998009
350,38.15000000000025,157,0,0.704564697832001
351,44.000000000000256,160,0,0.7038601331341691
352,45.450000000000216,161,0,0.7031562730010349
353,47.05000000000028,159,0,0.7024531167280339
354,121.79999999999929,284,0,0.7017506636113059
355,49.60000000000025,168,0,0.7010489129476946
356,40.800000000000324,164,0,0.7003478640347469
357,35.200000000000216,126,0,0.6996475161707122
358,36.65000000000026,157,0,0.6989478686545415
359,52.55000000000031,199,0,0.698248920785887
360,46.80000000000024,164,0,0.6975506718651011
361,32.650000000000375,177,0,0.6968531211932361
362,49.80000000000027,164,0,0.6961562680720428
363,38.55000000000018,119,0,0.6954601118039707
364,33.70000000000029,156,0,0.6947646516921667
365,34.80000000000025,134,0,0.6940698870404746
366,54.250000000000284,165,0,0.6933758171534341
367,48.50000000000027,160,0,0.6926824413362807
368,38.50000000000023,120,0,0.6919897588949444
369,47.000000000000284,160,0,0.6912977691360495
370,47.25000000000027,155,0,0.6906064713669134
371,31.40000000000032,202,0,0.6899158648955466
372,34.95000000000023,131,0,0.689225949030651
373,32.80000000000025,174,0,0.6885367230816204
374,42.55000000000031,159,0,0.6878481863585387
375,34.950000000000244,131,0,0.6871603381721801
376,40.90000000000025,162,0,0.686473177834008
377,34.500000000000256,140,0,0.685786704656174
378,34.60000000000025,138,0,0.6851009179515178
379,51.55000000000025,159,0,0.6844158170335664
380,47.0000000000003,160,0,0.6837314012165328
381,40.80000000000025,164,0,0.6830476698153162
382,35.35000000000022,123,0,0.6823646221455009
383,32.70000000000026,176,0,0.6816822575233553
384,35.300000000000225,124,0,0.6810005752658319
385,46.700000000000244,136,0,0.680319574690566
386,45.70000000000026,156,0,0.6796392551158754
387,118.24999999999956,265,0,0.6789596158607596
388,131.7999999999994,294,0,0.6782806562448989
389,37.500000000000355,170,0,0.677602375588654
390,35.80000000000018,114,0,0.6769247732130653
391,40.400000000000276,172,0,0.6762478484398523
392,33.70000000000017,156,0,0.6755716005914124
393,33.85000000000021,153,0,0.674896028990821
394,50.300000000000324,184,0,0.6742211329618302
395,54.55000000000024,159,0,0.6735469118288684
396,34.65000000000025,137,0,0.6728733649170395
397,43.85000000000025,163,0,0.6722004915521225
398,33.2000000000003,166,0,0.6715282910605703
399,112.54999999999966,259,0,0.6708567627695098
400,121.74999999999939,315,0,0.6701859060067403
401,52.60000000000029,168,0,0.6695157201007336
402,33.7000000000003,156,0,0.6688462043806328
403,120.99999999999964,270,0,0.6681773581762521
404,35.00000000000021,130,0,0.6675091808180759
405,44.35000000000025,123,0,0.6668416716372578
406,44.00000000000031,160,0,0.6661748299656206
407,45.200000000000244,166,0,0.6655086551356549
408,32.000000000000284,190,0,0.6648431464805192
409,42.850000000000236,123,0,0.6641783033340387
410,122.59999999999947,268,0,0.6635141250307047
411,33.40000000000033,162,0,0.662850610905674
412,116.69999999999966,236,0,0.6621877602947683
413,125.84999999999961,293,0,0.6615255725344735
414,54.65000000000026,157,0,0.660864046961939
415,114.84999999999964,243,0,0.660203182914977
416,39.90000000000016,122,0,0.6595429797320621
417,35.150000000000276,157,0,0.6588834367523301
418,35.95000000000017,111,0,0.6582245533155777
419,38.200000000000244,126,0,0.6575663287622622
420,49.95000000000026,161,0,0.6569087624334999
421,43.85000000000031,163,0,0.6562518536710664
422,41.350000000000236,123,0,0.6555956018173954
423,54.10000000000022,168,0,0.654940006215578
424,35.000000000000185,130,0,0.6542850662093624
425,40.05000000000018,119,0,0.6536307811431531
426,39.70000000000026,156,0,0.65297715036201
427,42.20000000000027,136,0,0.6523241732116479
428,51.500000000000355,160,0,0.6516718490384363
429,31.25000000000047,205,0,0.6510201771893979
430,36.70000000000023,126,0,0.6503691570122084
431,123.2499999999995,285,0,0.6497187878551962
432,40.05000000000015,119,0,0.649069069067341
433,35.050000000000225,129,0,0.6484199999982736
434,51.40000000000029,162,0,0.6477715799982753
435,35.90000000000016,112,0,0.647123808418277
436,35.150000000000205,127,0,0.6464766846098587
437,34.800000000000225,134,0,0.6458302079252489
438,33.350000000000335,163,0,0.6451843777173236
439,32.350000000000364,183,0,0.6445391933396063
440,39.00000000000021,170,0,0.6438946541462667
441,35.750000000000185,115,0,0.6432507594921204
442,36.100000000000165,108,0,0.6426075087326283
443,125.14999999999937,277,0,0.6419649012238956
444,41.35000000000015,123,0,0.6413229363226717
445,42.55000000000017,129,0,0.640681613386349
446,54.55000000000025,159,0,0.6400409317729626
447,35.60000000000019,118,0,0.6394008908411897
448,41.50000000000021,120,0,0.6387614899503485
449,33.05000000000034,169,0,0.6381227284603982
450,42.90000000000019,122,0,0.6374846057319378
451,51.050000000000296,169,0,0.6368471211262058
452,121.04999999999946,239,0,0.6362102740050796
453,111.89999999999979,272,0,0.6355740637310745
454,35.5000000000002,120,0,0.6349384896673435
455,113.64999999999971,237,0,0.6343035511776761
456,42.850000000000236,123,0,0.6336692476264985
457,44.25000000000027,125,0,0.6330355783788719
458,36.45000000000027,161,0,0.632402542800493
459,111.84999999999995,273,0,0.6317701402576925
460,32.85000000000035,173,0,0.6311383701174348
461,34.90000000000023,132,0,0.6305072317473174
462,32.45000000000037,181,0,0.6298767245155701
463,35.70000000000019,116,0,0.6292468477910546
464,47.10000000000028,158,0,0.6286176009432635
465,54.35000000000029,163,0,0.6279889833423202
466,54.30000000000028,164,0,0.6273609943589779
467,54.50000000000021,160,0,0.6267336333646188
468,35.30000000000021,124,0,0.6261068997312542
469,35.050000000000196,129,0,0.6254807928315229
470,124.74999999999962,255,0,0.6248553120386914
471,54.5000000000003,160,0,0.6242304567266527
472,128.2999999999994,274,0,0.623606226269926
473,113.69999999999986,236,0,0.6229826200436561
474,48.50000000000024,160,0,0.6223596374236124
475,36.00000000000017,110,0,0.6217372777861888
476,34.500000000000256,140,0,0.6211155405084027
477,34.10000000000028,148,0,0.6204944249678943
478,54.75000000000031,155,0,0.6198739305429264
479,34.350000000000264,143,0,0.6192540566123834
480,35.30000000000021,124,0,0.6186348025557711
481,35.300000000000225,124,0,0.6180161677532153
482,42.55000000000028,159,0,0.6173981515854621
483,32.55000000000038,179,0,0.6167807534338766
484,35.85000000000018,113,0,0.6161639726804428
485,34.80000000000028,164,0,0.6155478087077623
486,35.7500000000002,115,0,0.6149322608990545
487,36.750000000000185,125,0,0.6143173286381555
488,40.10000000000018,118,0,0.6137030113095173
489,40.75000000000031,165,0,0.6130893082982078
490,132.94999999999953,271,0,0.6124762189899097
491,118.39999999999976,232,0,0.6118637427709198
492,34.45000000000026,141,0,0.6112518790281489
493,39.85000000000018,123,0,0.6106406271491208
494,121.79999999999954,284,0,0.6100299865219717
495,51.45000000000027,161,0,0.6094199565354498
496,51.20000000000036,166,0,0.6088105365789144
497,31.80000000000038,194,0,0.6082017260423355
498,48.45000000000023,161,0,0.6075935243162931
499,35.30000000000021,124,0,0.6069859307919768
500,115.4499999999996,231,0,0.6063789448611848
501,54.75000000000024,125,0,0.6057725659163237
502,133.14999999999912,237,0,0.6051667933504074
503,51.350000000000335,163,0,0.6045616265570569
504,125.09999999999964,248,0,0.6039570649304998
505,122.39999999999928,272,0,0.6033531078655693
506,41.00000000000027,160,0,0.6027497547577038
507,306.84999999999906,303,1,0.602147005002946
508,133.3999999999997,232,0,0.6015448579979431
509,35.95000000000019,111,0,0.6009433131399452
510,118.04999999999951,239,0,0.6003423698268052
511,32.950000000000344,171,0,0.5997420274569785
512,33.450000000000344,161,0,0.5991422854295215
513,42.50000000000023,130,0,0.598543143144092
514,302.14999999999907,307,1,0.5979446000009478
515,35.150000000000176,127,0,0.5973466554009469
516,39.7000000000002,126,0,0.596749308745546
517,35.20000000000017,126,0,0.5961525594368005
518,33.55000000000031,159,0,0.5955564068773637
519,130.44999999999976,261,0,0.5949608504704863
520,125.59999999999961,238,0,0.5943658896200158
521,35.45000000000019,121,0,0.5937715237303958
522,34.35000000000028,143,0,0.5931777522066654
523,113.89999999999988,232,0,0.5925845744544587
524,36.900000000000176,122,0,0.5919919898800042
525,32.0000000000004,190,0,0.5913999978901242
526,54.20000000000033,166,0,0.590808597892234
527,35.15000000000023,127,0,0.5902177892943418
528,34.05000000000028,149,0,0.5896275715050474
529,48.550000000000296,159,0,0.5890379439335424
530,46.10000000000022,118,0,0.5884489059896089
531,47.0000000000003,160,0,0.5878604570836192
532,35.40000000000022,122,0,0.5872725966265356
533,44.45000000000017,121,0,0.5866853240299091
534,34.500000000000256,140,0,0.5860986387058792
535,119.69999999999969,236,0,0.5855125400671733
536,56.05000000000025,129,0,0.5849270275271061
537,34.25000000000027,145,0,0.584342100499579
538,116.79999999999986,234,0,0.5837577583990794
539,114.55000000000005,219,0,0.5831740006406804
540,50.050000000000225,159,0,0.5825908266400397
541,54.5000000000003,160,0,0.5820082358133997
542,35.60000000000019,118,0,0.5814262275775862
543,113.49999999999982,240,0,0.5808448013500086
544,47.00000000000024,130,0,0.5802639565486586
545,38.350000000000165,123,0,0.57968369259211
546,47.05000000000021,129,0,0.5791040088995179
547,123.34999999999947,193,0,0.5785249048906184
548,35.85000000000019,113,0,0.5779463799857277
549,39.70000000000023,126,0,0.577368433605742
550,114.44999999999955,221,0,0.5767910651721362
551,114.94999999999972,241,0,0.576214274106964
552,35.050000000000225,129,0,0.5756380598328571
553,34.80000000000025,134,0,0.5750624217730242
554,124.1999999999996,236,0,0.5744873593512512
555,41.25000000000021,125,0,0.5739128719918999
556,56.05000000000024,129,0,0.573338959119908
557,34.40000000000026,142,0,0.572765620160788
558,35.450000000000216,121,0,0.5721928545406272
559,128.54999999999927,239,0,0.5716206616860866
560,31.500000000000426,200,0,0.5710490410244006
561,33.800000000000296,154,0,0.5704779919833761
562,48.45000000000026,161,0,0.5699075139913927
563,34.000000000000284,150,0,0.5693376064774013
564,131.09999999999962,248,0,0.5687682688709239
565,51.90000000000023,122,0,0.5681995006020529
566,35.30000000000021,124,0,0.5676313011014509
567,113.59999999999987,238,0,0.5670636698003494
568,124.29999999999954,234,0,0.5664966061305491
569,36.30000000000018,104,0,0.5659301095244186
570,126.89999999999965,272,0,0.5653641794148941
571,309.849999999999,303,1,0.5647988152354793
572,42.95000000000017,121,0,0.5642340164202437
573,44.60000000000018,118,0,0.5636697824038235
574,51.600000000000264,158,0,0.5631061126214196
575,42.95000000000016,121,0,0.5625430065087982
576,36.40000000000015,102,0,0.5619804635022894
577,35.450000000000216,121,0,0.561418483038787
578,54.650000000000304,157,0,0.5608570645557482
579,35.60000000000019,118,0,0.5602962074911925
580,36.00000000000021,110,0,0.5597359112837013
581,34.850000000000236,133,0,0.5591761753724176
582,54.30000000000027,134,0,0.5586169991970452
583,34.35000000000028,143,0,0.5580583821978482
584,34.150000000000304,147,0,0.5575003238156504
585,54.250000000000256,165,0,0.5569428234918348
586,40.000000000000156,120,0,0.5563858806683429
587,42.65000000000025,127,0,0.5558294947876746
588,113.79999999999974,234,0,0.5552736652928869
589,46.750000000000185,135,0,0.5547183916275941
590,37.95000000000019,131,0,0.5541636732359665
591,113.99999999999953,230,0,0.5536095095627305
592,32.10000000000042,188,0,0.5530559000531677
593,53.20000000000023,126,0,0.5525028441531146
594,35.550000000000196,119,0,0.5519503413089615
595,43.050000000000225,119,0,0.5513983909676525
596,27.400000000000688,282,0,0.5508469925766849
597,41.05000000000028,159,0,0.5502961455841082
598,35.90000000000019,112,0,0.5497458494385241
599,54.70000000000029,156,0,0.5491961035890855
600,51.85000000000018,123,0,0.5486469074854965
601,118.99999999999933,250,0,0.548098260578011
602,36.05000000000017,109,0,0.547550162317433
603,35.55000000000021,119,0,0.5470026121551156
604,41.45000000000023,121,0,0.5464556095429605
605,114.99999999999999,210,0,0.5459091539334175
606,47.15000000000023,127,0,0.5453632447794842
607,35.80000000000021,114,0,0.5448178815347047
608,35.50000000000021,120,0,0.54427306365317
609,48.65000000000032,157,0,0.5437287905895168
610,298.3999999999992,292,1,0.5431850617989273
611,40.10000000000019,118,0,0.5426418767371284
612,36.000000000000185,110,0,0.5420992348603912
613,39.700000000000216,126,0,0.5415571356255309
614,32.55000000000037,179,0,0.5410155784899053
615,34.10000000000029,148,0,0.5404745629114154
616,35.25000000000023,125,0,0.539934088348504
617,34.150000000000276,147,0,0.5393941542601555
618,35.05000000000024,129,0,0.5388547601058953
619,42.800000000000225,124,0,0.5383159053457894
620,36.75000000000013,95,0,0.5377775894404436
621,54.40000000000026,132,0,0.5372398118510032
622,36.800000000000225,124,0,0.5367025720391522
623,35.60000000000022,118,0,0.536165869467113
624,53.25000000000024,125,0,0.5356297035976458
625,45.4500000000002,131,0,0.5350940738940482
626,310.4999999999991,290,1,0.5345589798201541
627,45.550000000000296,159,0,0.534024420840334
628,33.60000000000032,158,0,0.5334903964194936
629,125.29999999999957,244,0,0.5329569060230741
630,45.850000000000236,123,0,0.532423949117051
631,308.349999999999,273,1,0.531891525167934
632,34.650000000000276,137,0,0.5313596336427661
633,125.89999999999945,202,0,0.5308282740091232
634,125.34999999999961,243,0,0.5302974457351142
635,36.10000000000018,108,0,0.5297671482893791
636,42.65000000000019,127,0,0.5292373811410898
637,43.100000000000136,88,0,0.5287081437599487
638,32.05000000000041,189,0,0.5281794356161887
639,33.15000000000036,167,0,0.5276512561805725
640,35.35000000000021,123,0,0.5271236049243919
641,33.35000000000032,163,0,0.5265964813194676
642,33.35000000000032,163,0,0.5260698848381481
643,121.24999999999967,235,0,0.5255438149533099
644,53.25000000000024,125,0,0.5250182711383566
645,35.60000000000018,118,0,0.5244932528672183
646,35.550000000000225,119,0,0.5239687596143511
647,113.94999999999975,231,0,0.5234447908547367
648,39.95000000000016,121,0,0.522921346063882
649,52.85000000000018,133,0,0.522398424717818
650,36.00000000000017,110,0,0.5218760262931003
651,133.7999999999995,194,0,0.5213541502668072
652,50.25000000000023,125,0,0.5208327961165404
653,34.80000000000024,134,0,0.5203119633204238
654,118.34999999999964,173,0,0.5197916513571034
655,126.09999999999964,198,0,0.5192718597057463
656,125.64999999999962,237,0,0.5187525878460405
657,130.79999999999967,194,0,0.5182338352581944
658,124.34999999999958,233,0,0.5177156014229363
659,35.2500000000002,125,0,0.5171978858215134
660,35.150000000000205,127,0,0.5166806879356919
661,38.30000000000014,94,0,0.5161640072477562
662,34.0000000000003,150,0,0.5156478432405085
663,36.650000000000205,127,0,0.515132195397268
664,35.70000000000017,116,0,0.5146170632018707
665,36.90000000000012,92,0,0.5141024461386688
666,35.60000000000021,118,0,0.5135883436925301
667,34.65000000000023,137,0,0.5130747553488376
668,125.34999999999961,243,0,0.5125616805934888
669,54.80000000000024,124,0,0.5120491189128954
670,35.800000000000196,114,0,0.5115370697939825
671,132.69999999999936,246,0,0.5110255327241885
672,52.00000000000024,120,0,0.5105145071914643
673,35.75000000000017,115,0,0.5100039926842729
674,31.10000000000045,208,0,0.5094939886915886
675,129.99999999999955,210,0,0.508984494702897
676,44.35000000000018,123,0,0.508475510208194
677,132.34999999999957,193,0,0.5079670346979859
678,50.25000000000021,125,0,0.5074590676632879
679,35.65000000000019,117,0,0.5069516085956246
680,51.95000000000023,121,0,0.506444656987029
681,34.050000000000296,149,0,0.505938212330042
682,45.900000000000176,122,0,0.505432274117712
683,116.99999999999979,170,0,0.5049268418435943
684,35.900000000000176,112,0,0.5044219150017507
685,127.6499999999996,197,0,0.5039174930867489
686,36.000000000000185,110,0,0.5034135755936622
687,300.34999999999957,253,1,0.5029101620180685
688,56.40000000000022,122,0,0.5024072518560504
689,32.200000000000415,186,0,0.5019048446041944
690,35.650000000000205,117,0,0.5014029397595902
691,34.95000000000026,131,0,0.5009015368198305
692,56.30000000000024,124,0,0.5004006352830107
693,133.0999999999995,208,0,0.4999002346477277
694,45.65000000000025,127,0,0.49940033441307996
695,35.95000000000019,111,0,0.49890093407866687
696,32.10000000000038,188,0,0.4984020331445882
697,56.450000000000244,121,0,0.4979036311114436
698,31.800000000000395,194,0,0.4974057274803321
699,35.80000000000018,114,0,0.49690832175285177
700,35.300000000000225,124,0,0.4964114134310989
701,247.64999999999327,767,0,0.4959150020176678
702,44.25000000000021,125,0,0.49541908701565013
703,115.9499999999996,191,0,0.49492366792863446
704,35.60000000000019,118,0,0.4944287442607058
705,35.65000000000019,117,0,0.4939343155164451
706,116.34999999999981,183,0,0.4934403812009287
707,34.55000000000024,139,0,0.4929469408197278
708,35.450000000000216,121,0,0.49245399387890804
709,34.65000000000026,137,0,0.4919615398850291
710,53.40000000000022,122,0,0.4914695783451441
711,33.60000000000032,158,0,0.4909781087667989
712,36.30000000000015,104,0,0.4904871306580321
713,127.79999999999963,194,0,0.4899966435273741
714,35.70000000000019,116,0,0.4895066468838467
715,35.95000000000019,111,0,0.48901714023696286
716,36.000000000000185,110,0,0.4885281230967259
717,298.99999999999926,250,1,0.48803959497362914
718,115.89999999999982,192,0,0.4875515553786555
719,36.10000000000018,108,0,0.48706400382327686
720,33.45000000000033,161,0,0.4865769398194536
721,36.30000000000018,104,0,0.48609036287963414
722,35.25000000000021,125,0,0.48560427251675453
723,121.44999999999972,231,0,0.48511866824423777
724,299.3499999999992,243,1,0.4846335495759935
725,41.35000000000021,123,0,0.4841489160264175
726,115.19999999999958,206,0,0.4836647671103911
727,35.50000000000021,120,0,0.4831811023432807
728,34.20000000000027,146,0,0.4826979212409374
729,56.20000000000023,126,0,0.48221522331969646
730,35.95000000000019,111,0,0.48173300809637676
731,55.05000000000024,119,0,0.48125127508828036
732,50.550000000000225,119,0,0.48077002381319206
733,48.800000000000225,124,0,0.48028925378937887
734,53.45000000000023,121,0,0.47980896453558947
735,35.10000000000022,128,0,0.4793291555710539
736,126.44999999999949,221,0,0.47884982641548285
737,47.050000000000225,129,0,0.47837097658906735
738,43.10000000000021,118,0,0.47789260561247826
739,35.45000000000017,121,0,0.4774147130068658
740,36.250000000000156,105,0,0.4769372982938589
741,34.55000000000027,139,0,0.47646036099556505
742,56.25000000000024,125,0,0.47598390063456947
743,41.75000000000013,85,0,0.4755079167339349
744,34.950000000000244,131,0,0.47503240881720094
745,51.850000000000236,123,0,0.47455737640838375
746,32.35000000000039,183,0,0.47408281903197536
747,35.60000000000021,118,0,0.47360873621294336
748,313.6999999999992,256,1,0.4731351274767304
749,47.40000000000023,122,0,0.4726619923492537
750,48.7500000000002,125,0,0.47218933035690447
751,34.75000000000024,135,0,0.47171714102654755
752,35.300000000000225,124,0,0.471245423885521
753,306.949999999999,241,1,0.47077417846163544
754,35.300000000000225,124,0,0.4703034042831738
755,34.95000000000023,131,0,0.46983310087889063
756,41.50000000000017,120,0,0.46936326777801174
757,127.94999999999943,191,0,0.4688939045102337
758,33.400000000000304,162,0,0.4684250106057235
759,115.79999999999983,194,0,0.46795658559511777
760,126.39999999999942,192,0,0.46748862900952265
761,116.6499999999999,177,0,0.4670211403805131
762,312.5999999999991,248,1,0.4665541192401326
763,127.24999999999967,175,0,0.4660875651208925
764,35.95000000000019,111,0,0.4656214775557716
765,309.049999999999,229,1,0.46515585607821586
766,50.05000000000027,129,0,0.46469070022213765
767,35.05000000000025,129,0,0.4642260095219155
768,51.90000000000023,122,0,0.4637617835123936
769,35.750000000000185,115,0,0.46329802172888124
770,299.8999999999994,232,1,0.46283472370715234
771,56.30000000000025,124,0,0.46237188898344517
772,56.40000000000025,122,0,0.4619095170944617
773,33.25000000000034,165,0,0.46144760757736725
774,35.85000000000019,113,0,0.46098615996978987
775,56.05000000000027,129,0,0.46052517380982005
776,35.20000000000023,126,0,0.4600646486360102
777,128.1999999999996,216,0,0.4596045839873742
778,135.39999999999964,192,0,0.45914497940338683
779,56.45000000000023,121,0,0.4586858344239834
780,56.450000000000244,121,0,0.45822714858955943
781,118.59999999999961,198,0,0.45776892144096987
782,35.20000000000023,126,0,0.4573111525195289
783,306.2499999999991,255,1,0.4568538413670094
784,40.25000000000014,85,0,0.4563969875256424
785,53.60000000000022,118,0,0.45594059053811675
786,129.24999999999955,195,0,0.45548464994757865
787,53.550000000000225,119,0,0.45502916529763104
788,126.6499999999994,217,0,0.45457413613233344
789,310.2499999999992,265,1,0.4541195619962011
790,133.89999999999958,192,0,0.4536654424342049
791,35.800000000000196,114,0,0.45321177699177073
792,24.250000000000853,345,0,0.452758565214779
793,122.99999999999956,200,0,0.4523058066495642
794,36.350000000000165,103,0,0.45185350084291465
795,34.350000000000264,143,0,0.4514016473420717
796,45.60000000000022,128,0,0.45095024569472963
797,45.95000000000017,121,0,0.4504992954490349
798,301.2499999999994,205,1,0.45004879615358584
799,312.6999999999992,306,1,0.44959874735743227
800,39.750000000000156,95,0,0.4491491486100748
801,32.850000000000364,173,0,0.44869999946146477
802,36.150000000000176,107,0,0.4482512994620033
803,302.1999999999991,246,1,0.4478030481625413
804,35.30000000000021,124,0,0.44735524511437874
805,35.35000000000021,123,0,0.4469078898692644
806,47.35000000000019,123,0,0.4464609819793951
807,39.95000000000019,121,0,0.44601452099741573
808,34.600000000000264,138,0,0.4455685064764183
809,45.95000000000017,121,0,0.4451229379699419
810,54.850000000000236,123,0,0.44467781503197196
811,35.05000000000024,129,0,0.44423313721693997
812,33.80000000000031,154,0,0.44378890407972305
813,31.650000000000418,197,0,0.44334511517564335
814,34.35000000000025,143,0,0.4429017700604677
815,36.60000000000012,98,0,0.44245886829040726
816,300.14999999999935,227,1,0.44201640942211684
817,135.04999999999956,199,0,0.44157439301269474
818,41.55000000000015,89,0,0.44113281861968207
819,44.15000000000025,127,0,0.4406916858010624
820,41.75000000000014,85,0,0.4402509941152613
821,47.10000000000018,128,0,0.43981074312114604
822,35.900000000000176,112,0,0.4393709323780249
823,38.35000000000019,123,0,0.4389315614456469
824,51.95000000000023,121,0,0.43849262988420123
825,51.95000000000023,121,0,0.438054137254317
826,136.89999999999958,192,0,0.4376160831170627
827,47.50000000000023,120,0,0.43717846703394564
828,36.40000000000016,102,0,0.4367412885669117
829,133.89999999999958,192,0,0.4363045472783448
830,41.60000000000015,88,0,0.43586824273106645
831,48.55000000000024,129,0,0.4354323744883354
832,131.29999999999956,214,0,0.43499694211384704
833,35.55000000000018,119,0,0.4345619451717332
834,56.50000000000024,120,0,0.43412738322656147
835,34.70000000000027,136,0,0.4336932558433349
836,131.89999999999952,202,0,0.43325956258749154
837,53.05000000000024,129,0,0.43282630302490405
838,136.89999999999958,192,0,0.43239347672187917
839,44.30000000000018,124,0,0.4319610832451573
840,115.9999999999997,190,0,0.43152912216191214
841,34.95000000000026,131,0,0.4310975930397502
842,35.350000000000236,123,0,0.43066649544671043
843,35.15000000000023,127,0,0.4302358289512637
844,36.20000000000016,106,0,0.4298055931223125
845,309.79999999999916,244,1,0.42937578752919014
846,44.350000000000236,123,0,0.4289464117416609
847,121.24999999999976,175,0,0.42851746532991924
848,35.45000000000019,121,0,0.42808894786458934
849,35.00000000000023,130,0,0.42766085891672473
850,317.34999999999906,243,1,0.427233198057808
851,309.54999999999916,249,1,0.4268059648597502
852,135.94999999999948,211,0,0.4263791588948904
853,35.25000000000021,125,0,0.42595277973599555
854,39.75000000000017,95,0,0.42552682695625954
855,46.20000000000013,86,0,0.4251013001293033
856,299.64999999999924,237,1,0.424676198829174
857,32.800000000000395,174,0,0.4242515226303448
858,135.24999999999943,195,0,0.42382727110771445
859,47.25000000000021,125,0,0.4234034438366067
860,32.35000000000039,183,0,0.4229800403927701
861,36.30000000000015,104,0,0.42255706035237733
862,42.650000000000176,97,0,0.42213450329202495
863,36.350000000000165,103,0,0.4217123687887329
864,36.05000000000018,109,0,0.4212906564199442
865,300.84999999999945,213,1,0.42086936576352424
866,35.40000000000019,122,0,0.4204484963977607
867,36.50000000000014,100,0,0.42002804790136294
868,135.84999999999945,213,0,0.4196080198534616
869,129.3499999999995,193,0,0.4191884118336081
870,41.600000000000236,118,0,0.41876922342177453
871,35.300000000000225,124,0,0.41835045419835276
872,35.400000000000176,122,0,0.4179321037441544
873,136.74999999999955,195,0,0.41751417164041027
874,300.0999999999994,228,1,0.41709665746876984
875,38.85000000000015,83,0,0.4166795608113011
876,36.400000000000176,102,0,0.41626288125048977
877,46.450000000000145,81,0,0.41584661836923925
878,33.25000000000033,165,0,0.41543077175087
879,300.7499999999995,215,1,0.41501534097911913
880,36.150000000000176,107,0,0.41460032563814003
881,43.10000000000015,88,0,0.4141857253125019
882,122.79999999999974,174,0,0.41377153958718943
883,133.44999999999948,201,0,0.4133577680476022
884,44.60000000000022,118,0,0.4129444102795546
885,38.700000000000145,86,0,0.412531465869275
886,317.04999999999916,249,1,0.41211893440340575
887,47.50000000000014,90,0,0.41170681546900234
888,300.1999999999994,226,1,0.41129510865353336
889,127.59999999999975,168,0,0.41088381354487985
890,29.450000000000557,241,0,0.410472929731335
891,36.30000000000017,104,0,0.41006245680160364
892,44.55000000000021,119,0,0.40965239434480205
893,34.50000000000027,140,0,0.40924274195045723
894,116.24999999999996,185,0,0.40883349920850676
895,34.40000000000025,142,0,0.40842466570929825
896,300.69999999999953,216,1,0.40801624104358897
897,122.99999999999973,170,0,0.4076082248025454
898,35.05000000000024,129,0,0.4072006165777428
899,36.05000000000018,109,0,0.4067934159611651
900,299.8499999999993,233,1,0.4063866225452039
901,310.899999999999,252,1,0.4059802359226587
902,34.700000000000244,136,0,0.40557425568673605
903,36.350000000000165,103,0,0.40516868143104934
904,117.59999999999972,158,0,0.4047635127496183
905,44.25000000000017,95,0,0.4043587492368687
906,136.24999999999932,205,0,0.4039543904876318
907,56.60000000000022,118,0,0.4035504360971442
908,33.50000000000033,160,0,0.40314688566104706
909,33.600000000000335,158,0,0.402743738775386
910,134.99999999999937,230,0,0.4023409950366106
911,301.24999999999943,205,1,0.401938654041574
912,136.7499999999995,195,0,0.4015367153875324
913,36.850000000000136,93,0,0.4011351786721449
914,36.15000000000016,107,0,0.40073404349347275
915,124.29999999999977,174,0,0.40033330944997925
916,36.20000000000016,106,0,0.39993297614052925
917,36.30000000000015,104,0,0.3995330431643887
918,35.85000000000021,113,0,0.39913351012122433
919,56.200000000000244,126,0,0.3987343766111031
920,38.85000000000015,83,0,0.398335642234492
921,35.25000000000023,125,0,0.3979373065922575
922,125.84999999999975,173,0,0.39753936928566525
923,299.59999999999934,238,1,0.3971418299163796
924,42.400000000000176,102,0,0.3967446880864632
925,33.7000000000003,156,0,0.3963479433983767
926,33.50000000000031,160,0,0.3959515954549783
927,137.59999999999968,178,0,0.39555564385952335
928,131.89999999999958,232,0,0.39516008821566384
929,38.80000000000011,84,0,0.3947649281274482
930,33.450000000000315,161,0,0.3943701631993207
931,38.60000000000012,88,0,0.3939757930361214
932,310.49999999999926,230,1,0.3935818172430853
933,35.650000000000205,117,0,0.3931882354258422
934,311.0999999999991,248,1,0.39279504719041636
935,55.00000000000023,120,0,0.39240225214322594
936,41.850000000000136,83,0,0.39200984989108273
937,132.14999999999952,197,0,0.39161784004119166
938,133.74999999999955,195,0,0.39122622220115044
939,36.150000000000176,107,0,0.3908349959789493
940,49.100000000000136,88,0,0.3904441609829703
941,121.29999999999977,174,0,0.3900537168219873
942,42.75000000000023,125,0,0.3896636631051653
943,33.450000000000315,161,0,0.38927399944206015
944,36.30000000000017,104,0,0.3888847254426181
945,123.04999999999957,199,0,0.38849584071717547
946,48.950000000000216,121,0,0.3881073448764583
947,301.3499999999994,203,1,0.3877192375315819
948,33.10000000000035,168,0,0.3873315182940503
949,55.80000000000025,134,0,0.38694418677575626
950,32.050000000000395,189,0,0.3865572425889805
951,32.10000000000038,188,0,0.38617068534639154
952,34.70000000000026,136,0,0.38578451466104513
953,132.14999999999975,197,0,0.3853987301463841
954,136.59999999999928,198,0,0.3850133314162377
955,39.950000000000145,91,0,0.3846283180848215
956,301.2999999999994,204,1,0.3842436897667367
957,41.15000000000016,97,0,0.3838594460769699
958,126.34999999999961,193,0,0.38347558663089293
959,43.05000000000015,89,0,0.38309211104426205
960,120.09999999999975,198,0,0.3827090189332178
961,44.60000000000015,88,0,0.38232630991428457
962,136.7499999999995,195,0,0.38194398360437026
963,47.500000000000156,90,0,0.3815620396207659
964,35.80000000000021,114,0,0.38118047758114515
965,44.30000000000018,94,0,0.380799297103564
966,34.65000000000025,137,0,0.3804184978064605
967,38.850000000000136,83,0,0.380038079308654
968,33.85000000000032,153,0,0.3796580412293454
969,35.200000000000216,126,0,0.379278383188116
970,307.9499999999991,251,1,0.3788991048049279
971,36.000000000000185,110,0,0.37852020570012296
972,46.05000000000017,89,0,0.37814168549442284
973,318.79999999999905,244,1,0.3777635438089284
974,136.44999999999948,201,0,0.3773857802651195
975,258.34999999999405,673,0,0.37700839448485435
976,262.9499999999967,461,0,0.3766313860903695
977,300.5999999999994,218,1,0.37625475470427916
978,135.39999999999947,192,0,0.3758784999495749
979,127.04999999999986,179,0,0.3755026214496253
980,301.4999999999994,200,1,0.3751271188281757
981,41.35000000000015,93,0,0.3747519917093475
982,130.59999999999945,198,0,0.37437723971763814
983,301.2999999999993,204,1,0.37400286247792053
984,301.39999999999947,202,1,0.3736288596154426
985,41.800000000000125,84,0,0.37325523075582717
986,36.65000000000015,97,0,0.37288197552507135
987,301.9999999999995,190,1,0.37250909354954626
988,53.25000000000024,125,0,0.37213658445599673
989,41.85000000000012,83,0,0.3717644478715407
990,133.69999999999942,196,0,0.3713926834236692
991,43.45000000000013,81,0,0.37102129074024554
992,310.8499999999991,253,1,0.3706502694495053
993,122.99999999999979,200,0,0.3702796191800558
994,315.8999999999989,242,1,0.36990933956087574
995,126.24999999999967,165,0,0.36953943022131486
996,300.74999999999943,215,1,0.3691698907910935
997,35.800000000000196,114,0,0.3688007209003024
998,41.45000000000016,91,0,0.36843192017940213
999,120.49999999999979,160,0,0.36806348825922275
1000,35.95000000000019,111,0,0.3676954247709635
1001,36.20000000000019,106,0,0.36732772934619257
1002,117.4499999999998,161,0,0.3669604016168464
1003,301.34999999999934,203,1,0.3665934412152296
1004,53.55000000000017,89,0,0.3662268477740143
1005,47.450000000000244,121,0,0.36586062092624033
1006,46.100000000000165,88,0,0.3654947603053141
1007,300.6999999999993,216,1,0.36512926554500874
1008,42.750000000000156,95,0,0.36476413627946375
1009,270.79999999999734,394,0,0.3643993721431843
1010,301.64999999999947,197,1,0.36403497277104113
1011,53.10000000000018,98,0,0.3636709377982701
1012,280.34999999999656,443,0,0.3633072668604718
1013,40.40000000000015,82,0,0.36294395959361136
1014,117.44999999999986,161,0,0.36258101563401773
1015,57.65000000000016,97,0,0.3622184346183837
1016,33.70000000000029,156,0,0.36185621618376534
1017,130.39999999999952,202,0,0.36149435996758156
1018,41.90000000000015,82,0,0.361132865607614
1019,120.79999999999988,154,0,0.36077173274200636
1020,32.35000000000038,183,0,0.36041096100926434
1021,300.94999999999936,211,1,0.3600505500482551
1022,32.50000000000041,180,0,0.35969049949820686
1023,133.69999999999953,196,0,0.3593308089987087
1024,283.99999999999744,370,0,0.35897147818971
1025,121.5999999999997,168,0,0.3586125067115203
1026,116.89999999999976,172,0,0.35825389420480874
1027,56.000000000000256,130,0,0.35789564031060395
1028,123.09999999999953,198,0,0.35753774467029337
1029,34.15000000000029,147,0,0.3571802069256231
1030,36.10000000000018,108,0,0.3568230267186975
1031,42.85000000000015,93,0,0.3564662036919788
1032,280.6999999999971,406,0,0.35610973748828684
1033,301.14999999999924,207,1,0.35575362775079855
1034,44.40000000000015,92,0,0.35539787412304774
1035,41.600000000000136,88,0,0.3550424762489247
1036,58.100000000000165,88,0,0.3546874337726758
1037,35.75000000000021,115,0,0.35433274633890316
1038,118.64999999999974,167,0,0.35397841359256427
1039,130.89999999999952,192,0,0.3536244351789717
1040,117.2499999999997,165,0,0.35327081074379274
1041,37.000000000000114,90,0,0.352917539933049
1042,300.54999999999944,219,1,0.3525646223931159
1043,35.650000000000205,117,0,0.3522120577707228
1044,125.9499999999998,171,0,0.3518598457129521
1045,301.24999999999926,205,1,0.35150798586723914
1046,116.34999999999984,183,0,0.3511564778813719
1047,53.55000000000015,89,0,0.3508053214034905
1048,33.05000000000035,169,0,0.35045451608208705
1049,127.2499999999997,175,0,0.350104061566005
1050,301.29999999999933,204,1,0.349753957504439
1051,38.150000000000176,97,0,0.3494042035469346
1052,31.100000000000463,208,0,0.3490547993433876
1053,41.500000000000156,90,0,0.34870574454404424
1054,318.1999999999992,226,1,0.3483570387995002
1055,54.80000000000018,94,0,0.3480086817607007
1056,36.20000000000019,106,0,0.34766067307894
1057,132.1499999999997,197,0,0.34731301240586104
1058,320.94999999999914,231,1,0.3469656993934552
1059,301.4499999999995,201,1,0.3466187336940617
1060,55.10000000000018,118,0,0.34627211496036764
1061,133.6499999999997,167,0,0.3459258428454073
1062,301.44999999999953,201,1,0.34557991700256185
1063,124.19999999999966,176,0,0.3452343370855593
1064,301.4999999999993,200,1,0.34488910274847373
1065,35.50000000000021,120,0,0.34454421364572524
1066,121.39999999999976,172,0,0.3441996694320795
1067,35.10000000000022,128,0,0.34385546976264747
1068,124.89999999999971,162,0,0.34351161429288485
1069,126.54999999999966,159,0,0.34316810267859194
1070,320.8999999999991,232,1,0.34282493457591334
1071,40.45000000000013,81,0,0.3424821096413374
1072,42.85000000000015,93,0,0.3421396275316961
1073,40.450000000000145,81,0,0.34179748790416437
1074,44.700000000000145,86,0,0.3414556904162602
1075,43.20000000000016,86,0,0.34111423472584396
1076,123.84999999999961,183,0,0.34077312049111813
1077,135.2499999999995,195,0,0.340432347370627
1078,120.2499999999997,165,0,0.34009191502325636
1079,124.29999999999971,174,0,0.3397518231082331
1080,120.39999999999976,162,0,0.33941207128512485
1081,38.850000000000136,83,0,0.3390726592138397
1082,301.6499999999995,197,1,0.3387335865546259
1083,121.89999999999982,162,0,0.33839485296807126
1084,41.150000000000176,97,0,0.3380564581151032
1085,57.95000000000017,91,0,0.33771840165698813
1086,130.84999999999945,193,0,0.33738068325533116
1087,136.49999999999943,200,0,0.3370433025720758
1088,42.850000000000165,93,0,0.33670625926950376
1089,125.89999999999982,172,0,0.33636955301023425
1090,41.850000000000136,83,0,0.336033183457224
1091,40.400000000000134,82,0,0.3356971502737668
1092,41.55000000000014,89,0,0.335361453123493
1093,44.60000000000015,88,0,0.3350260916703695
1094,41.850000000000136,83,0,0.33469106557869915
1095,44.60000000000015,88,0,0.33435637451312045
1096,117.29999999999974,164,0,0.3340220181386073
1097,317.64999999999895,237,1,0.33368799612046873
1098,117.7999999999998,154,0,0.33335430812434824
1099,282.24999999999756,375,0,0.3330209538162239
1100,118.44999999999983,171,0,0.33268793286240766
1101,40.05000000000015,89,0,0.33235524492954527
1102,41.650000000000134,87,0,0.33202288968461574
1103,302.29999999999933,184,1,0.33169086679493115
1104,301.29999999999933,204,1,0.33135917592813624
1105,125.69999999999975,176,0,0.3310278167522081
1106,36.05000000000017,109,0,0.3306967889354559
1107,136.64999999999958,197,0,0.33036609214652046
1108,301.94999999999936,191,1,0.3300357260543739
1109,38.80000000000014,84,0,0.32970569032831953
1110,129.39999999999952,192,0,0.3293759846379912
1111,44.800000000000125,84,0,0.3290466086533532
1112,312.9999999999989,240,1,0.3287175620446999
1113,35.850000000000165,113,0,0.32838884448265515
1114,54.90000000000015,92,0,0.3280604556381725
1115,127.19999999999983,176,0,0.32773239518253433
1116,301.39999999999947,202,1,0.3274046627873518
1117,302.0499999999994,189,1,0.32707725812456445
1118,123.24999999999979,165,0,0.32675018086643987
1119,38.80000000000014,84,0,0.32642343068557345
1120,41.85000000000015,83,0,0.3260970072548879
1121,42.85000000000018,93,0,0.325770910247633
1122,38.70000000000013,86,0,0.32544513933738534
1123,57.60000000000019,98,0,0.3251196941980479
1124,47.50000000000017,90,0,0.32479457450384985
1125,41.600000000000165,88,0,0.324469779929346
1126,41.750000000000156,85,0,0.32414531014941667
1127,42.95000000000017,91,0,0.32382116483926726
1128,38.25000000000017,95,0,0.323497343674428
1129,38.800000000000125,84,0,0.3231738463307536
1130,47.30000000000017,94,0,0.32285067248442284
1131,50.90000000000015,82,0,0.3225278218119384
1132,51.650000000000176,97,0,0.3222052939901265
1133,122.19999999999986,156,0,0.32188308869613635
1134,133.74999999999955,195,0,0.3215612056074402
1135,132.4999999999996,190,0,0.3212396444018328
1136,301.2499999999993,205,1,0.32091840475743094
1137,46.10000000000015,88,0,0.3205974863526735
1138,302.8999999999996,172,1,0.32027688886632083
1139,40.350000000000136,83,0,0.3199566119774545
1140,124.34999999999981,173,0,0.31963665536547703
1141,117.29999999999966,164,0,0.31931701871011153
1142,117.64999999999985,157,0,0.3189977016914014
1143,124.5499999999998,169,0,0.31867870398971
1144,306.1999999999991,226,1,0.31836002528572027
1145,43.30000000000014,84,0,0.31804166526043454
1146,35.15000000000025,127,0,0.3177236235951741
1147,301.0999999999992,208,1,0.3174058999715789
1148,33.10000000000035,168,0,0.31708849407160733
1149,36.80000000000014,94,0,0.31677140557753575
1150,136.99999999999955,190,0,0.31645463417195824
1151,43.45000000000013,81,0,0.3161381795377863
1152,123.19999999999978,166,0,0.3158220413582485
1153,41.950000000000145,81,0,0.3155062193168902
1154,129.19999999999976,166,0,0.31519071309757335
1155,47.70000000000016,86,0,0.3148755223844758
1156,46.100000000000165,88,0,0.31456064686209134
1157,301.7999999999994,194,1,0.31424608621522926
1158,314.24999999999886,245,1,0.31393184012901404
1159,130.7999999999996,164,0,0.31361790828888503
1160,44.75000000000014,85,0,0.31330429038059615
1161,36.750000000000156,95,0,0.31299098609021553
1162,42.85000000000015,93,0,0.3126779951041253
1163,301.74999999999943,195,1,0.31236531710902116
1164,301.5499999999995,199,1,0.3120529517919121
1165,119.14999999999982,157,0,0.3117408988401202
1166,130.54999999999967,169,0,0.31142915794128007
1167,36.500000000000156,100,0,0.31111772878333877
1168,301.54999999999956,199,1,0.3108066110545554
1169,138.0499999999995,169,0,0.3104958044435009
1170,130.34999999999985,173,0,0.3101853086390574
1171,41.65000000000016,87,0,0.30987512333041833
1172,301.7999999999994,194,1,0.3095652482070879
1173,117.84999999999978,153,0,0.30925568295888084
1174,40.450000000000145,81,0,0.308946427275922
1175,129.14999999999975,167,0,0.30863748084864606
1176,36.60000000000015,98,0,0.3083288433677974
1177,117.64999999999985,157,0,0.30802051452442963
1178,302.3999999999994,182,1,0.3077124940099052
1179,43.25000000000014,85,0,0.3074047815158953
1180,46.15000000000015,87,0,0.30709737673437937
1181,118.94999999999978,161,0,0.30679027935764497
1182,133.54999999999967,169,0,0.3064834890782873
1183,53.500000000000156,90,0,0.306177005589209
1184,117.2999999999998,164,0,0.3058708285836198
1185,44.900000000000134,82,0,0.30556495775503617
1186,127.89999999999968,162,0,0.30525939279728115
1187,319.04999999999905,239,1,0.30495413340448385
1188,301.34999999999934,203,1,0.3046491792710794
1189,130.84999999999957,193,0,0.3043445300918083
1190,301.6999999999994,196,1,0.30404018556171647
1191,58.35000000000015,83,0,0.30373614537615473
1192,126.19999999999969,166,0,0.3034324092307786
1193,40.400000000000134,82,0,0.3031289768215478
1194,124.74999999999967,165,0,0.30282584784472627
1195,41.90000000000015,82,0,0.3025230219968815
1196,43.30000000000014,84,0,0.3022204989748846
1197,44.850000000000136,83,0,0.30191827847590974
1198,123.54999999999971,159,0,0.3016163601974338
1199,135.2999999999995,194,0,0.3013147438372364
1200,124.54999999999974,169,0,0.3010134290933992
1201,38.95000000000012,81,0,0.3007124156643058
1202,136.04999999999944,179,0,0.30041170324864147
1203,115.64999999999954,197,0,0.30011129154539284
1204,117.44999999999978,161,0,0.29981118025384745
1205,133.7999999999995,194,0,0.2995113690735936
1206,38.90000000000015,82,0,0.29921185770452
1207,46.200000000000145,86,0,0.2989126458468155
1208,43.400000000000134,82,0,0.2986137332009687
1209,301.59999999999945,198,1,0.29831511946776773
1210,36.95000000000013,91,0,0.29801680434829997
1211,41.85000000000015,83,0,0.29771878754395165
1212,40.400000000000134,82,0,0.29742106875640767
1213,38.90000000000012,82,0,0.29712364768765126
1214,117.8999999999999,152,0,0.2968265240399636
1215,49.30000000000015,84,0,0.2965296975159237
1216,123.64999999999985,157,0,0.29623316781840775
1217,301.3999999999993,202,1,0.29593693465058934
1218,43.45000000000013,81,0,0.29564099771593877
1219,40.45000000000013,81,0,0.2953453567182228
1220,123.09999999999967,168,0,0.2950500113615046
1221,41.75000000000014,85,0,0.2947549613501431
1222,52.10000000000015,88,0,0.294460206388793
1223,132.44999999999948,191,0,0.2941657461824042
1224,122.69999999999969,176,0,0.2938715804362218
1225,41.900000000000134,82,0,0.2935777088557856
1226,38.850000000000136,83,0,0.2932841311469298
1227,43.30000000000015,84,0,0.2929908470157829
1228,126.69999999999978,156,0,0.2926978561687671
1229,127.39999999999968,172,0,0.29240515831259833
1230,320.8499999999991,233,1,0.29211275315428575
1231,120.19999999999972,166,0,0.2918206404011315
1232,120.6999999999998,156,0,0.29152881976073036
1233,124.94999999999975,161,0,0.2912372909409696
1234,121.7499999999997,165,0,0.2909460536500286
1235,130.64999999999964,167,0,0.2906551075963786
1236,120.64999999999976,157,0,0.2903644524887822
1237,118.84999999999984,163,0,0.2900740880362934
1238,38.95000000000013,81,0,0.28978401394825715
1239,123.84999999999975,153,0,0.2894942299343089
1240,39.90000000000016,92,0,0.2892047357043746
1241,301.1999999999993,206,1,0.28891553096867023
1242,301.79999999999933,194,1,0.2886266154377016
1243,38.95000000000013,81,0,0.28833798882226386
1244,41.95000000000013,81,0,0.2880496508334416
1245,41.950000000000145,81,0,0.28776160118260813
1246,44.60000000000015,88,0,0.2874738395814255
1247,122.09999999999972,158,0,0.2871863657418441
1248,302.04999999999933,189,1,0.28689917937610226
1249,129.19999999999976,166,0,0.2866122801967262
1250,301.6499999999994,197,1,0.28632566791652947
1251,44.95000000000013,81,0,0.28603934224861294
1252,118.2499999999997,175,0,0.2857533029063643
1253,120.29999999999968,164,0,0.28546754960345794
1254,55.10000000000015,88,0,0.2851820820538545
1255,301.49999999999943,200,1,0.2848968999718006
1256,38.95000000000013,81,0,0.2846120030718288
1257,40.45000000000012,81,0,0.284327391068757
1258,119.14999999999982,157,0,0.2840430636776882
1259,124.89999999999965,162,0,0.28375902061401054
1260,301.44999999999936,201,1,0.28347526159339653
1261,35.150000000000205,127,0,0.28319178633180314
1262,301.64999999999935,197,1,0.28290859454547135
1263,33.95000000000029,151,0,0.28262568595092585
1264,132.1499999999997,167,0,0.2823430602649749
1265,125.94999999999986,171,0,0.28206071720470993
1266,47.85000000000015,83,0,0.2817786564875052
1267,46.10000000000015,88,0,0.28149687783101773
1268,38.95000000000013,81,0,0.2812153809531867
1269,121.64999999999976,167,0,0.28093416557223355
1270,127.19999999999969,176,0,0.2806532314066613
1271,302.0499999999994,189,1,0.2803725781752547
1272,122.84999999999981,173,0,0.2800922055970794
1273,301.39999999999935,202,1,0.2798121133914823
1274,301.39999999999935,202,1,0.2795323012780908
1275,122.09999999999987,158,0,0.2792527689768127
1276,38.900000000000134,82,0,0.2789735162078359
1277,33.40000000000033,162,0,0.2786945426916281
1278,55.250000000000156,85,0,0.27841584814893644
1279,127.54999999999932,199,0,0.2781374323007875
1280,41.80000000000015,84,0,0.27785929486848676
1281,49.000000000000156,90,0,0.27758143557361825
1282,36.80000000000011,94,0,0.27730385413804465
1283,124.59999999999975,168,0,0.2770265502839066
1284,46.45000000000013,81,0,0.2767495237336227
1285,40.30000000000014,84,0,0.2764727742098891
1286,301.8499999999994,193,1,0.2761963014356792
1287,47.45000000000017,91,0,0.27592010513424353
1288,301.9999999999994,190,1,0.2756441850291093
1289,40.45000000000012,81,0,0.2753685408440802
1290,49.200000000000145,86,0,0.2750931723032361
1291,124.59999999999972,168,0,0.27481807913093287
1292,117.84999999999981,153,0,0.27454326105180193
1293,301.79999999999944,194,1,0.2742687177907501
1294,40.30000000000014,84,0,0.2739944490729594
1295,117.64999999999979,157,0,0.27372045462388644
1296,40.400000000000134,82,0,0.2734467341692626
1297,126.54999999999974,159,0,0.27317328743509334
1298,34.05000000000028,149,0,0.27290011414765825
1299,127.6999999999996,166,0,0.2726272140335106
1300,123.29999999999968,164,0,0.27235458681947705
1301,41.95000000000013,81,0,0.2720822322326576
1302,301.29999999999933,204,1,0.2718101500004249
1303,125.19999999999966,156,0,0.27153833985042447
1304,52.250000000000156,85,0,0.27126680151057403
1305,44.45000000000016,91,0,0.27099553470906346
1306,58.00000000000017,90,0,0.2707245391743544
1307,301.9999999999993,190,1,0.27045381463518003
1308,46.25000000000014,85,0,0.27018336082054484
1309,43.45000000000012,81,0,0.2699131774597243
1310,47.90000000000015,82,0,0.2696432642822646
1311,117.0499999999998,169,0,0.26937362101798235
1312,38.95000000000013,81,0,0.26910424739696437
1313,44.80000000000014,84,0,0.2688351431495674
1314,40.15000000000016,87,0,0.26856630800641784
1315,47.45000000000016,91,0,0.2682977416984114
1316,43.450000000000145,81,0,0.268029443956713
1317,40.450000000000145,81,0,0.2677614145127563
1318,122.99999999999947,170,0,0.2674936530982436
1319,47.700000000000145,86,0,0.26722615944514533
1320,130.54999999999967,169,0,0.2669589332857002
1321,43.450000000000145,81,0,0.2666919743524145
1322,301.64999999999935,197,1,0.26642528237806207
1323,58.100000000000165,88,0,0.266158857095684
1324,49.30000000000015,84,0,0.2658926982385883
1325,46.450000000000145,81,0,0.26562680554034973
1326,126.39999999999974,162,0,0.26536117873480936
1327,301.8499999999996,193,1,0.26509581755607453
1328,301.59999999999934,198,1,0.26483072173851846
1329,44.900000000000134,82,0,0.26456589101677996
1330,38.850000000000136,83,0,0.2643013251257632
1331,49.30000000000014,84,0,0.2640370238006374
1332,133.8999999999997,162,0,0.2637729867768368
1333,52.30000000000015,84,0,0.26350921379006
1334,41.950000000000145,81,0,0.26324570457626995
1335,125.9499999999996,171,0,0.2629824588716937
1336,38.850000000000136,83,0,0.262719476412822
1337,127.94999999999969,161,0,0.2624567569364092
1338,50.55000000000015,89,0,0.26219430017947276
1339,123.69999999999978,156,0,0.2619321058792933
1340,124.89999999999974,162,0,0.261670173773414
1341,118.79999999999983,164,0,0.2614085035996406
1342,122.1999999999998,156,0,0.26114709509604095
1343,121.49999999999973,170,0,0.2608859480009449
1344,50.95000000000013,81,0,0.26062506205294395
1345,127.84999999999967,163,0,0.260364436990891
1346,122.7499999999997,145,0,0.2601040725539001
1347,121.79999999999974,164,0,0.2598439684813462
1348,118.89999999999968,162,0,0.2595841245128649
1349,118.0499999999998,149,0,0.259324540388352
1350,117.59999999999981,158,0,0.25906521584796366
1351,301.69999999999936,196,1,0.2588061506321157
1352,302.0999999999994,188,1,0.2585473444814836
1353,40.400000000000134,82,0,0.2582887971370021
1354,38.900000000000134,82,0,0.2580305083398651
1355,38.90000000000015,82,0,0.2577724778315252
1356,43.25000000000013,85,0,0.25751470535369364
1357,125.04999999999971,159,0,0.25725719064833996
1358,41.900000000000134,82,0,0.2569999334576916
1359,38.95000000000012,81,0,0.25674293352423394
1360,126.39999999999965,162,0,0.2564861905907097
1361,38.95000000000013,81,0,0.256229704400119
1362,41.55000000000015,89,0,0.25597347469571885
1363,38.700000000000145,86,0,0.25571750122102316
1364,133.6999999999997,166,0,0.25546178371980216
1365,301.8999999999994,192,1,0.25520632193608234
1366,40.30000000000015,84,0,0.25495111561414624
1367,123.49999999999973,160,0,0.2546961644985321
1368,302.79999999999956,174,1,0.2544414683340336
1369,44.950000000000145,81,0,0.25418702686569955
1370,53.45000000000017,91,0,0.25393283983883386
1371,44.950000000000145,81,0,0.25367890699899504
1372,122.89999999999974,142,0,0.253425228091996
1373,35.05000000000024,129,0,0.253171802863904
1374,301.79999999999933,194,1,0.2529186310610401
1375,302.3999999999993,182,1,0.2526657124299791
1376,34.750000000000256,135,0,0.2524130467175491
1377,40.400000000000134,82,0,0.2521606336708316
1378,301.39999999999924,202,1,0.25190847303716074
1379,43.45000000000013,81,0,0.25165656456412355
1380,43.450000000000145,81,0,0.25140490799955945
1381,117.39999999999979,162,0,0.25115350309155987
1382,52.15000000000016,87,0,0.2509023495884683
1383,127.49999999999979,170,0,0.25065144723887983
1384,53.75000000000014,85,0,0.25040079579164093
1385,301.6999999999995,196,1,0.2501503949958493
1386,301.34999999999934,203,1,0.24990024460085344
1387,49.40000000000015,82,0,0.24965034435625258
1388,117.44999999999978,161,0,0.24940069401189632
1389,120.5499999999998,159,0,0.24915129331788444
1390,46.350000000000136,83,0,0.24890214202456656
1391,122.19999999999975,156,0,0.248653239882542
1392,47.40000000000016,92,0,0.24840458664265946
1393,44.950000000000145,81,0,0.2481561820560168
1394,41.950000000000145,81,0,0.2479080258739608
1395,301.3999999999994,202,1,0.24766011784808684
1396,118.3499999999997,143,0,0.24741245773023876
1397,119.3499999999999,153,0,0.24716504527250852
1398,41.950000000000145,81,0,0.24691788022723601
1399,40.350000000000136,83,0,0.24667096234700878
1400,44.950000000000145,81,0,0.24642429138466176
1401,129.4499999999997,161,0,0.2461778670932771
1402,117.4499999999998,161,0,0.24593168922618383
1403,126.39999999999971,162,0,0.24568575753695765
1404,46.40000000000015,82,0,0.2454400717794207
1405,43.400000000000134,82,0,0.24519463170764128
1406,40.350000000000136,83,0,0.24494943707593364
1407,118.09999999999978,148,0,0.24470448763885772
1408,34.60000000000028,138,0,0.24445978315121886
1409,43.45000000000012,81,0,0.24421532336806764
1410,301.7499999999994,195,1,0.24397110804469957
1411,44.950000000000145,81,0,0.24372713693665488
1412,43.45000000000013,81,0,0.24348340979971822
1413,301.5499999999995,199,1,0.2432399263899185
1414,40.450000000000145,81,0,0.2429966864635286
1415,41.85000000000012,83,0,0.24275368977706507
1416,41.90000000000015,82,0,0.24251093608728802
1417,44.950000000000145,81,0,0.24226842515120073
1418,43.450000000000145,81,0,0.24202615672604952
1419,38.900000000000134,82,0,0.24178413056932346
1420,41.900000000000134,82,0,0.24154234643875414
1421,43.45000000000012,81,0,0.24130080409231539
1422,40.45000000000013,81,0,0.24105950328822306
1423,41.950000000000145,81,0,0.24081844378493483
1424,41.85000000000015,83,0,0.2405776253411499
1425,46.350000000000136,83,0,0.24033704771580874
1426,43.450000000000145,81,0,0.24009671066809293
1427,123.14999999999971,167,0,0.23985661395742483
1428,44.950000000000145,81,0,0.2396167573434674
1429,125.19999999999972,156,0,0.23937714058612394
1430,137.1999999999997,156,0,0.23913776344553783
1431,132.19999999999965,166,0,0.2388986256820923
1432,36.25000000000017,105,0,0.2386597270564102
1433,38.950000000000145,81,0,0.23842106732935378
1434,126.14999999999979,167,0,0.23818264626202443
1435,41.900000000000134,82,0,0.2379444636157624
1436,41.950000000000145,81,0,0.23770651915214663
1437,38.950000000000145,81,0,0.2374688126329945
1438,40.40000000000015,82,0,0.23723134382036148
1439,301.3999999999994,202,1,0.23699411247654112
1440,125.24999999999976,155,0,0.23675711836406457
1441,120.34999999999972,163,0,0.2365203612457005
1442,38.90000000000015,82,0,0.2362838408844548
1443,41.80000000000014,84,0,0.23604755704357036
1444,319.3999999999989,232,1,0.2358115094865268
1445,130.7999999999996,164,0,0.23557569797704025
1446,38.95000000000012,81,0,0.2353401222790632
1447,40.45000000000013,81,0,0.23510478215678413
1448,301.54999999999944,199,1,0.23486967737462733
1449,126.64999999999976,157,0,0.2346348076972527
1450,303.29999999999933,164,1,0.23440017288955545
1451,41.80000000000015,84,0,0.2341657727166659
1452,44.950000000000145,81,0,0.2339316069439492
1453,31.200000000000458,206,0,0.23369767533700525
1454,38.900000000000134,82,0,0.23346397766166824
1455,119.1999999999998,156,0,0.23323051368400657
1456,117.54999999999974,159,0,0.23299728317032256
1457,43.450000000000145,81,0,0.23276428588715223
1458,47.95000000000013,81,0,0.23253152160126508
1459,44.850000000000136,83,0,0.23229899007966381
1460,301.79999999999933,194,1,0.23206669108958414
1461,44.950000000000145,81,0,0.23183462439849456
1462,35.7500000000002,115,0,0.23160278977409607
1463,301.5999999999994,198,1,0.23137118698432196
1464,301.6999999999993,196,1,0.23113981579733764
1465,301.79999999999944,194,1,0.2309086759815403
1466,40.40000000000012,82,0,0.23067776730555875
1467,34.400000000000276,142,0,0.23044708953825319
1468,117.64999999999976,157,0,0.23021664244871493
1469,117.69999999999975,156,0,0.22998642580626621
1470,41.950000000000145,81,0,0.22975643938045995
1471,43.40000000000015,82,0,0.2295266829410795
1472,41.950000000000145,81,0,0.22929715625813843
1473,43.400000000000134,82,0,0.2290678591018803
1474,40.40000000000015,82,0,0.22883879124277842
1475,43.45000000000013,81,0,0.22860995245153565
1476,46.450000000000145,81,0,0.22838134249908412
1477,138.39999999999964,162,0,0.22815296115658504
1478,41.80000000000011,84,0,0.22792480819542846
1479,47.600000000000136,88,0,0.22769688338723304
1480,46.450000000000145,81,0,0.22746918650384582
1481,43.40000000000012,82,0,0.22724171731734197
1482,46.350000000000136,83,0,0.22701447560002463
1483,40.450000000000145,81,0,0.2267874611244246
1484,43.40000000000015,82,0,0.22656067366330018
1485,118.94999999999972,161,0,0.22633411298963688
1486,301.5499999999992,199,1,0.22610777887664724
1487,44.95000000000013,81,0,0.22588167109777058
1488,301.7999999999995,194,1,0.2256557894266728
1489,32.95000000000036,171,0,0.22543013363724612
1490,133.69999999999965,166,0,0.22520470350360888
1491,55.40000000000015,82,0,0.2249794988001053
1492,46.35000000000015,83,0,0.2247545193013052
1493,117.54999999999968,159,0,0.22452976478200387
1494,120.34999999999972,163,0,0.22430523501722185
1495,123.29999999999968,164,0,0.22408092978220462
1496,133.84999999999962,163,0,0.2238568488524224
1497,41.90000000000012,82,0,0.22363299200356998
1498,49.450000000000145,81,0,0.22340935901156642
1499,117.49999999999979,160,0,0.22318594965255484
1500,321.79999999999916,214,1,0.22296276370290227
1501,43.350000000000136,83,0,0.22273980093919937
1502,41.900000000000134,82,0,0.22251706113826017
1503,41.95000000000013,81,0,0.2222945440771219
1504,120.24999999999967,165,0,0.22207224953304477
1505,46.450000000000145,81,0,0.22185017728351172
1506,41.95000000000013,81,0,0.2216283271062282
1507,38.95000000000013,81,0,0.22140669877912197
1508,126.34999999999981,163,0,0.22118529208034285
1509,38.95000000000013,81,0,0.2209641067882625
1510,40.30000000000014,84,0,0.22074314268147424
1511,41.950000000000145,81,0,0.22052239953879277
1512,43.45000000000013,81,0,0.22030187713925398
1513,120.24999999999964,165,0,0.22008157526211472
1514,302.89999999999964,172,1,0.2198614936868526
1515,41.850000000000136,83,0,0.21964163219316574
1516,40.350000000000136,83,0,0.21942199056097256
1517,46.450000000000145,81,0,0.2192025685704116
1518,41.95000000000013,81,0,0.21898336600184118
1519,128.79999999999978,144,0,0.21876438263583933
1520,49.450000000000145,81,0,0.21854561825320348
1521,43.45000000000013,81,0,0.21832707263495027
1522,40.450000000000145,81,0,0.21810874556231533
1523,322.5999999999993,198,1,0.217890636816753
1524,41.950000000000145,81,0,0.21767274617993623
1525,53.950000000000145,81,0,0.2174550734337563
1526,120.49999999999973,160,0,0.21723761836032254
1527,41.950000000000145,81,0,0.21702038074196223
1528,124.84999999999978,163,0,0.21680336036122028
1529,43.400000000000134,82,0,0.21658655700085905
1530,44.95000000000013,81,0,0.2163699704438582
1531,120.39999999999974,162,0,0.21615360047341434
1532,43.45000000000013,81,0,0.21593744687294092
1533,44.80000000000015,84,0,0.21572150942606796
1534,44.950000000000145,81,0,0.2155057879166419
1535,301.7499999999994,195,1,0.21529028212872525
1536,41.90000000000012,82,0,0.21507499184659654
1537,124.69999999999969,166,0,0.21485991685474995
1538,41.850000000000136,83,0,0.2146450569378952
1539,43.30000000000014,84,0,0.21443041188095732
1540,121.89999999999965,162,0,0.21421598146907636
1541,40.30000000000014,84,0,0.21400176548760727
1542,50.55000000000015,89,0,0.21378776372211966
1543,303.04999999999933,169,1,0.21357397595839755
1544,41.950000000000145,81,0,0.21336040198243916
1545,49.400000000000134,82,0,0.21314704158045672
1546,53.90000000000015,82,0,0.21293389453887626
1547,40.350000000000136,83,0,0.21272096064433738
1548,121.94999999999972,161,0,0.21250823968369303
1549,46.40000000000015,82,0,0.21229573144400934
1550,44.95000000000013,81,0,0.21208343571256533
1551,117.64999999999976,157,0,0.21187135227685275
1552,301.7499999999993,195,1,0.2116594809245759
1553,44.950000000000145,81,0,0.21144782144365132
1554,44.950000000000145,81,0,0.21123637362220768
1555,118.74999999999973,165,0,0.21102513724858546
1556,46.350000000000136,83,0,0.21081411211133688
1557,127.39999999999965,172,0,0.21060329799922556
1558,303.29999999999956,164,1,0.21039269470122635
1559,50.950000000000145,81,0,0.21018230200652513
1560,119.24999999999982,155,0,0.2099721197045186
1561,117.19999999999966,166,0,0.20976214758481407
1562,120.39999999999976,162,0,0.20955238543722926
1563,49.450000000000145,81,0,0.20934283305179202
1564,47.950000000000145,81,0,0.20913349021874023
1565,118.89999999999971,162,0,0.2089243567285215
1566,49.40000000000015,82,0,0.20871543237179296
1567,43.45000000000013,81,0,0.20850671693942116
1568,46.40000000000012,82,0,0.20829821022248174
1569,50.80000000000015,84,0,0.20808991201225926
1570,126.09999999999978,168,0,0.207881822100247
1571,47.90000000000015,82,0,0.20767394027814676
1572,50.950000000000145,81,0,0.2074662663378686
1573,43.40000000000015,82,0,0.20725880007153075
1574,41.90000000000015,82,0,0.20705154127145922
1575,38.950000000000145,81,0,0.20684448973018776
1576,52.30000000000015,84,0,0.20663764524045758
1577,46.450000000000145,81,0,0.20643100759521713
1578,38.90000000000015,82,0,0.20622457658762192
1579,38.950000000000145,81,0,0.2060183520110343
1580,41.950000000000145,81,0,0.20581233365902327
1581,38.85000000000012,83,0,0.20560652132536425
1582,138.34999999999962,163,0,0.20540091480403888
1583,43.400000000000134,82,0,0.20519551388923485
1584,40.35000000000015,83,0,0.20499031837534562
1585,38.85000000000015,83,0,0.20478532805697028
1586,40.40000000000015,82,0,0.2045805427289133
1587,41.90000000000015,82,0,0.20437596218618437
1588,43.40000000000015,82,0,0.2041715862239982
1589,44.90000000000015,82,0,0.2039674146377742
1590,43.30000000000015,84,0,0.20376344722313644
1591,43.30000000000015,84,0,0.2035596837759133
1592,44.50000000000017,90,0,0.20335612409213738
1593,49.35000000000015,83,0,0.20315276796804524
1594,44.95000000000013,81,0,0.2029496152000772
1595,129.4499999999997,161,0,0.20274666558487714
1596,41.950000000000145,81,0,0.20254391891929227
1597,49.400000000000134,82,0,0.20234137500037297
1598,44.950000000000145,81,0,0.20213903362537258
1599,40.450000000000145,81,0,0.2019368945917472
1600,40.450000000000145,81,0,0.20173495769715546
1601,44.950000000000145,81,0,0.2015332227394583
1602,41.95000000000012,81,0,0.20133168951671884
1603,38.95000000000013,81,0,0.20113035782720212
1604,38.90000000000015,82,0,0.20092922746937492
1605,30.30000000000051,224,0,0.20072829824190555
1606,124.9999999999997,160,0,0.20052756994366364
1607,46.250000000000156,85,0,0.20032704237371998
1608,41.950000000000145,81,0,0.20012671533134627
1609,41.900000000000134,82,0,0.19992658861601492
1610,41.950000000000145,81,0,0.19972666202739892
1611,38.90000000000015,82,0,0.19952693536537153
1612,40.400000000000134,82,0,0.19932740843000615
1613,40.20000000000016,86,0,0.19912808102157614
1614,43.450000000000145,81,0,0.19892895294055457
1615,46.450000000000145,81,0,0.19873002398761402
1616,322.4999999999993,200,1,0.1985312939636264
1617,43.450000000000145,81,0,0.19833276266966277
1618,38.95000000000013,81,0,0.1981344299069931
1619,40.450000000000145,81,0,0.1979362954770861
1620,40.450000000000145,81,0,0.197738359181609
1621,123.64999999999976,157,0,0.1975406208224274
1622,41.950000000000145,81,0,0.197343080201605
1623,43.450000000000145,81,0,0.19714573712140337
1624,117.7999999999998,154,0,0.19694859138428197
1625,129.3999999999997,162,0,0.1967516427928977
1626,40.400000000000134,82,0,0.1965548911501048
1627,303.14999999999964,167,1,0.19635833625895469
1628,302.84999999999945,173,1,0.19616197792269574
1629,44.95000000000013,81,0,0.19596581594477305
1630,41.95000000000013,81,0,0.19576985012882828
1631,126.64999999999974,157,0,0.19557408027869944
1632,43.350000000000136,83,0,0.19537850619842073
1633,40.45000000000013,81,0,0.19518312769222232
1634,302.79999999999933,174,1,0.19498794456453009
1635,46.45000000000013,81,0,0.19479295661996557
1636,43.450000000000145,81,0,0.1945981636633456
1637,40.450000000000145,81,0,0.19440356549968224
1638,38.850000000000136,83,0,0.19420916193418256
1639,41.950000000000145,81,0,0.19401495277224837
1640,40.45000000000012,81,0,0.19382093781947612
1641,44.950000000000145,81,0,0.19362711688165665
1642,44.950000000000145,81,0,0.193433489764775
1643,43.450000000000145,81,0,0.19324005627501023
1644,41.95000000000013,81,0,0.1930468162187352
1645,136.8999999999997,162,0,0.19285376940251647
1646,135.44999999999965,161,0,0.19266091563311397
1647,301.99999999999943,190,1,0.19246825471748086
1648,117.64999999999979,157,0,0.1922757864627634
1649,303.4999999999995,160,1,0.1920835106763006
1650,43.450000000000145,81,0,0.19189142716562432
1651,40.35000000000015,83,0,0.1916995357384587
1652,124.99999999999976,160,0,0.19150783620272022
1653,38.95000000000013,81,0,0.1913163283665175
1654,43.450000000000145,81,0,0.19112501203815097
1655,43.100000000000165,88,0,0.1909338870261128
1656,41.900000000000134,82,0,0.19074295313908668
1657,46.450000000000145,81,0,0.1905522101859476
1658,38.85000000000012,83,0,0.19036165797576166
1659,40.40000000000015,82,0,0.1901712963177859
1660,129.1499999999997,167,0,0.1899811250214681
1661,38.950000000000145,81,0,0.18979114389644663
1662,40.45000000000013,81,0,0.1896013527525502
1663,38.950000000000145,81,0,0.18941175139979763
1664,130.6499999999997,167,0,0.18922233964839782
1665,135.39999999999964,162,0,0.18903311730874942
1666,41.95000000000013,81,0,0.18884408419144066
1667,43.450000000000145,81,0,0.1886552401072492
1668,46.40000000000015,82,0,0.18846658486714196
1669,41.950000000000145,81,0,0.1882781182822748
1670,303.0999999999995,168,1,0.18808984016399252
1671,125.29999999999974,154,0,0.18790175032382853
1672,43.45000000000013,81,0,0.1877138485735047
1673,41.900000000000134,82,0,0.1875261347249312
1674,135.44999999999965,161,0,0.1873386085902063
1675,38.85000000000015,83,0,0.18715126998161608
1676,55.450000000000145,81,0,0.18696411871163446
1677,47.950000000000145,81,0,0.18677715459292282
1678,127.94999999999975,161,0,0.1865903774383299
1679,121.84999999999975,163,0,0.18640378706089158
1680,50.900000000000134,82,0,0.1862173832738307
1681,50.95000000000013,81,0,0.18603116589055688
1682,126.74999999999982,155,0,0.18584513472466632
1683,301.7499999999994,195,1,0.18565928958994166
1684,122.04999999999974,159,0,0.18547363030035172
1685,40.35000000000012,83,0,0.18528815667005136
1686,44.950000000000145,81,0,0.1851028685133813
1687,303.0499999999995,169,1,0.18491776564486792
1688,40.450000000000145,81,0,0.18473284787922306
1689,303.1499999999995,167,1,0.18454811503134383
1690,47.95000000000013,81,0,0.18436356691631248
1691,40.45000000000012,81,0,0.18417920334939616
1692,47.85000000000015,83,0,0.18399502414604677
1693,123.44999999999983,161,0,0.18381102912190073
1694,41.95000000000013,81,0,0.18362721809277882
1695,124.49999999999973,170,0,0.18344359087468604
1696,40.45000000000013,81,0,0.18326014728381135
1697,41.950000000000145,81,0,0.18307688713652753
1698,40.450000000000145,81,0,0.182893810249391
1699,43.400000000000134,82,0,0.1827109164391416
1700,46.45000000000013,81,0,0.18252820552270246
1701,119.24999999999984,155,0,0.18234567731717977
1702,41.950000000000145,81,0,0.1821633316398626
1703,301.6999999999993,196,1,0.18198116830822272
1704,127.8499999999997,163,0,0.1817991871399145
1705,47.95000000000013,81,0,0.18161738795277457
1706,303.6499999999995,157,1,0.1814357705648218
1707,132.1499999999997,167,0,0.18125433479425698
1708,301.84999999999945,193,1,0.18107308045946272
1709,30.950000000000458,211,0,0.18089200737900324
1710,46.350000000000136,83,0,0.18071111537162424
1711,38.950000000000145,81,0,0.1805304042562526
1712,301.29999999999944,204,1,0.18034987385199636
1713,301.9999999999994,190,1,0.18016952397814437
1714,46.450000000000145,81,0,0.17998935445416622
1715,303.19999999999953,166,1,0.17980936509971204
1716,38.90000000000015,82,0,0.17962955573461234
1717,49.450000000000145,81,0,0.17944992617887773
1718,123.7499999999997,155,0,0.17927047625269885
1719,50.80000000000015,84,0,0.17909120577644616
1720,301.8999999999993,192,1,0.17891211457066972
1721,301.8999999999994,192,1,0.17873320245609906
1722,47.950000000000145,81,0,0.17855446925364296
1723,50.950000000000145,81,0,0.17837591478438933
1724,123.59999999999975,158,0,0.17819753886960493
1725,53.950000000000145,81,0,0.17801934133073533
1726,40.45000000000013,81,0,0.17784132198940458
1727,43.40000000000015,82,0,0.1776634806674152
1728,44.950000000000145,81,0,0.17748581718674777
1729,50.950000000000145,81,0,0.17730833136956103
1730,301.89999999999935,192,1,0.17713102303819148
1731,44.950000000000145,81,0,0.1769538920151533
1732,43.450000000000145,81,0,0.17677693812313813
1733,127.64999999999962,167,0,0.17660016118501498
1734,41.95000000000013,81,0,0.17642356102382997
1735,133.6999999999997,166,0,0.17624713746280615
1736,119.19999999999978,156,0,0.17607089032534334
1737,46.25000000000014,85,0,0.175894819435018
1738,302.6499999999994,177,1,0.17571892461558297
1739,133.8999999999997,162,0,0.1755432056909674
1740,41.950000000000145,81,0,0.17536766248527644
1741,52.40000000000015,82,0,0.17519229482279117
1742,136.84999999999968,163,0,0.17501710252796837
1743,40.45000000000013,81,0,0.1748420854254404
1744,43.450000000000145,81,0,0.17466724334001496
1745,38.950000000000145,81,0,0.17449257609667496
1746,44.95000000000013,81,0,0.1743180835205783
1747,41.95000000000013,81,0,0.1741437654370577
1748,41.950000000000145,81,0,0.17396962167162064
1749,40.45000000000013,81,0,0.173795652049949
1750,40.35000000000015,83,0,0.17362185639789907
1751,43.45000000000013,81,0,0.17344823454150116
1752,49.100000000000136,88,0,0.17327478630695967
1753,49.100000000000165,88,0,0.1731015115206527
1754,40.45000000000013,81,0,0.17292841000913206
1755,117.0499999999996,169,0,0.17275548159912293
1756,40.350000000000136,83,0,0.17258272611752382
1757,303.1999999999994,166,1,0.17241014339140628
1758,138.34999999999968,163,0,0.1722377332480149
1759,38.90000000000015,82,0,0.17206549551476688
1760,44.900000000000134,82,0,0.1718934300192521
1761,302.0499999999995,189,1,0.17172153658923286
1762,303.1999999999994,166,1,0.17154981505264363
1763,43.450000000000145,81,0,0.17137826523759098
1764,47.900000000000134,82,0,0.1712068869723534
1765,43.45000000000013,81,0,0.17103568008538103
1766,43.450000000000145,81,0,0.17086464440529564
1767,301.6499999999993,197,1,0.17069377976089034
1768,38.900000000000134,82,0,0.17052308598112945
1769,43.450000000000145,81,0,0.17035256289514833
1770,301.9499999999994,191,1,0.17018221033225317
1771,322.5499999999993,199,1,0.17001202812192093
1772,136.99999999999966,160,0,0.169842016093799
1773,315.14999999999907,197,1,0.1696721740777052
1774,133.6499999999997,167,0,0.1695025019036275
1775,44.950000000000145,81,0,0.1693329994017239
1776,38.950000000000145,81,0,0.16916366640232217
1777,40.40000000000015,82,0,0.16899450273591984
1778,303.19999999999953,166,1,0.16882550823318393
1779,121.89999999999974,162,0,0.16865668272495074
1780,47.600000000000165,88,0,0.1684880260422258
1781,132.39999999999964,192,0,0.16831953801618357
1782,302.99999999999943,170,1,0.16815121847816739
1783,40.450000000000145,81,0,0.16798306725968923
1784,47.55000000000014,89,0,0.16781508419242955
1785,126.49999999999973,160,0,0.16764726910823713
1786,55.35000000000015,83,0,0.1674796218391289
1787,138.19999999999965,166,0,0.16731214221728977
1788,303.74999999999955,155,1,0.16714483007507247
1789,303.0999999999995,168,1,0.1669776852449974
1790,126.14999999999971,167,0,0.1668107075597524
1791,46.05000000000015,89,0,0.16664389685219266
1792,302.8999999999995,172,1,0.16647725295534047
1793,40.40000000000015,82,0,0.16631077570238512
1794,46.05000000000015,89,0,0.16614446492668272
1795,138.24999999999972,165,0,0.16597832046175603
1796,136.79999999999967,164,0,0.16581234214129428
1797,41.85000000000015,83,0,0.16564652979915298
1798,46.450000000000145,81,0,0.16548088326935384
1799,40.400000000000134,82,0,0.1653154023860845
1800,44.950000000000145,81,0,0.1651500869836984
1801,302.7999999999994,174,1,0.1649849368967147
1802,47.950000000000145,81,0,0.164819951959818
1803,133.6999999999997,166,0,0.16465513200785817
1804,46.35000000000015,83,0,0.1644904768758503
1805,44.90000000000015,82,0,0.16432598639897444
1806,303.49999999999943,160,1,0.16416166041257546
1807,125.14999999999974,157,0,0.16399749875216288
1808,46.10000000000015,88,0,0.16383350125341073
1809,43.450000000000145,81,0,0.16366966775215733
1810,320.9999999999993,200,1,0.16350599808440516
1811,40.45000000000013,81,0,0.16334249208632076
1812,53.950000000000145,81,0,0.16317914959423443
1813,38.950000000000145,81,0,0.1630159704446402
1814,303.2999999999994,164,1,0.16285295447419557
1815,49.000000000000156,90,0,0.16269010151972138
1816,303.0499999999993,169,1,0.16252741141820165
1817,46.45000000000013,81,0,0.16236488400678345
1818,47.950000000000145,81,0,0.16220251912277667
1819,49.450000000000145,81,0,0.1620403166036539
1820,50.950000000000145,81,0,0.16187827628705023
1821,50.950000000000145,81,0,0.16171639801076318
1822,41.900000000000134,82,0,0.1615546816127524
1823,43.450000000000145,81,0,0.16139312693113966
1824,47.950000000000145,81,0,0.16123173380420852
1825,47.950000000000145,81,0,0.16107050207040433
1826,52.450000000000145,81,0,0.16090943156833393
1827,55.40000000000015,82,0,0.1607485221367656
1828,41.950000000000145,81,0,0.16058777361462884
1829,125.14999999999974,157,0,0.1604271858410142
1830,122.84999999999972,143,0,0.16026675865517317
1831,301.79999999999933,194,1,0.160106491896518
1832,52.000000000000156,90,0,0.15994638540462147
1833,50.75000000000014,85,0,0.15978643901921685
1834,44.850000000000136,83,0,0.15962665258019765
1835,50.90000000000015,82,0,0.15946702592761744
1836,49.450000000000145,81,0,0.15930755890168982
1837,43.450000000000145,81,0,0.15914825134278812
1838,127.5999999999997,138,0,0.15898910309144534
1839,50.950000000000145,81,0,0.1588301139883539
1840,41.950000000000145,81,0,0.15867128387436555
1841,44.95000000000013,81,0,0.15851261259049118
1842,52.10000000000015,88,0,0.1583540999779007
1843,41.95000000000013,81,0,0.1581957458779228
1844,136.49999999999966,170,0,0.15803755013204487
1845,50.95000000000013,81,0,0.15787951258191282
1846,313.74999999999926,195,1,0.1577216330693309
1847,40.45000000000013,81,0,0.15756391143626158
1848,303.09999999999957,168,1,0.15740634752482532
1849,55.35000000000015,83,0,0.1572489411773005
1850,41.60000000000015,88,0,0.1570916922361232
1851,303.7999999999995,154,1,0.15693460054388708
1852,50.950000000000145,81,0,0.1567776659433432
1853,34.15000000000029,147,0,0.15662088827739984
1854,302.8499999999996,173,1,0.15646426738912245
1855,129.29999999999967,164,0,0.1563078031217333
1856,305.0499999999995,189,1,0.15615149531861158
1857,128.14999999999964,157,0,0.15599534382329297
1858,40.45000000000013,81,0,0.15583934847946967
1859,301.84999999999945,193,1,0.15568350913099022
1860,125.9999999999997,140,0,0.15552782562185924
1861,138.19999999999965,166,0,0.15537229779623737
1862,305.19999999999953,156,1,0.15521692549844113
1863,302.9499999999996,171,1,0.15506170857294269
1864,303.3499999999994,163,1,0.15490664686436975
1865,47.600000000000165,88,0,0.15475174021750537
1866,130.69999999999965,166,0,0.15459698847728787
1867,284.64999999999776,327,0,0.1544423914888106
1868,118.84999999999978,133,0,0.15428794909732177
1869,303.1499999999996,167,1,0.15413366114822444
1870,53.950000000000145,81,0,0.15397952748707622
1871,49.450000000000145,81,0,0.15382554795958914
1872,301.9499999999994,191,1,0.15367172241162955
1873,303.0999999999996,168,1,0.15351805068921792
1874,302.89999999999964,172,1,0.1533645326385287
1875,58.450000000000145,81,0,0.15321116810589017
1876,38.950000000000145,81,0,0.1530579569377843
1877,316.5999999999992,198,1,0.1529048989808465
1878,303.5499999999995,159,1,0.15275199408186566
1879,127.64999999999974,167,0,0.15259924208778378
1880,304.0499999999995,179,1,0.15244664284569598
1881,302.94999999999953,171,1,0.15229419620285028
1882,46.45000000000013,81,0,0.15214190200664743
1883,52.35000000000015,83,0,0.15198976010464077
1884,47.950000000000145,81,0,0.15183777034453613
1885,302.99999999999955,170,1,0.1516859325741916
1886,47.50000000000017,90,0,0.1515342466416174
1887,43.450000000000145,81,0,0.1513827123949758
1888,46.100000000000165,88,0,0.15123132968258082
1889,303.04999999999956,169,1,0.15108009835289823
1890,41.95000000000013,81,0,0.15092901825454533
1891,44.85000000000015,83,0,0.15077808923629077
1892,41.850000000000136,83,0,0.15062731114705447
1893,132.3999999999997,162,0,0.1504766838359074
1894,118.39999999999976,142,0,0.15032620715207148
1895,56.950000000000145,81,0,0.1501758809449194
1896,52.450000000000145,81,0,0.15002570506397447
1897,50.950000000000145,81,0,0.1498756793589105
1898,53.750000000000156,85,0,0.14972580367955157
1899,118.79999999999977,134,0,0.14957607787587202
1900,55.45000000000013,81,0,0.14942650179799613
1901,303.5999999999995,158,1,0.14927707529619813
1902,40.450000000000145,81,0,0.14912779822090194
1903,304.9999999999994,160,1,0.14897867042268104
1904,303.3999999999994,192,1,0.14882969175225835
1905,47.950000000000145,81,0,0.1486808620605061
1906,50.55000000000015,89,0,0.14853218119844558
1907,133.99999999999972,160,0,0.14838364901724713
1908,53.95000000000013,81,0,0.14823526536822987
1909,50.950000000000145,81,0,0.14808703010286164
1910,123.09999999999964,138,0,0.1479389430727588
1911,50.950000000000145,81,0,0.14779100412968604
1912,50.90000000000015,82,0,0.14764321312555637
1913,56.950000000000145,81,0,0.14749556991243082
1914,47.90000000000015,82,0,0.1473480743425184
1915,303.59999999999945,158,1,0.14720072626817587
1916,53.950000000000145,81,0,0.1470535255419077
1917,50.950000000000145,81,0,0.1469064720163658
1918,304.99999999999943,160,1,0.14675956554434944
1919,49.45000000000013,81,0,0.14661280597880508
1920,52.40000000000015,82,0,0.14646619317282628
1921,43.45000000000013,81,0,0.14631972697965345
1922,303.09999999999957,168,1,0.1461734072526738
1923,130.59999999999968,138,0,0.14602723384542113
1924,52.45000000000013,81,0,0.14588120661157572
1925,49.450000000000145,81,0,0.14573532540496414
1926,47.950000000000145,81,0,0.14558959007955918
1927,49.350000000000136,83,0,0.1454440004894796
1928,47.950000000000145,81,0,0.14529855648899012
1929,50.600000000000165,88,0,0.14515325793250114
1930,50.80000000000015,84,0,0.14500810467456865
1931,302.6999999999996,176,1,0.14486309656989407
1932,52.40000000000015,82,0,0.1447182334733242
1933,50.95000000000013,81,0,0.14457351523985087
1934,56.950000000000145,81,0,0.14442894172461102
1935,138.29999999999967,164,0,0.1442845127828864
1936,50.60000000000015,88,0,0.1441402282701035
1937,58.00000000000017,90,0,0.1439960880418334
1938,301.7499999999993,195,1,0.14385209195379156
1939,130.69999999999976,136,0,0.14370823986183776
1940,52.450000000000145,81,0,0.1435645316219759
1941,43.45000000000013,81,0,0.14342096709035393
1942,52.400000000000134,82,0,0.14327754612326357
1943,50.950000000000145,81,0,0.14313426857714032
1944,38.900000000000134,82,0,0.14299113430856317
1945,52.450000000000145,81,0,0.1428481431742546
1946,322.7999999999993,194,1,0.14270529503108034
1947,129.3999999999997,132,0,0.14256258973604927
1948,49.450000000000145,81,0,0.14242002714631322
1949,126.24999999999967,135,0,0.1422776071191669
1950,49.45000000000013,81,0,0.14213532951204774
1951,50.950000000000145,81,0,0.1419931941825357
1952,50.950000000000145,81,0,0.14185120098835316
1953,50.950000000000145,81,0,0.1417093497873648
1954,53.950000000000145,81,0,0.14156764043757744
1955,50.95000000000013,81,0,0.14142607279713987
1956,302.8999999999996,172,1,0.14128464672434274
1957,40.450000000000145,81,0,0.1411433620776184
1958,49.100000000000165,88,0,0.14100221871554078
1959,47.85000000000015,83,0,0.14086121649682523
1960,302.8499999999994,173,1,0.14072035528032842
1961,47.950000000000145,81,0,0.1405796349250481
1962,303.09999999999934,168,1,0.14043905529012304
1963,126.64999999999979,157,0,0.14029861623483292
1964,47.600000000000136,88,0,0.1401583176185981
1965,52.450000000000145,81,0,0.1400181593009795
1966,303.94999999999953,151,1,0.1398781411416785
1967,47.950000000000145,81,0,0.13973826300053682
1968,50.950000000000145,81,0,0.13959852473753628
1969,121.69999999999975,136,0,0.13945892621279873
1970,50.900000000000134,82,0,0.13931946728658592
1971,303.54999999999956,159,1,0.13918014781929933
1972,56.850000000000136,83,0,0.13904096767148003
1973,120.74999999999973,155,0,0.13890192670380855
1974,47.95000000000013,81,0,0.13876302477710473
1975,52.40000000000015,82,0,0.13862426175232762
1976,306.49999999999943,160,1,0.1384856374905753
1977,52.45000000000013,81,0,0.13834715185308472
1978,121.34999999999972,173,0,0.13820880470123162
1979,303.0499999999996,169,1,0.1380705958965304
1980,47.950000000000145,81,0,0.13793252530063388
1981,46.250000000000156,85,0,0.13779459277533324
1982,46.450000000000145,81,0,0.1376567981825579
1983,303.2499999999996,165,1,0.13751914138437535
1984,50.950000000000145,81,0,0.13738162224299097
1985,50.90000000000015,82,0,0.13724424062074797
1986,50.900000000000134,82,0,0.13710699638012722
1987,49.450000000000145,81,0,0.1369698893837471
1988,43.45000000000013,81,0,0.13683291949436335
1989,49.450000000000145,81,0,0.13669608657486898
1990,50.750000000000156,85,0,0.1365593904882941
1991,52.450000000000145,81,0,0.1364228310978058
1992,50.95000000000013,81,0,0.13628640826670801
1993,121.64999999999974,137,0,0.1361501218584413
1994,303.1499999999994,167,1,0.13601397173658286
1995,303.2999999999995,164,1,0.1358779577648463
1996,47.900000000000134,82,0,0.13574207980708144
1997,53.950000000000145,81,0,0.13560633772727437
1998,303.79999999999956,154,1,0.1354707313895471
1999,126.49999999999973,160,0,0.13533526065815754
2000,40.45000000000013,81,0,0.1351999253974994
2001,127.84999999999972,133,0,0.13506472547210188
2002,303.59999999999957,158,1,0.1349296607466298
2003,46.450000000000145,81,0,0.13479473108588316
2004,49.40000000000015,82,0,0.13465993635479728
2005,46.400000000000134,82,0,0.13452527641844247
2006,306.5499999999994,159,1,0.13439075114202403
2007,50.95000000000013,81,0,0.134256360390882
2008,52.05000000000017,89,0,0.13412210403049113
2009,47.900000000000134,82,0,0.13398798192646064
2010,120.24999999999967,135,0,0.13385399394453418
2011,40.450000000000145,81,0,0.13372013995058965
2012,50.950000000000145,81,0,0.13358641981063907
2013,302.5999999999994,178,1,0.13345283339082842
2014,301.8499999999993,193,1,0.13331938055743758
2015,47.950000000000145,81,0,0.13318606117688014
2016,43.450000000000145,81,0,0.13305287511570327
2017,47.950000000000145,81,0,0.13291982224058757
2018,49.05000000000015,89,0,0.13278690241834698
2019,53.950000000000145,81,0,0.13265411551592862
2020,50.950000000000145,81,0,0.13252146140041268
2021,49.450000000000145,81,0,0.13238893993901227
2022,124.69999999999975,136,0,0.13225655099907327
2023,127.64999999999968,137,0,0.1321242944480742
2024,303.69999999999953,156,1,0.13199217015362613
2025,117.64999999999976,157,0,0.1318601779834725
2026,47.95000000000013,81,0,0.13172831780548902
2027,52.450000000000145,81,0,0.13159658948768352
2028,50.80000000000015,84,0,0.13146499289819583
2029,138.4499999999997,161,0,0.13133352790529762
2030,137.04999999999967,159,0,0.13120219437739233
2031,49.450000000000145,81,0,0.13107099218301493
2032,303.1499999999994,167,1,0.13093992119083192
2033,49.45000000000013,81,0,0.13080898126964108
2034,55.100000000000165,88,0,0.13067817228837145
2035,41.75000000000014,85,0,0.13054749411608307
2036,49.450000000000145,81,0,0.13041694662196698
2037,53.90000000000015,82,0,0.13028652967534501
2038,52.450000000000145,81,0,0.13015624314566968
2039,52.450000000000145,81,0,0.130026086902524
2040,50.950000000000145,81,0,0.1298960608156215
2041,52.45000000000013,81,0,0.12976616475480587
2042,50.600000000000165,88,0,0.12963639859005108
2043,50.950000000000145,81,0,0.12950676219146104
2044,303.3999999999994,162,1,0.1293772554292696
2045,47.950000000000145,81,0,0.1292478781738403
2046,303.6499999999995,157,1,0.12911863029566648
2047,50.950000000000145,81,0,0.12898951166537082
2048,50.950000000000145,81,0,0.12886052215370544
2049,53.950000000000145,81,0,0.12873166163155172
2050,49.45000000000013,81,0,0.12860292996992018
2051,50.750000000000156,85,0,0.12847432703995026
2052,47.950000000000145,81,0,0.12834585271291032
2053,41.600000000000165,88,0,0.12821750686019742
2054,50.950000000000145,81,0,0.12808928935333722
2055,132.04999999999973,139,0,0.12796120006398387
2056,50.90000000000015,82,0,0.1278332388639199
2057,303.2499999999994,165,1,0.12770540562505597
2058,49.05000000000015,89,0,0.1275777002194309
2059,132.6499999999997,157,0,0.12745012251921148
2060,303.19999999999936,166,1,0.12732267239669226
2061,50.600000000000165,88,0,0.12719534972429558
2062,303.2999999999995,164,1,0.12706815437457128
2063,55.45000000000013,81,0,0.1269410862201967
2064,301.39999999999924,202,1,0.1268141451339765
2065,40.450000000000145,81,0,0.12668733098884255
2066,303.5499999999995,159,1,0.12656064365785372
2067,303.14999999999947,167,1,0.12643408301419587
2068,50.950000000000145,81,0,0.12630764893118168
2069,53.950000000000145,81,0,0.1261813412822505
2070,49.40000000000015,82,0,0.12605515994096825
2071,53.90000000000015,82,0,0.12592910478102728
2072,49.450000000000145,81,0,0.12580317567624627
2073,136.94999999999976,161,0,0.12567737250057
2074,303.3999999999994,162,1,0.12555169512806943
2075,49.30000000000014,84,0,0.12542614343294137
2076,303.49999999999943,160,1,0.12530071728950842
2077,55.450000000000145,81,0,0.12517541657221892
2078,47.900000000000134,82,0,0.1250502411556467
2079,124.89999999999971,162,0,0.12492519091449104
2080,122.29999999999977,154,0,0.12480026572357655
2081,47.950000000000145,81,0,0.12467546545785298
2082,58.450000000000145,81,0,0.12455078999239512
2083,52.45000000000013,81,0,0.12442623920240273
2084,303.19999999999965,166,1,0.12430181296320032
2085,129.29999999999973,134,0,0.12417751115023712
2086,49.450000000000145,81,0,0.12405333363908688
2087,49.450000000000145,81,0,0.1239292803054478
2088,52.35000000000015,83,0,0.12380535102514234
2089,127.64999999999971,137,0,0.1236815456741172
2090,43.450000000000145,81,0,0.12355786412844308
2091,40.450000000000145,81,0,0.12343430626431463
2092,49.450000000000145,81,0,0.12331087195805032
2093,44.90000000000015,82,0,0.12318756108609227
2094,56.90000000000015,82,0,0.12306437352500618
2095,43.450000000000145,81,0,0.12294130915148117
2096,49.450000000000145,81,0,0.12281836784232969
2097,313.5999999999993,198,1,0.12269554947448735
2098,120.19999999999969,136,0,0.12257285392501287
2099,40.450000000000145,81,0,0.12245028107108785
2100,307.99999999999943,160,1,0.12232783079001676
2101,304.99999999999943,160,1,0.12220550295922675
2102,50.95000000000013,81,0,0.12208329745626752
2103,43.400000000000134,82,0,0.12196121415881125
2104,305.0499999999994,159,1,0.12183925294465245
2105,43.450000000000145,81,0,0.1217174136917078
2106,53.45000000000017,91,0,0.12159569627801609
2107,301.94999999999936,191,1,0.12147410058173808
2108,50.600000000000165,88,0,0.12135262648115634
2109,49.450000000000145,81,0,0.12123127385467519
2110,50.60000000000015,88,0,0.12111004258082052
2111,47.950000000000145,81,0,0.1209889325382397
2112,46.35000000000015,83,0,0.12086794360570145
2113,47.80000000000015,84,0,0.12074707566209575
2114,126.29999999999968,134,0,0.12062632858643366
2115,43.45000000000013,81,0,0.12050570225784722
2116,40.40000000000015,82,0,0.12038519655558938
2117,47.950000000000145,81,0,0.12026481135903379
2118,126.79999999999971,154,0,0.12014454654767476
2119,127.69999999999972,136,0,0.12002440200112709
2120,138.44999999999965,161,0,0.11990437759912596
2121,38.950000000000145,81,0,0.11978447322152684
2122,303.5499999999995,159,1,0.11966468874830531
2123,46.450000000000145,81,0,0.11954502405955701
2124,303.5499999999994,159,1,0.11942547903549745
2125,129.1999999999997,136,0,0.11930605355646196
2126,41.950000000000145,81,0,0.11918674750290549
2127,306.59999999999945,158,1,0.11906756075540259
2128,46.450000000000145,81,0,0.11894849319464719
2129,52.450000000000145,81,0,0.11882954470145254
2130,52.250000000000156,85,0,0.11871071515675109
2131,44.950000000000145,81,0,0.11859200444159435
2132,49.450000000000145,81,0,0.11847341243715274
2133,127.59999999999972,138,0,0.1183549390247156
2134,53.95000000000013,81,0,0.11823658408569088
2135,52.450000000000145,81,0,0.11811834750160519
2136,50.95000000000013,81,0,0.11800022915410358
2137,47.85000000000015,83,0,0.11788222892494947
2138,135.6499999999997,157,0,0.11776434669602452
2139,55.30000000000015,84,0,0.1176465823493285
2140,49.450000000000145,81,0,0.11752893576697916
2141,47.750000000000156,85,0,0.11741140683121218
2142,303.5499999999994,189,1,0.11729399542438097
2143,49.450000000000145,81,0,0.11717670142895659
2144,47.950000000000145,81,0,0.11705952472752763
2145,49.450000000000145,81,0,0.1169424652028001
2146,44.45000000000017,91,0,0.1168255227375973
2147,302.9999999999996,170,1,0.1167086972148597
2148,127.59999999999972,138,0,0.11659198851764484
2149,47.85000000000015,83,0,0.1164753965291272
2150,303.5499999999995,159,1,0.11635892113259806
2151,49.40000000000015,82,0,0.11624256221146546
2152,44.950000000000145,81,0,0.116126319649254
2153,44.950000000000145,81,0,0.11601019332960474
2154,129.04999999999973,139,0,0.11589418313627514
2155,127.74999999999973,135,0,0.11577828895313887
2156,49.450000000000145,81,0,0.11566251066418573
2157,47.950000000000145,81,0,0.11554684815352155
2158,43.450000000000145,81,0,0.11543130130536802
2159,46.450000000000145,81,0,0.11531587000406265
2160,47.950000000000145,81,0,0.1152005541340586
2161,47.55000000000017,89,0,0.11508535357992454
2162,303.44999999999936,191,1,0.11497026822634461
2163,52.450000000000145,81,0,0.11485529795811826
2164,44.950000000000145,81,0,0.11474044266016015
2165,126.14999999999968,137,0,0.11462570221749999
2166,44.95000000000013,81,0,0.11451107651528249
2167,303.3999999999994,162,1,0.11439656543876721
2168,52.35000000000015,83,0,0.11428216887332844
2169,50.950000000000145,81,0,0.11416788670445512
2170,46.450000000000145,81,0,0.11405371881775066
2171,49.450000000000145,81,0,0.11393966509893291
2172,47.95000000000013,81,0,0.11382572543383399
2173,53.90000000000015,82,0,0.11371189970840015
2174,49.35000000000015,83,0,0.11359818780869176
2175,41.950000000000145,81,0,0.11348458962088306
2176,52.15000000000016,87,0,0.11337110503126219
2177,50.950000000000145,81,0,0.11325773392623092
2178,49.100000000000165,88,0,0.1131444761923047
2179,303.3999999999994,162,1,0.11303133171611239
2180,303.3499999999994,163,1,0.11291830038439628
2181,127.44999999999972,141,0,0.11280538208401188
2182,135.6999999999997,156,0,0.11269257670192787
2183,47.950000000000145,81,0,0.11257988412522593
2184,49.450000000000145,81,0,0.1124673042411007
2185,303.54999999999944,159,1,0.1123548369368596
2186,49.100000000000165,88,0,0.11224248209992274
2187,126.09999999999972,138,0,0.11213023961782281
2188,127.44999999999975,141,0,0.11201810937820499
2189,38.900000000000134,82,0,0.11190609126882678
2190,52.450000000000145,81,0,0.11179418517755796
2191,124.79999999999974,134,0,0.1116823909923804
2192,124.5999999999997,138,0,0.11157070860138803
2193,40.45000000000013,81,0,0.11145913789278664
2194,303.04999999999956,169,1,0.11134767875489385
2195,49.450000000000145,81,0,0.11123633107613895
2196,53.950000000000145,81,0,0.11112509474506281
2197,126.14999999999974,137,0,0.11101396965031775
2198,304.99999999999943,160,1,0.11090295568066744
2199,47.900000000000134,82,0,0.11079205272498677
2200,50.750000000000156,85,0,0.11068126067226178
2201,50.70000000000016,86,0,0.11057057941158951
2202,47.950000000000145,81,0,0.11046000883217792
2203,49.40000000000015,82,0,0.11034954882334574
2204,132.04999999999973,139,0,0.1102391992745224
2205,303.4999999999995,160,1,0.11012896007524788
2206,53.950000000000145,81,0,0.11001883111517263
2207,49.450000000000145,81,0,0.10990881228405747
2208,302.9499999999996,171,1,0.10979890347177342
2209,129.24999999999972,135,0,0.10968910456830164
2210,40.30000000000014,84,0,0.10957941546373333
2211,137.04999999999967,159,0,0.1094698360482696
2212,130.79999999999973,134,0,0.10936036621222132
2213,47.950000000000145,81,0,0.10925100584600911
2214,303.0499999999996,169,1,0.1091417548401631
2215,41.950000000000145,81,0,0.10903261308532293
2216,43.450000000000145,81,0,0.1089235804722376
2217,44.70000000000016,86,0,0.10881465689176537
2218,47.600000000000165,88,0,0.1087058422348736
2219,128.99999999999977,140,0,0.10859713639263872
2220,49.35000000000015,83,0,0.10848853925624609
2221,43.450000000000145,81,0,0.10838005071698985
2222,46.450000000000145,81,0,0.10827167066627286
2223,127.79999999999971,134,0,0.10816339899560658
2224,49.40000000000015,82,0,0.10805523559661097
2225,303.4499999999994,161,1,0.10794718036101436
2226,38.85000000000015,83,0,0.10783923318065335
2227,49.100000000000165,88,0,0.10773139394747269
2228,303.29999999999933,164,1,0.10762366255352522
2229,119.19999999999978,126,0,0.1075160388909717
2230,46.450000000000145,81,0,0.10740852285208072
2231,40.45000000000013,81,0,0.10730111432922863
2232,43.450000000000145,81,0,0.1071938132148994
2233,303.34999999999945,163,1,0.1070866194016845
2234,313.59999999999934,198,1,0.10697953278228281
2235,303.29999999999933,164,1,0.10687255324950053
2236,132.34999999999968,163,0,0.10676568069625103
2237,306.54999999999944,159,1,0.10665891501555477
2238,303.5999999999995,158,1,0.10655225610053921
2239,303.0499999999996,169,1,0.10644570384443867
2240,43.450000000000145,81,0,0.10633925814059424
2241,130.59999999999974,138,0,0.10623291888245365
2242,117.69999999999975,156,0,0.1061266859635712
2243,304.8999999999994,162,1,0.10602055927760762
2244,53.750000000000156,85,0,0.10591453871833001
2245,130.64999999999964,137,0,0.10580862417961168
2246,304.69999999999953,166,1,0.10570281555543207
2247,303.19999999999936,166,1,0.10559711273987664
2248,303.49999999999943,160,1,0.10549151562713677
2249,130.49999999999972,140,0,0.10538602411150963
2250,55.15000000000016,87,0,0.10528063808739813
2251,129.29999999999973,134,0,0.10517535744931072
2252,302.6499999999996,177,1,0.10507018209186142
2253,304.9499999999994,161,1,0.10496511190976955
2254,49.40000000000015,82,0,0.10486014679785978
2255,49.15000000000016,87,0,0.10475528665106192
2256,304.24999999999943,175,1,0.10465053136441085
2257,306.4499999999994,161,1,0.10454588083304645
2258,303.5499999999994,159,1,0.1044413349522134
2259,40.35000000000015,83,0,0.10433689361726119
2260,58.15000000000016,87,0,0.10423255672364393
2261,126.14999999999974,137,0,0.10412832416692028
2262,303.34999999999945,163,1,0.10402419584275335
2263,43.15000000000015,87,0,0.1039201716469106
2264,126.19999999999975,136,0,0.10381625147526369
2265,41.90000000000015,82,0,0.10371243522378842
2266,49.450000000000145,81,0,0.10360872278856463
2267,56.70000000000016,86,0,0.10350511406577606
2268,46.450000000000145,81,0,0.10340160895171029
2269,50.50000000000017,90,0,0.10329820734275857
2270,306.1999999999995,166,1,0.10319490913541582
2271,306.4499999999994,161,1,0.1030917142262804
2272,305.1499999999996,157,1,0.10298862251205412
2273,303.3999999999995,162,1,0.10288563388954207
2274,303.44999999999953,161,1,0.10278274825565252
2275,54.95000000000017,91,0,0.10267996550739687
2276,303.2499999999995,165,1,0.10257728554188948
2277,303.3999999999994,162,1,0.1024747082563476
2278,118.84999999999984,133,0,0.10237223354809125
2279,53.80000000000015,84,0,0.10226986131454316
2280,306.8499999999995,153,1,0.10216759145322861
2281,47.90000000000015,82,0,0.10206542386177538
2282,129.09999999999974,138,0,0.1019633584379136
2283,307.5999999999995,168,1,0.10186139507947568
2284,50.950000000000145,81,0,0.1017595336843962
2285,302.9499999999996,171,1,0.10165777415071181
2286,40.45000000000012,81,0,0.1015561163765611
2287,49.30000000000015,84,0,0.10145456026018454
2288,43.450000000000145,81,0,0.10135310569992435
2289,302.79999999999956,174,1,0.10125175259422443
2290,303.2499999999994,165,1,0.10115050084163021
2291,129.14999999999975,137,0,0.10104935034078859
2292,130.59999999999968,138,0,0.1009483009904478
2293,55.15000000000016,87,0,0.10084735268945735
2294,50.40000000000016,92,0,0.10074650533676789
2295,303.24999999999943,165,1,0.10064575883143112
2296,119.89999999999974,142,0,0.1005451130725997
2297,41.90000000000015,82,0,0.1004445679595271
2298,52.10000000000015,88,0,0.10034412339156756
2299,306.3999999999994,162,1,0.100243779268176
2300,55.40000000000015,82,0,0.10014353548890782
2301,49.450000000000145,81,0,0.10004339195341891
2302,303.34999999999934,163,1,0.09994334856146549
2303,303.39999999999947,162,1,0.09984340521290402
2304,54.95000000000016,91,0,0.09974356180769112
2305,126.09999999999972,138,0,0.09964381824588342
2306,55.30000000000015,84,0,0.09954417442763754
2307,303.3999999999996,162,1,0.0994446302532099
2308,129.1499999999997,137,0,0.09934518562295669
2309,125.99999999999976,140,0,0.09924584043733373
2310,130.74999999999972,135,0,0.0991465945968964
2311,308.0999999999994,158,1,0.0990474480022995
2312,49.100000000000165,88,0,0.09894840055429721
2313,303.4999999999994,160,1,0.09884945215374291
2314,302.69999999999936,176,1,0.09875060270158917
2315,50.60000000000015,88,0,0.09865185209888758
2316,50.50000000000017,90,0,0.0985532002467887
2317,303.3499999999994,163,1,0.0984546470465419
2318,43.40000000000015,82,0,0.09835619239949536
2319,303.3999999999994,162,1,0.09825783620709587
2320,132.04999999999967,139,0,0.09815957837088878
2321,53.70000000000016,86,0,0.09806141879251788
2322,306.1999999999994,166,1,0.09796335737372537
2323,125.89999999999974,142,0,0.09786539401635165
2324,306.49999999999943,160,1,0.0977675286223353
2325,131.84999999999974,143,0,0.09766976109371296
2326,126.19999999999975,136,0,0.09757209133261925
2327,306.39999999999947,162,1,0.09747451924128663
2328,41.80000000000015,84,0,0.09737704472204534
2329,38.85000000000015,83,0,0.0972796676773233
2330,49.00000000000017,90,0,0.09718238800964597
2331,49.30000000000015,84,0,0.09708520562163633
2332,55.30000000000015,84,0,0.09698812041601469
2333,52.35000000000015,83,0,0.09689113229559868
2334,303.1999999999995,166,1,0.09679424116330308
2335,56.80000000000015,84,0,0.09669744692213977
2336,52.100000000000165,88,0,0.09660074947521763
2337,50.80000000000015,84,0,0.09650414872574241
2338,303.1499999999994,167,1,0.09640764457701667
2339,56.65000000000016,87,0,0.09631123693243965
2340,303.2999999999994,164,1,0.09621492569550721
2341,303.34999999999945,163,1,0.09611871076981171
2342,49.30000000000015,84,0,0.0960225920590419
2343,55.40000000000015,82,0,0.09592656946698286
2344,40.45000000000013,81,0,0.09583064289751587
2345,303.19999999999936,166,1,0.09573481225461836
2346,306.4999999999994,160,1,0.09563907744236373
2347,303.24999999999943,165,1,0.09554343836492137
2348,127.69999999999972,136,0,0.09544789492655645
2349,307.74999999999943,165,1,0.09535244703162989
2350,49.35000000000015,83,0,0.09525709458459826
2351,305.0999999999994,158,1,0.09516183749001367
2352,127.44999999999972,141,0,0.09506667565252365
2353,120.79999999999977,154,0,0.09497160897687112
2354,303.4999999999994,160,1,0.09487663736789426
2355,49.05000000000017,89,0,0.09478176073052637
2356,306.4499999999994,161,1,0.09468697896979585
2357,53.600000000000165,88,0,0.09459229199082606
2358,47.80000000000014,84,0,0.09449769969883523
2359,303.0999999999996,168,1,0.09440320199913639
2360,123.64999999999974,157,0,0.09430879879713726
2361,303.24999999999943,165,1,0.09421448999834012
2362,38.95000000000013,81,0,0.09412027550834177
2363,55.250000000000156,85,0,0.09402615523283343
2364,303.39999999999935,162,1,0.0939321290776006
2365,127.59999999999975,138,0,0.093838196948523
2366,53.65000000000016,87,0,0.09374435875157447
2367,303.49999999999943,160,1,0.09365061439282289
2368,46.100000000000165,88,0,0.09355696377843006
2369,130.54999999999973,139,0,0.09346340681465164
2370,303.2499999999996,165,1,0.09336994340783698
2371,130.64999999999975,137,0,0.09327657346442915
2372,303.2499999999994,165,1,0.09318329689096472
2373,43.450000000000145,81,0,0.09309011359407375
2374,52.15000000000016,87,0,0.09299702348047968
2375,303.39999999999947,162,1,0.0929040264569992
2376,306.3499999999994,163,1,0.09281112243054221
2377,46.450000000000145,81,0,0.09271831130811167
2378,308.0499999999994,159,1,0.09262559299680356
2379,50.80000000000015,84,0,0.09253296740380676
2380,50.950000000000145,81,0,0.09244043443640296
2381,52.35000000000015,83,0,0.09234799400196655
2382,303.29999999999933,164,1,0.09225564600796458
2383,303.3999999999994,162,1,0.09216339036195662
2384,303.14999999999935,167,1,0.09207122697159466
2385,130.5499999999996,139,0,0.09197915574462306
2386,303.0999999999994,168,1,0.09188717658887845
2387,303.39999999999935,162,1,0.09179528941228957
2388,58.100000000000165,88,0,0.09170349412287727
2389,129.1499999999997,137,0,0.0916117906287544
2390,303.2999999999994,164,1,0.09152017883812565
2391,49.35000000000015,83,0,0.09142865865928752
2392,122.14999999999979,127,0,0.09133723000062824
2393,306.4499999999994,161,1,0.09124589277062761
2394,127.39999999999974,142,0,0.09115464687785699
2395,302.79999999999933,174,1,0.09106349223097913
2396,123.69999999999978,156,0,0.09097242873874815
2397,120.79999999999977,154,0,0.0908814563100094
2398,129.19999999999976,136,0,0.0907905748536994
2399,55.20000000000016,86,0,0.0906997842788457
2400,303.34999999999945,163,1,0.09060908449456685
2401,123.04999999999974,139,0,0.09051847541007228
2402,43.40000000000015,82,0,0.09042795693466221
2403,307.9499999999995,161,1,0.09033752897772755
2404,55.20000000000016,86,0,0.09024719144874982
2405,303.3999999999994,162,1,0.09015694425730107
2406,303.44999999999936,161,1,0.09006678731304377
2407,49.40000000000015,82,0,0.08997672052573072
2408,130.59999999999974,138,0,0.08988674380520499
2409,303.4499999999994,161,1,0.08979685706139978
2410,123.4499999999998,131,0,0.08970706020433838
2411,49.450000000000145,81,0,0.08961735314413405
2412,49.00000000000017,90,0,0.08952773579098991
2413,304.9499999999994,161,1,0.08943820805519892
2414,303.44999999999936,161,1,0.08934876984714372
2415,303.2999999999994,164,1,0.08925942107729658
2416,47.85000000000015,83,0,0.08917016165621929
2417,53.750000000000156,85,0,0.08908099149456307
2418,303.1499999999994,167,1,0.08899191050306851
2419,303.19999999999936,166,1,0.08890291859256544
2420,303.2999999999994,164,1,0.08881401567397287
2421,304.4999999999995,170,1,0.0887252016582989
2422,303.5499999999994,159,1,0.0886364764566406
2423,130.49999999999977,140,0,0.08854783998018396
2424,307.8999999999994,162,1,0.08845929214020377
2425,303.3499999999994,163,1,0.08837083284806357
2426,303.2999999999994,164,1,0.08828246201521552
2427,129.04999999999967,139,0,0.0881941795532003
2428,53.70000000000016,86,0,0.0881059853736471
2429,127.59999999999972,138,0,0.08801787938827345
2430,306.59999999999945,158,1,0.08792986150888517
2431,53.35000000000018,93,0,0.08784193164737629
2432,303.14999999999935,167,1,0.08775408971572891
2433,124.54999999999968,139,0,0.08766633562601318
2434,304.89999999999947,162,1,0.08757866929038717
2435,118.1999999999998,146,0,0.08749109062109678
2436,302.9499999999994,171,1,0.08740359953047568
2437,127.44999999999975,141,0,0.0873161959309452
2438,303.19999999999936,166,1,0.08722887973501425
2439,122.94999999999972,141,0,0.08714165085527924
2440,304.9499999999994,161,1,0.08705450920442395
2441,303.49999999999955,160,1,0.08696745469521953
2442,306.39999999999947,162,1,0.08688048724052432
2443,306.49999999999943,160,1,0.08679360675328379
2444,303.29999999999944,164,1,0.0867068131465305
2445,303.2999999999994,164,1,0.08662010633338398
2446,124.44999999999972,141,0,0.0865334862270506
2447,122.0499999999998,129,0,0.08644695274082355
2448,303.2999999999994,164,1,0.08636050578808273
2449,303.0999999999994,168,1,0.08627414528229464
2450,123.19999999999972,136,0,0.08618787113701235
2451,303.39999999999947,162,1,0.08610168326587533
2452,303.2499999999994,165,1,0.08601558158260945
2453,123.04999999999974,139,0,0.08592956600102684
2454,302.99999999999955,170,1,0.08584363643502582
2455,306.49999999999943,160,1,0.08575779279859079
2456,304.79999999999956,164,1,0.0856720350057922
2457,123.2499999999997,135,0,0.0855863629707864
2458,126.24999999999973,135,0,0.0855007766078156
2459,50.950000000000145,81,0,0.08541527583120778
2460,49.35000000000015,83,0,0.08532986055537657
2461,306.4499999999994,161,1,0.0852445306948212
2462,50.900000000000134,82,0,0.08515928616412638
2463,126.09999999999972,138,0,0.08507412687796226
2464,130.64999999999975,137,0,0.0849890527510843
2465,120.19999999999972,136,0,0.08490406369833321
2466,47.750000000000156,85,0,0.08481915963463488
2467,304.99999999999943,160,1,0.08473434047500024
2468,130.6999999999997,136,0,0.08464960613452524
2469,49.40000000000015,82,0,0.08456495652839072
2470,303.1499999999994,167,1,0.08448039157186232
2471,304.99999999999943,160,1,0.08439591118029047
2472,303.39999999999947,162,1,0.08431151526911018
2473,306.3999999999994,162,1,0.08422720375384107
2474,305.09999999999957,158,1,0.08414297655008723
2475,304.9499999999994,161,1,0.08405883357353715
2476,55.250000000000156,85,0,0.0839747747399636
2477,304.84999999999945,163,1,0.08389079996522364
2478,303.0999999999996,168,1,0.08380690916525842
2479,303.49999999999943,160,1,0.08372310225609315
2480,306.29999999999944,164,1,0.08363937915383707
2481,129.1499999999997,137,0,0.08355573977468322
2482,303.49999999999943,160,1,0.08347218403490854
2483,306.4499999999994,161,1,0.08338871185087363
2484,130.64999999999975,137,0,0.08330532313902275
2485,303.1999999999995,166,1,0.08322201781588373
2486,303.3499999999994,163,1,0.08313879579806785
2487,49.40000000000015,82,0,0.08305565700226979
2488,304.84999999999945,163,1,0.08297260134526752
2489,303.4999999999994,160,1,0.08288962874392225
2490,303.2499999999994,165,1,0.08280673911517833
2491,119.74999999999973,145,0,0.08272393237606315
2492,304.99999999999943,160,1,0.0826412084436871
2493,303.7499999999995,155,1,0.08255856723524341
2494,129.1499999999998,137,0,0.08247600866800817
2495,303.3499999999994,163,1,0.08239353265934016
2496,55.450000000000145,81,0,0.08231113912668082
2497,126.14999999999974,137,0,0.08222882798755414
2498,52.35000000000015,83,0,0.08214659915956658
2499,129.04999999999973,139,0,0.08206445256040702
2500,304.7999999999994,164,1,0.08198238810784661
2501,303.14999999999947,167,1,0.08190040571973876
2502,306.4499999999996,161,1,0.08181850531401902
2503,304.9499999999994,161,1,0.081736686808705
2504,55.450000000000145,81,0,0.08165495012189629
2505,128.94999999999976,141,0,0.08157329517177439
2506,303.2999999999994,164,1,0.08149172187660261
2507,47.70000000000016,86,0,0.08141023015472601
2508,306.54999999999944,159,1,0.08132881992457128
2509,127.69999999999969,136,0,0.0812474911046467
2510,303.2499999999994,165,1,0.08116624361354205
2511,129.09999999999974,138,0,0.08108507736992851
2512,303.2499999999994,165,1,0.08100399229255859
2513,307.9499999999995,161,1,0.08092298830026602
2514,50.750000000000156,85,0,0.08084206531196575
2515,53.90000000000015,82,0,0.08076122324665379
2516,303.4999999999994,160,1,0.08068046202340713
2517,303.3499999999995,163,1,0.08059978156138373
2518,123.2499999999997,135,0,0.08051918177982234
2519,56.70000000000016,86,0,0.08043866259804251
2520,303.2499999999995,165,1,0.08035822393544446
2521,123.14999999999971,137,0,0.08027786571150902
2522,306.1999999999994,166,1,0.08019758784579752
2523,50.90000000000015,82,0,0.08011739025795171
2524,306.4999999999994,160,1,0.08003727286769376
2525,303.5999999999995,158,1,0.07995723559482606
2526,46.30000000000015,84,0,0.07987727835923124
2527,55.450000000000145,81,0,0.07979740108087201
2528,123.19999999999972,136,0,0.07971760367979114
2529,53.90000000000015,82,0,0.07963788607611134
2530,56.950000000000145,81,0,0.07955824819003524
2531,304.9499999999994,161,1,0.0794786899418452
2532,307.8999999999994,162,1,0.07939921125190336
2533,123.19999999999966,136,0,0.07931981204065146
2534,49.35000000000015,83,0,0.0792404922286108
2535,49.450000000000145,81,0,0.0791612517363822
2536,306.29999999999944,164,1,0.07908209048464582
2537,304.84999999999945,163,1,0.07900300839416118
2538,303.0499999999994,169,1,0.07892400538576702
2539,304.99999999999943,160,1,0.07884508138038125
2540,136.9499999999997,161,0,0.07876623629900087
2541,306.3999999999994,162,1,0.07868747006270187
2542,307.9499999999994,161,1,0.07860878259263916
2543,46.450000000000145,81,0,0.07853017381004652
2544,303.4499999999994,161,1,0.07845164363623648
2545,303.0999999999994,168,1,0.07837319199260025
2546,303.1499999999994,167,1,0.07829481880060765
2547,304.9499999999994,161,1,0.07821652398180705
2548,304.79999999999944,164,1,0.07813830745782524
2549,303.4499999999994,161,1,0.07806016915036741
2550,303.49999999999955,160,1,0.07798210898121705
2551,303.1999999999994,166,1,0.07790412687223583
2552,53.750000000000156,85,0,0.07782622274536359
2553,49.450000000000145,81,0,0.07774839652261822
2554,303.49999999999943,160,1,0.0776706481260956
2555,304.9499999999994,161,1,0.0775929774779695
2556,123.14999999999974,137,0,0.07751538450049153
2557,308.04999999999944,159,1,0.07743786911599104
2558,124.64999999999974,137,0,0.07736043124687506
2559,121.5999999999997,138,0,0.07728307081562819
2560,132.3999999999997,132,0,0.07720578774481256
2561,50.950000000000145,81,0,0.07712858195706775
2562,303.44999999999936,161,1,0.07705145337511068
2563,304.84999999999945,163,1,0.07697440192173557
2564,49.25000000000014,85,0,0.07689742751981384
2565,127.59999999999975,138,0,0.07682053009229402
2566,132.24999999999977,135,0,0.07674370956220172
2567,129.09999999999968,138,0,0.07666696585263952
2568,303.1999999999994,166,1,0.07659029888678688
2569,303.09999999999934,168,1,0.07651370858790009
2570,50.750000000000156,85,0,0.07643719487931219
2571,307.9999999999994,160,1,0.07636075768443289
2572,49.450000000000145,81,0,0.07628439692674846
2573,53.70000000000016,86,0,0.07620811252982171
2574,50.65000000000016,87,0,0.07613190441729188
2575,303.39999999999935,162,1,0.07605577251287458
2576,303.4499999999994,161,1,0.0759797167403617
2577,127.49999999999973,140,0,0.07590373702362134
2578,50.90000000000015,82,0,0.07582783328659772
2579,303.44999999999936,161,1,0.07575200545331112
2580,303.54999999999944,159,1,0.0756762534478578
2581,303.3499999999994,163,1,0.07560057719440995
2582,303.49999999999943,160,1,0.07552497661721554
2583,130.39999999999975,142,0,0.07544945164059833
2584,303.64999999999947,157,1,0.07537400218895772
2585,303.2999999999994,164,1,0.07529862818676876
2586,49.250000000000156,85,0,0.07522332955858199
2587,303.2499999999994,165,1,0.0751481062290234
2588,322.6999999999993,196,1,0.07507295812279438
2589,53.950000000000145,81,0,0.07499788516467158
2590,130.79999999999967,134,0,0.07492288727950691
2591,303.44999999999936,161,1,0.0748479643922274
2592,119.09999999999978,128,0,0.07477311642783518
2593,58.30000000000015,84,0,0.07469834331140734
2594,118.94999999999978,131,0,0.07462364496809594
2595,304.89999999999947,162,1,0.07454902132312784
2596,306.04999999999944,169,1,0.0744744723018047
2597,55.40000000000015,82,0,0.0743999978295029
2598,52.100000000000165,88,0,0.0743255978316734
2599,304.8499999999994,163,1,0.07425127223384173
2600,130.64999999999964,137,0,0.07417702096160789
2601,303.3499999999994,163,1,0.07410284394064628
2602,50.90000000000015,82,0,0.07402874109670564
2603,303.3499999999994,163,1,0.07395471235560894
2604,306.3999999999994,162,1,0.07388075764325333
2605,55.05000000000017,89,0,0.07380687688561008
2606,130.6499999999997,137,0,0.07373307000872446
2607,124.89999999999979,132,0,0.07365933693871574
2608,55.20000000000016,86,0,0.07358567760177702
2609,304.9499999999994,161,1,0.07351209192417524
2610,53.70000000000016,86,0,0.07343857983225106
2611,307.9499999999994,161,1,0.07336514125241882
2612,303.19999999999936,166,1,0.0732917761111664
2613,306.49999999999943,160,1,0.07321848433505523
2614,303.3999999999994,162,1,0.07314526585072018
2615,47.950000000000145,81,0,0.07307212058486945
2616,119.04999999999977,129,0,0.07299904846428458
2617,305.04999999999944,159,1,0.0729260494158203
2618,303.1499999999994,167,1,0.07285312336640448
2619,303.4999999999994,160,1,0.07278027024303808
2620,304.89999999999947,162,1,0.07270748997279504
2621,306.4499999999994,161,1,0.07263478248282225
2622,52.40000000000015,82,0,0.07256214770033943
2623,50.90000000000015,82,0,0.0724895855526391
2624,303.5999999999994,158,1,0.07241709596708645
2625,52.100000000000165,88,0,0.07234467887111937
2626,303.44999999999936,161,1,0.07227233419224825
2627,53.750000000000156,85,0,0.07220006185805601
2628,49.250000000000156,85,0,0.07212786179619796
2629,303.2999999999994,164,1,0.07205573393440176
2630,129.24999999999972,135,0,0.07198367820046736
2631,303.2999999999994,164,1,0.0719116945222669
2632,303.44999999999953,161,1,0.07183978282774463
2633,304.8499999999994,163,1,0.07176794304491688
2634,46.30000000000015,84,0,0.07169617510187196
2635,52.35000000000015,83,0,0.07162447892677008
2636,306.49999999999943,160,1,0.07155285444784332
2637,130.49999999999977,140,0,0.07148130159339547
2638,306.59999999999945,158,1,0.07140982029180207
2639,306.3999999999994,162,1,0.07133841047151027
2640,49.350000000000136,83,0,0.07126707206103876
2641,303.09999999999957,168,1,0.07119580498897772
2642,303.54999999999944,159,1,0.07112460918398875
2643,305.19999999999953,156,1,0.07105348457480476
2644,303.4499999999994,161,1,0.07098243109022996
2645,306.4499999999994,161,1,0.07091144865913973
2646,304.9999999999994,160,1,0.07084053721048059
2647,130.6999999999997,136,0,0.0707696966732701
2648,303.3499999999994,163,1,0.07069892697659683
2649,303.49999999999943,160,1,0.07062822804962023
2650,303.6499999999995,157,1,0.0705575998215706
2651,129.14999999999975,137,0,0.07048704222174904
2652,303.0999999999994,168,1,0.07041655517952729
2653,303.3999999999994,162,1,0.07034613862434776
2654,305.04999999999944,159,1,0.07027579248572341
2655,303.3499999999994,163,1,0.07020551669323769
2656,303.39999999999947,162,1,0.07013531117654445
2657,304.8999999999994,162,1,0.07006517586536791
2658,303.3999999999994,162,1,0.06999511068950254
2659,125.9999999999997,140,0,0.06992511557881304
2660,49.450000000000145,81,0,0.06985519046323423
2661,303.34999999999945,163,1,0.06978533527277099
2662,306.59999999999945,158,1,0.06971554993749822
2663,306.49999999999943,160,1,0.06964583438756072
2664,44.90000000000015,82,0,0.06957618855317316
2665,304.89999999999947,162,1,0.06950661236461998
2666,53.75000000000014,85,0,0.06943710575225537
2667,303.3999999999995,162,1,0.06936766864650311
2668,303.24999999999943,165,1,0.06929830097785661
2669,52.30000000000014,84,0,0.06922900267687875
2670,306.5499999999994,159,1,0.06915977367420187
2671,119.0499999999998,129,0,0.06909061390052766
2672,306.2999999999995,164,1,0.06902152328662714
2673,303.24999999999943,165,1,0.06895250176334052
2674,304.89999999999947,162,1,0.06888354926157718
2675,52.40000000000015,82,0,0.0688146657123156
2676,307.4499999999995,171,1,0.06874585104660329
2677,56.55000000000017,89,0,0.06867710519555668
2678,305.0499999999994,159,1,0.06860842809036113
2679,306.59999999999945,158,1,0.06853981966227077
2680,53.950000000000145,81,0,0.06847127984260849
2681,303.4999999999994,160,1,0.06840280856276588
2682,303.2499999999994,165,1,0.06833440575420312
2683,303.3999999999994,162,1,0.06826607134844892
2684,306.5499999999994,159,1,0.06819780527710047
2685,303.3999999999994,162,1,0.06812960747182337
2686,306.5999999999994,158,1,0.06806147786435154
2687,303.29999999999944,164,1,0.06799341638648719
2688,302.89999999999935,172,1,0.06792542297010071
2689,46.450000000000145,81,0,0.06785749754713061
2690,306.3999999999994,162,1,0.06778964004958347
2691,306.39999999999947,162,1,0.06772185040953389
2692,303.1499999999994,167,1,0.06765412855912437
2693,303.3499999999994,163,1,0.06758647443056524
2694,121.59999999999967,138,0,0.06751888795613468
2695,306.5499999999994,159,1,0.06745136906817856
2696,303.39999999999947,162,1,0.06738391769911038
2697,303.2499999999994,165,1,0.06731653378141127
2698,304.7499999999994,165,1,0.06724921724762986
2699,123.04999999999971,139,0,0.06718196803038223
2700,306.6499999999995,157,1,0.06711478606235186
2701,120.14999999999968,137,0,0.06704767127628951
2702,303.5499999999994,159,1,0.06698062360501322
2703,306.54999999999944,159,1,0.06691364298140821
2704,306.39999999999947,162,1,0.06684672933842681
2705,303.3999999999994,162,1,0.06677988260908838
2706,303.2499999999995,165,1,0.06671310272647929
2707,126.0999999999997,138,0,0.06664638962375281
2708,303.2499999999994,165,1,0.06657974323412906
2709,126.14999999999971,137,0,0.06651316349089494
2710,306.5999999999994,158,1,0.06644665032740404
2711,303.09999999999945,168,1,0.06638020367707664
2712,303.0499999999994,169,1,0.06631382347339956
2713,303.2999999999994,164,1,0.06624750964992616
2714,306.34999999999945,163,1,0.06618126214027624
2715,305.0999999999994,158,1,0.06611508087813596
2716,121.64999999999974,137,0,0.06604896579725783
2717,304.74999999999943,165,1,0.06598291683146057
2718,306.4499999999994,161,1,0.0659169339146291
2719,303.1999999999995,166,1,0.06585101698071448
2720,306.4499999999994,161,1,0.06578516596373377
2721,303.39999999999935,162,1,0.06571938079777004
2722,308.19999999999953,156,1,0.06565366141697226
2723,304.4999999999995,170,1,0.06558800775555529
2724,305.0999999999994,158,1,0.06552241974779974
2725,303.49999999999943,160,1,0.06545689732805193
2726,303.2499999999994,165,1,0.06539144043072388
2727,53.80000000000014,84,0,0.06532604899029316
2728,303.3499999999994,163,1,0.06526072294130288
2729,303.19999999999936,166,1,0.06519546221836157
2730,303.3499999999994,163,1,0.06513026675614321
2731,304.9499999999994,161,1,0.06506513648938707
2732,303.34999999999945,163,1,0.06500007135289768
2733,306.54999999999944,159,1,0.06493507128154478
2734,123.19999999999972,136,0,0.06487013621026325
2735,120.19999999999972,136,0,0.06480526607405299
2736,306.3999999999994,162,1,0.06474046080797893
2737,304.8999999999994,162,1,0.06467572034717095
2738,306.54999999999956,159,1,0.06461104462682378
2739,303.8499999999995,153,1,0.06454643358219696
2740,307.89999999999947,162,1,0.06448188714861476
2741,303.3499999999994,163,1,0.06441740526146615
2742,127.44999999999969,141,0,0.06435298785620469
2743,305.24999999999955,155,1,0.06428863486834849
2744,306.69999999999953,156,1,0.06422434623348014
2745,50.90000000000015,82,0,0.06416012188724667
2746,303.2499999999994,165,1,0.06409596176535942
2747,305.04999999999944,159,1,0.06403186580359406
2748,303.1499999999994,167,1,0.06396783393779047
2749,306.54999999999944,159,1,0.06390386610385268
2750,126.04999999999968,139,0,0.06383996223774882
2751,303.5499999999994,159,1,0.06377612227551108
2752,303.3999999999994,162,1,0.06371234615323557
2753,55.40000000000015,82,0,0.06364863380708233
2754,123.09999999999972,138,0,0.06358498517327525
2755,306.29999999999944,164,1,0.06352140018810197
2756,303.44999999999936,161,1,0.06345787878791387
2757,306.4499999999994,161,1,0.06339442090912595
2758,306.49999999999943,160,1,0.06333102648821683
2759,306.59999999999945,158,1,0.06326769546172861
2760,305.0999999999994,158,1,0.06320442776626688
2761,55.35000000000015,83,0,0.06314122333850061
2762,306.8499999999995,153,1,0.06307808211516211
2763,304.9499999999995,161,1,0.06301500403304695
2764,303.59999999999957,158,1,0.0629519890290139
2765,119.1999999999998,126,0,0.06288903703998489
2766,306.8499999999995,153,1,0.0628261480029449
2767,303.74999999999955,155,1,0.06276332185494196
2768,306.54999999999944,159,1,0.06270055853308702
2769,303.1999999999994,166,1,0.06263785797455393
2770,304.99999999999943,160,1,0.06257522011657937
2771,304.9999999999994,160,1,0.0625126448964628
2772,306.5999999999994,158,1,0.062450132251566336
2773,306.54999999999944,159,1,0.062387682119314766
2774,305.0999999999994,158,1,0.06232529443719545
2775,49.450000000000145,81,0,0.06226296914275825
2776,306.74999999999955,155,1,0.06220070617361549
2777,306.5999999999995,158,1,0.062138505467441874
2778,303.44999999999936,161,1,0.06207636696197443
2779,303.3499999999994,163,1,0.062014290595012456
2780,305.34999999999957,153,1,0.06195227630441744
2781,52.20000000000016,86,0,0.06189032402811302
2782,124.79999999999974,134,0,0.06182843370408491
2783,303.7999999999995,154,1,0.061766605270380824
2784,303.49999999999943,160,1,0.061704838665110444
2785,303.34999999999934,163,1,0.06164313382644533
2786,306.49999999999943,160,1,0.06158149069261889
2787,303.4499999999994,161,1,0.06151990920192627
2788,123.19999999999975,136,0,0.06145838929272435
2789,119.24999999999982,125,0,0.061396930903431624
2790,123.04999999999974,139,0,0.061335533972528195
2791,118.69999999999972,136,0,0.061274198438555666
2792,303.5999999999994,158,1,0.06121292424011711
2793,303.2499999999994,165,1,0.06115171131587699
2794,304.8999999999995,162,1,0.06109055960456111
2795,306.49999999999955,160,1,0.06102946904495655
2796,306.5999999999994,158,1,0.06096843957591159
2797,306.79999999999956,154,1,0.06090747113633568
2798,306.39999999999947,162,1,0.06084656366519934
2799,306.3499999999994,163,1,0.06078571710153414
2800,304.9999999999994,160,1,0.06072493138443261
2801,306.5999999999994,158,1,0.060664206453048174
2802,303.29999999999944,164,1,0.06060354224659512
2803,303.5499999999995,159,1,0.06054293870434853
2804,305.0499999999994,159,1,0.06048239576564418
2805,121.59999999999975,138,0,0.06042191336987854
2806,121.79999999999974,134,0,0.06036149145650866
2807,304.99999999999943,160,1,0.06030112996505215
2808,53.950000000000145,81,0,0.0602408288350871
2809,303.34999999999945,163,1,0.06018058800625201
2810,307.8999999999994,162,1,0.06012040741824576
2811,303.5499999999994,159,1,0.06006028701082751
2812,306.44999999999936,161,1,0.060000226723816684
2813,303.3999999999994,162,1,0.059940226497092866
2814,306.29999999999944,164,1,0.05988028627059577
2815,303.5999999999994,158,1,0.05982040598432518
2816,303.39999999999935,162,1,0.05976058557834085
2817,307.9999999999994,160,1,0.05970082499276251
2818,303.3999999999994,162,1,0.059641124167769746
2819,304.99999999999943,160,1,0.059581483043601974
2820,304.9499999999994,161,1,0.05952190156055837
2821,303.2999999999994,164,1,0.05946237965899782
2822,306.49999999999943,160,1,0.05940291727933882
2823,305.09999999999945,158,1,0.05934351436205949
2824,306.59999999999957,158,1,0.05928417084769743
2825,308.04999999999944,159,1,0.05922488667684973
2826,303.4999999999994,160,1,0.05916566179017289
2827,126.19999999999972,136,0,0.059106496128382716
2828,306.49999999999943,160,1,0.05904738963225433
2829,304.84999999999945,163,1,0.058988342242622074
2830,303.2999999999994,164,1,0.058929353900379455
2831,303.39999999999935,162,1,0.058870424546479075
2832,303.69999999999953,156,1,0.0588115541219326
2833,306.5499999999994,159,1,0.05875274256781066
2834,307.74999999999943,165,1,0.058693989825242855
2835,303.49999999999943,160,1,0.058635295835417614
2836,303.1999999999994,166,1,0.058576660539582194
2837,306.6999999999994,156,1,0.058518083879042615
2838,304.9499999999994,161,1,0.05845956579516357
2839,306.49999999999943,160,1,0.05840110622936841
2840,306.4499999999994,161,1,0.05834270512313904
2841,121.74999999999973,135,0,0.058284362418015906
2842,306.4499999999994,161,1,0.05822607805559789
2843,303.49999999999943,160,1,0.05816785197754229
2844,303.5499999999994,159,1,0.05810968412556475
2845,306.4499999999994,161,1,0.058051574441439185
2846,303.59999999999945,158,1,0.05799352286699774
2847,306.3999999999994,162,1,0.057935529344130744
2848,305.0999999999994,158,1,0.05787759381478661
2849,306.8999999999995,152,1,0.057819716220971824
2850,304.9499999999994,161,1,0.05776189650475085
2851,121.54999999999974,139,0,0.0577041346082461
2852,304.9499999999994,161,1,0.05764643047363786
2853,305.0499999999994,159,1,0.05758878404316422
2854,303.54999999999944,159,1,0.05753119525912106
2855,303.4499999999994,161,1,0.05747366406386194
2856,306.49999999999943,160,1,0.057416190399798075
2857,306.54999999999944,159,1,0.05735877420939828
2858,120.19999999999972,136,0,0.05730141543518888
2859,306.49999999999943,160,1,0.05724411401975369
2860,303.7999999999995,154,1,0.057186869905733934
2861,306.64999999999947,157,1,0.0571296830358282
2862,306.3499999999994,163,1,0.05707255335279238
2863,120.2499999999997,135,0,0.057015480799439584
2864,303.34999999999945,163,1,0.05695846531864014
2865,305.0999999999994,158,1,0.0569015068533215
2866,121.69999999999972,136,0,0.05684460534646818
2867,304.99999999999943,160,1,0.05678776074112171
2868,306.54999999999944,159,1,0.056730972980380594
2869,303.3999999999994,162,1,0.05667424200740021
2870,306.4499999999994,161,1,0.05661756776539281
2871,126.04999999999968,139,0,0.05656095019762742
2872,306.5999999999994,158,1,0.056504389247429794
2873,306.3999999999994,162,1,0.05644788485818236
2874,306.4499999999994,161,1,0.05639143697332418
2875,306.49999999999943,160,1,0.05633504553635086
2876,306.4999999999994,160,1,0.05627871049081451
2877,306.5499999999994,159,1,0.0562224317803237
2878,122.09999999999978,128,0,0.056166209348543376
2879,303.4499999999994,161,1,0.056110043139194835
2880,306.5499999999994,159,1,0.05605393309605564
2881,306.59999999999945,158,1,0.055997879162959584
2882,303.9499999999996,151,1,0.055941881283796624
2883,305.09999999999945,158,1,0.055885939402512824
2884,303.59999999999945,158,1,0.05583005346311031
2885,303.1499999999994,167,1,0.0557742234096472
2886,303.5999999999994,158,1,0.055718449186237556
2887,308.0999999999994,158,1,0.055662730737051316
2888,303.79999999999956,154,1,0.055607068006314264
2889,119.19999999999983,126,0,0.05555146093830795
2890,303.2999999999994,164,1,0.05549590947736964
2891,303.5499999999994,159,1,0.05544041356789227
2892,119.04999999999983,129,0,0.05538497315432438
2893,305.0999999999994,158,1,0.05532958818117005
2894,303.44999999999936,161,1,0.05527425859298888
2895,306.4499999999995,161,1,0.05521898433439589
2896,305.0499999999994,159,1,0.0551637653500615
2897,303.7999999999995,154,1,0.05510860158471143
2898,303.49999999999943,160,1,0.05505349298312672
2899,56.80000000000015,84,0,0.054998439490143596
2900,306.54999999999944,159,1,0.05494344105065345
2901,306.49999999999943,160,1,0.05488849760960279
2902,306.4499999999994,161,1,0.05483360911199319
2903,303.5499999999994,159,1,0.0547787755028812
2904,303.2999999999996,164,1,0.054723996727378314
2905,305.3499999999995,153,1,0.054669272730650934
2906,304.99999999999943,160,1,0.05461460345792028
2907,304.99999999999943,160,1,0.054559988854462366
2908,306.49999999999943,160,1,0.054505428865607906
2909,306.34999999999945,163,1,0.0544509234367423
2910,303.5499999999994,159,1,0.05439647251330556
2911,306.3999999999994,162,1,0.054342076040792255
2912,306.69999999999953,156,1,0.054287733964751464
2913,306.79999999999956,154,1,0.054233446230786714
2914,305.0499999999994,159,1,0.054179212784555925
2915,121.74999999999973,135,0,0.05412503357177137
2916,303.4499999999994,161,1,0.0540709085381996
2917,124.74999999999976,135,0,0.0540168376296614
2918,303.3999999999994,162,1,0.053962820792031733
2919,305.19999999999953,156,1,0.053908857971239704
2920,119.24999999999979,125,0,0.05385494911326846
2921,306.4999999999994,160,1,0.0538010941641552
2922,306.59999999999957,158,1,0.05374729306999104
2923,305.0499999999994,159,1,0.05369354577692105
2924,303.54999999999944,159,1,0.053639852231144126
2925,303.3999999999994,162,1,0.053586212378912985
2926,304.99999999999943,160,1,0.05353262616653407
2927,303.59999999999945,158,1,0.053479093540367534
2928,303.3999999999994,162,1,0.05342561444682717
2929,303.54999999999944,159,1,0.05337218883238034
2930,306.99999999999955,150,1,0.053318816643547956
2931,304.99999999999943,160,1,0.05326549782690441
2932,306.4499999999995,161,1,0.053212232329077506
2933,303.19999999999936,166,1,0.05315902009674843
2934,303.64999999999947,157,1,0.05310586107665168
2935,52.30000000000014,84,0,0.05305275521557503
2936,304.7499999999994,165,1,0.052999702460359455
2937,303.24999999999955,165,1,0.052946702757899096
2938,306.4999999999994,160,1,0.0528937560551412
2939,52.30000000000015,84,0,0.05284086229908606
2940,118.69999999999975,136,0,0.05278802143678697
2941,305.09999999999945,158,1,0.052735233415350184
2942,123.14999999999974,137,0,0.052682498181934836
2943,306.5499999999994,159,1,0.052629815683752905
2944,303.19999999999936,166,1,0.05257718586806915
2945,305.0499999999994,159,1,0.05252460868220108
2946,303.74999999999955,155,1,0.05247208407351888
2947,306.7499999999995,155,1,0.052419611989445364
2948,306.5499999999994,159,1,0.05236719237745592
2949,306.59999999999945,158,1,0.05231482518507846
2950,306.4499999999994,161,1,0.052262510359893384
2951,307.99999999999943,160,1,0.05221024784953349
2952,306.3499999999994,163,1,0.05215803760168396
2953,121.44999999999975,141,0,0.052105879564082275
2954,306.2999999999994,164,1,0.05205377368451819
2955,303.4499999999994,161,1,0.052001719910833674
2956,306.4499999999994,161,1,0.05194971819092284
2957,306.5499999999994,159,1,0.05189776847273191
2958,303.1999999999994,166,1,0.05184587070425918
2959,305.0999999999994,158,1,0.05179402483355492
2960,306.4499999999994,161,1,0.05174223080872137
2961,306.5999999999994,158,1,0.05169048857791265
2962,303.4499999999994,161,1,0.051638798089334734
2963,303.3499999999994,163,1,0.051587159291245396
2964,304.89999999999947,162,1,0.05153557213195415
2965,306.5499999999994,159,1,0.0514840365598222
2966,306.84999999999957,153,1,0.05143255252326238
2967,303.6499999999994,157,1,0.05138111997073912
2968,118.99999999999982,130,0,0.05132973885076838
2969,306.5999999999994,158,1,0.05127840911191761
2970,303.29999999999944,164,1,0.05122713070280569
2971,305.29999999999956,154,1,0.05117590357210289
2972,303.3999999999995,162,1,0.05112472766853079
2973,120.19999999999975,136,0,0.05107360294086226
2974,306.5999999999994,158,1,0.051022529337921396
2975,303.34999999999934,163,1,0.05097150680858348
2976,304.64999999999947,167,1,0.05092053530177489
2977,303.44999999999936,161,1,0.050869614766473115
2978,306.5499999999994,159,1,0.05081874515170664
2979,306.59999999999945,158,1,0.050767926406554933
2980,306.49999999999943,160,1,0.05071715848014838
2981,306.3999999999994,162,1,0.050666441321668226
2982,305.04999999999956,159,1,0.050615774880346555
2983,306.4499999999994,161,1,0.05056515910546621
2984,303.5499999999995,159,1,0.05051459394636074
2985,304.8999999999994,162,1,0.050464079352414384
2986,304.9499999999994,161,1,0.05041361527306197
2987,303.3999999999994,162,1,0.05036320165778891
2988,305.0499999999994,159,1,0.05031283845613112
2989,306.5499999999994,159,1,0.05026252561767499
2990,305.0499999999994,159,1,0.05021226309205731
2991,306.49999999999943,160,1,0.05016205082896526
2992,303.39999999999935,162,1,0.05011188877813629
2993,303.44999999999936,161,1,0.05006177688935816
2994,304.99999999999943,160,1,0.0500117151124688
2995,304.9999999999994,160,1,0.04996170339735633
2996,303.4999999999994,160,1,0.04996170339735633
2997,308.0999999999994,158,1,0.04996170339735633
2998,305.0999999999994,158,1,0.04996170339735633
2999,306.49999999999943,160,1,0.04996170339735633
3000,303.5499999999994,159,1,0.04996170339735633
3001,306.4499999999994,161,1,0.04996170339735633
3002,306.1999999999994,166,1,0.04996170339735633
3003,307.94999999999936,161,1,0.04996170339735633
3004,303.3999999999994,162,1,0.04996170339735633
3005,305.0999999999994,158,1,0.04996170339735633
3006,303.3999999999994,162,1,0.04996170339735633
3007,307.9499999999994,161,1,0.04996170339735633
3008,306.4499999999994,161,1,0.04996170339735633
3009,303.4999999999996,160,1,0.04996170339735633
3010,306.54999999999944,159,1,0.04996170339735633
3011,304.9499999999995,161,1,0.04996170339735633
3012,308.0999999999994,158,1,0.04996170339735633
3013,118.74999999999976,135,0,0.04996170339735633
3014,303.5499999999994,159,1,0.04996170339735633
3015,303.3999999999994,162,1,0.04996170339735633
3016,306.54999999999956,159,1,0.04996170339735633
3017,306.3499999999994,163,1,0.04996170339735633
3018,304.8999999999994,162,1,0.04996170339735633
3019,308.14999999999947,157,1,0.04996170339735633
3020,303.2999999999994,164,1,0.04996170339735633
3021,306.4499999999994,161,1,0.04996170339735633
3022,305.0499999999994,159,1,0.04996170339735633
3023,308.1499999999994,157,1,0.04996170339735633
3024,305.04999999999944,159,1,0.04996170339735633
3025,121.7499999999997,135,0,0.04996170339735633
3026,120.2499999999997,135,0,0.04996170339735633
3027,306.5499999999994,159,1,0.04996170339735633
3028,308.1999999999994,156,1,0.04996170339735633
3029,305.3999999999995,152,1,0.04996170339735633
3030,305.0499999999994,159,1,0.04996170339735633
3031,306.54999999999944,159,1,0.04996170339735633
3032,303.4499999999994,161,1,0.04996170339735633
3033,128.99999999999966,140,0,0.04996170339735633
3034,306.4499999999994,161,1,0.04996170339735633
3035,306.4499999999994,161,1,0.04996170339735633
3036,303.59999999999945,158,1,0.04996170339735633
3037,305.0999999999994,158,1,0.04996170339735633
3038,306.5999999999994,158,1,0.04996170339735633
3039,303.6999999999995,156,1,0.04996170339735633
3040,306.54999999999944,159,1,0.04996170339735633
3041,305.0999999999994,158,1,0.04996170339735633
3042,303.29999999999944,164,1,0.04996170339735633
3043,303.7499999999995,155,1,0.04996170339735633
3044,303.3999999999994,162,1,0.04996170339735633
3045,303.39999999999935,162,1,0.04996170339735633
3046,127.89999999999971,132,0,0.04996170339735633
3047,303.2999999999994,164,1,0.04996170339735633
3048,303.4999999999994,160,1,0.04996170339735633
3049,306.4499999999994,161,1,0.04996170339735633
3050,303.69999999999953,156,1,0.04996170339735633
3051,303.44999999999936,161,1,0.04996170339735633
3052,303.3999999999994,162,1,0.04996170339735633
3053,306.8999999999995,152,1,0.04996170339735633
3054,304.99999999999943,160,1,0.04996170339735633
3055,306.59999999999945,158,1,0.04996170339735633
3056,306.49999999999943,160,1,0.04996170339735633
3057,303.4999999999994,160,1,0.04996170339735633
3058,304.99999999999943,160,1,0.04996170339735633
3059,306.4499999999994,161,1,0.04996170339735633
3060,306.4499999999994,161,1,0.04996170339735633
3061,306.49999999999943,160,1,0.04996170339735633
3062,303.49999999999943,160,1,0.04996170339735633
3063,306.49999999999943,160,1,0.04996170339735633
3064,303.5999999999994,158,1,0.04996170339735633
3065,307.59999999999945,168,1,0.04996170339735633
3066,306.5499999999994,159,1,0.04996170339735633
3067,306.4499999999994,161,1,0.04996170339735633
3068,304.9999999999994,160,1,0.04996170339735633
3069,303.29999999999944,164,1,0.04996170339735633
3070,303.4999999999994,160,1,0.04996170339735633
3071,121.74999999999976,135,0,0.04996170339735633
3072,306.5499999999994,159,1,0.04996170339735633
3073,303.29999999999944,164,1,0.04996170339735633
3074,119.19999999999978,126,0,0.04996170339735633
3075,306.94999999999953,151,1,0.04996170339735633
3076,306.49999999999943,160,1,0.04996170339735633
3077,303.44999999999936,161,1,0.04996170339735633
3078,306.5999999999994,158,1,0.04996170339735633
3079,303.39999999999935,162,1,0.04996170339735633
3080,306.4499999999995,161,1,0.04996170339735633
3081,303.3499999999994,163,1,0.04996170339735633
3082,306.4499999999995,161,1,0.04996170339735633
3083,304.99999999999943,160,1,0.04996170339735633
3084,306.54999999999944,159,1,0.04996170339735633
3085,307.9499999999995,161,1,0.04996170339735633
3086,129.1999999999997,136,0,0.04996170339735633
3087,306.49999999999943,160,1,0.04996170339735633
3088,304.9499999999994,161,1,0.04996170339735633
3089,306.59999999999957,158,1,0.04996170339735633
3090,306.5999999999994,158,1,0.04996170339735633
3091,303.4499999999994,161,1,0.04996170339735633
3092,306.4499999999995,161,1,0.04996170339735633
3093,307.9499999999995,161,1,0.04996170339735633
3094,306.29999999999944,164,1,0.04996170339735633
3095,306.3999999999994,162,1,0.04996170339735633
3096,304.99999999999943,160,1,0.04996170339735633
3097,303.2999999999994,164,1,0.04996170339735633
3098,306.34999999999945,163,1,0.04996170339735633
3099,306.69999999999953,156,1,0.04996170339735633
3100,306.54999999999944,159,1,0.04996170339735633
3101,303.3999999999994,162,1,0.04996170339735633
3102,304.9499999999994,161,1,0.04996170339735633
3103,304.9999999999994,160,1,0.04996170339735633
3104,304.9499999999995,161,1,0.04996170339735633
3105,306.4999999999994,160,1,0.04996170339735633
3106,304.99999999999943,160,1,0.04996170339735633
3107,306.49999999999943,160,1,0.04996170339735633
3108,303.7499999999995,155,1,0.04996170339735633
3109,306.5999999999994,158,1,0.04996170339735633
3110,306.34999999999945,163,1,0.04996170339735633
3111,303.39999999999935,162,1,0.04996170339735633
3112,129.1999999999997,136,0,0.04996170339735633
3113,306.59999999999945,158,1,0.04996170339735633
3114,306.59999999999945,158,1,0.04996170339735633
3115,306.5999999999994,158,1,0.04996170339735633
3116,306.6999999999995,156,1,0.04996170339735633
3117,305.09999999999945,158,1,0.04996170339735633
3118,128.99999999999977,140,0,0.04996170339735633
3119,303.4999999999994,160,1,0.04996170339735633
3120,303.2999999999994,164,1,0.04996170339735633
3121,305.09999999999945,158,1,0.04996170339735633
3122,306.4999999999994,160,1,0.04996170339735633
3123,303.29999999999933,164,1,0.04996170339735633
3124,306.5499999999994,159,1,0.04996170339735633
3125,305.0999999999994,158,1,0.04996170339735633
3126,306.5999999999994,158,1,0.04996170339735633
3127,303.5499999999994,159,1,0.04996170339735633
3128,119.24999999999979,125,0,0.04996170339735633
3129,303.5499999999994,159,1,0.04996170339735633
3130,306.69999999999953,156,1,0.04996170339735633
3131,303.2999999999994,164,1,0.04996170339735633
3132,303.44999999999936,161,1,0.04996170339735633
3133,118.7499999999997,135,0,0.04996170339735633
3134,303.44999999999936,161,1,0.04996170339735633
3135,304.8999999999994,162,1,0.04996170339735633
3136,119.1999999999998,126,0,0.04996170339735633
3137,308.09999999999945,158,1,0.04996170339735633
3138,303.4499999999994,161,1,0.04996170339735633
3139,123.19999999999966,136,0,0.04996170339735633
3140,303.49999999999943,160,1,0.04996170339735633
3141,306.5999999999994,158,1,0.04996170339735633
3142,306.4499999999994,161,1,0.04996170339735633
3143,303.49999999999943,160,1,0.04996170339735633
3144,120.14999999999974,137,0,0.04996170339735633
3145,303.5499999999994,159,1,0.04996170339735633
3146,308.0999999999994,158,1,0.04996170339735633
3147,306.59999999999945,158,1,0.04996170339735633
3148,303.39999999999947,162,1,0.04996170339735633
3149,56.90000000000015,82,0,0.04996170339735633
3150,305.0499999999994,159,1,0.04996170339735633
3151,306.3499999999994,163,1,0.04996170339735633
3152,120.19999999999972,136,0,0.04996170339735633
3153,303.8499999999995,153,1,0.04996170339735633
3154,308.14999999999947,157,1,0.04996170339735633
3155,306.4499999999994,161,1,0.04996170339735633
3156,49.40000000000015,82,0,0.04996170339735633
3157,303.44999999999936,161,1,0.04996170339735633
3158,304.99999999999943,160,1,0.04996170339735633
3159,306.5999999999994,158,1,0.04996170339735633
3160,308.0499999999994,159,1,0.04996170339735633
3161,305.0499999999994,159,1,0.04996170339735633
3162,306.34999999999945,163,1,0.04996170339735633
3163,306.5499999999994,159,1,0.04996170339735633
3164,123.09999999999967,138,0,0.04996170339735633
3165,306.74999999999955,155,1,0.04996170339735633
3166,307.9499999999994,161,1,0.04996170339735633
3167,303.4499999999995,161,1,0.04996170339735633
3168,303.1999999999994,166,1,0.04996170339735633
3169,303.2499999999994,165,1,0.04996170339735633
3170,304.9499999999994,161,1,0.04996170339735633
3171,306.4499999999994,161,1,0.04996170339735633
3172,119.04999999999986,129,0,0.04996170339735633
3173,306.49999999999943,160,1,0.04996170339735633
3174,303.5499999999995,159,1,0.04996170339735633
3175,303.3499999999994,163,1,0.04996170339735633
3176,124.54999999999971,139,0,0.04996170339735633
3177,306.59999999999945,158,1,0.04996170339735633
3178,119.19999999999978,126,0,0.04996170339735633
3179,303.3499999999994,163,1,0.04996170339735633
3180,304.9999999999994,160,1,0.04996170339735633
3181,303.5999999999994,158,1,0.04996170339735633
3182,303.3999999999994,162,1,0.04996170339735633
3183,303.29999999999944,164,1,0.04996170339735633
3184,303.4499999999994,161,1,0.04996170339735633
3185,305.04999999999944,159,1,0.04996170339735633
3186,306.4499999999994,161,1,0.04996170339735633
3187,306.49999999999943,160,1,0.04996170339735633
3188,304.9499999999994,161,1,0.04996170339735633
3189,306.59999999999945,158,1,0.04996170339735633
3190,305.0499999999994,159,1,0.04996170339735633
3191,303.5999999999995,158,1,0.04996170339735633
3192,304.84999999999945,163,1,0.04996170339735633
3193,303.44999999999936,161,1,0.04996170339735633
3194,304.79999999999944,164,1,0.04996170339735633
3195,306.5999999999994,158,1,0.04996170339735633
3196,306.49999999999943,160,1,0.04996170339735633
3197,306.4499999999994,161,1,0.04996170339735633
3198,308.0999999999994,158,1,0.04996170339735633
3199,306.69999999999953,156,1,0.04996170339735633
3200,306.59999999999945,158,1,0.04996170339735633
3201,303.39999999999935,162,1,0.04996170339735633
3202,303.2499999999994,165,1,0.04996170339735633
3203,303.49999999999943,160,1,0.04996170339735633
3204,55.40000000000015,82,0,0.04996170339735633
3205,58.30000000000015,84,0,0.04996170339735633
3206,306.49999999999943,160,1,0.04996170339735633
3207,303.4499999999994,161,1,0.04996170339735633
3208,303.34999999999945,163,1,0.04996170339735633
3209,303.39999999999947,162,1,0.04996170339735633
3210,304.79999999999944,164,1,0.04996170339735633
3211,303.4999999999994,160,1,0.04996170339735633
3212,123.64999999999979,127,0,0.04996170339735633
3213,306.8999999999995,152,1,0.04996170339735633
3214,306.64999999999947,157,1,0.04996170339735633
3215,306.49999999999943,160,1,0.04996170339735633
3216,305.0999999999994,158,1,0.04996170339735633
3217,306.59999999999945,158,1,0.04996170339735633
3218,306.4999999999994,160,1,0.04996170339735633
3219,305.0999999999994,158,1,0.04996170339735633
3220,304.9499999999994,161,1,0.04996170339735633
3221,306.5499999999994,159,1,0.04996170339735633
3222,306.69999999999953,156,1,0.04996170339735633
3223,306.34999999999945,163,1,0.04996170339735633
3224,307.99999999999943,160,1,0.04996170339735633
3225,303.79999999999956,154,1,0.04996170339735633
3226,121.74999999999967,135,0,0.04996170339735633
3227,304.8999999999994,162,1,0.04996170339735633
3228,305.04999999999944,159,1,0.04996170339735633
3229,303.3499999999994,163,1,0.04996170339735633
3230,306.4999999999995,160,1,0.04996170339735633
3231,305.0999999999994,158,1,0.04996170339735633
3232,118.9499999999998,131,0,0.04996170339735633
3233,120.19999999999969,136,0,0.04996170339735633
3234,303.54999999999944,159,1,0.04996170339735633
3235,122.2999999999998,124,0,0.04996170339735633
3236,305.0999999999994,158,1,0.04996170339735633
3237,303.2999999999994,164,1,0.04996170339735633
3238,306.5999999999994,158,1,0.04996170339735633
3239,306.54999999999944,159,1,0.04996170339735633
3240,119.19999999999986,126,0,0.04996170339735633
3241,306.54999999999944,159,1,0.04996170339735633
3242,303.34999999999934,163,1,0.04996170339735633
3243,303.4999999999994,160,1,0.04996170339735633
3244,306.5999999999994,158,1,0.04996170339735633
3245,304.89999999999947,162,1,0.04996170339735633
3246,121.74999999999973,135,0,0.04996170339735633
3247,308.0499999999994,159,1,0.04996170339735633
3248,119.24999999999979,125,0,0.04996170339735633
3249,306.79999999999956,154,1,0.04996170339735633
3250,303.3499999999994,163,1,0.04996170339735633
3251,119.2999999999998,124,0,0.04996170339735633
3252,303.5499999999994,159,1,0.04996170339735633
3253,304.74999999999943,165,1,0.04996170339735633
3254,303.19999999999936,166,1,0.04996170339735633
3255,303.19999999999936,166,1,0.04996170339735633
3256,306.3999999999994,162,1,0.04996170339735633
3257,303.4499999999994,161,1,0.04996170339735633
3258,123.0999999999997,138,0,0.04996170339735633
3259,304.9499999999995,161,1,0.04996170339735633
3260,306.4999999999994,160,1,0.04996170339735633
3261,305.3999999999995,152,1,0.04996170339735633
3262,303.39999999999935,162,1,0.04996170339735633
3263,305.24999999999955,155,1,0.04996170339735633
3264,303.5999999999995,158,1,0.04996170339735633
3265,306.3999999999994,162,1,0.04996170339735633
3266,306.3999999999994,162,1,0.04996170339735633
3267,305.09999999999945,158,1,0.04996170339735633
3268,306.49999999999943,160,1,0.04996170339735633
3269,119.14999999999979,127,0,0.04996170339735633
3270,308.0999999999994,158,1,0.04996170339735633
3271,304.9499999999994,161,1,0.04996170339735633
3272,120.74999999999979,125,0,0.04996170339735633
3273,303.2999999999994,164,1,0.04996170339735633
3274,306.5499999999994,159,1,0.04996170339735633
3275,306.29999999999944,164,1,0.04996170339735633
3276,308.29999999999956,154,1,0.04996170339735633
3277,306.54999999999944,159,1,0.04996170339735633
3278,304.9999999999994,160,1,0.04996170339735633
3279,306.3999999999994,162,1,0.04996170339735633
3280,303.44999999999936,161,1,0.04996170339735633
3281,306.59999999999945,158,1,0.04996170339735633
3282,306.54999999999944,159,1,0.04996170339735633
3283,303.49999999999943,160,1,0.04996170339735633
3284,303.49999999999943,160,1,0.04996170339735633
3285,306.5499999999994,159,1,0.04996170339735633
3286,303.4499999999994,161,1,0.04996170339735633
3287,303.44999999999936,161,1,0.04996170339735633
3288,306.5999999999994,158,1,0.04996170339735633
3289,303.3499999999994,163,1,0.04996170339735633
3290,303.14999999999935,167,1,0.04996170339735633
3291,306.5999999999994,158,1,0.04996170339735633
3292,303.54999999999944,159,1,0.04996170339735633
3293,306.79999999999956,154,1,0.04996170339735633
3294,303.4499999999994,161,1,0.04996170339735633
3295,303.3499999999994,163,1,0.04996170339735633
3296,303.44999999999936,161,1,0.04996170339735633
3297,132.1999999999997,136,0,0.04996170339735633
3298,303.4499999999994,161,1,0.04996170339735633
3299,305.0499999999994,159,1,0.04996170339735633
3300,303.3499999999994,163,1,0.04996170339735633
3301,303.5999999999994,158,1,0.04996170339735633
3302,303.4499999999994,161,1,0.04996170339735633
3303,306.4999999999994,160,1,0.04996170339735633
3304,307.89999999999947,162,1,0.04996170339735633
3305,303.5999999999994,158,1,0.04996170339735633
3306,303.44999999999936,161,1,0.04996170339735633
3307,305.0999999999994,158,1,0.04996170339735633
3308,120.5499999999998,129,0,0.04996170339735633
3309,306.4499999999994,161,1,0.04996170339735633
3310,306.5499999999994,159,1,0.04996170339735633
3311,306.5999999999994,158,1,0.04996170339735633
3312,305.04999999999944,159,1,0.04996170339735633
3313,306.5999999999994,158,1,0.04996170339735633
3314,306.4999999999994,160,1,0.04996170339735633
3315,303.14999999999935,167,1,0.04996170339735633
3316,303.8499999999995,153,1,0.04996170339735633
3317,303.54999999999944,159,1,0.04996170339735633
3318,303.1999999999994,166,1,0.04996170339735633
3319,303.54999999999944,159,1,0.04996170339735633
3320,308.09999999999945,158,1,0.04996170339735633
3321,120.59999999999978,128,0,0.04996170339735633
3322,306.29999999999956,164,1,0.04996170339735633
3323,129.09999999999974,138,0,0.04996170339735633
3324,303.4499999999994,161,1,0.04996170339735633
3325,132.19999999999976,136,0,0.04996170339735633
3326,303.5999999999994,158,1,0.04996170339735633
3327,306.4499999999994,161,1,0.04996170339735633
3328,306.3499999999994,163,1,0.04996170339735633
3329,307.84999999999945,163,1,0.04996170339735633
3330,306.29999999999944,164,1,0.04996170339735633
3331,303.44999999999936,161,1,0.04996170339735633
3332,303.4999999999994,160,1,0.04996170339735633
3333,305.0999999999994,158,1,0.04996170339735633
3334,306.4999999999994,160,1,0.04996170339735633
3335,304.9499999999994,161,1,0.04996170339735633
3336,127.69999999999969,136,0,0.04996170339735633
3337,306.5999999999994,158,1,0.04996170339735633
3338,119.14999999999979,127,0,0.04996170339735633
3339,303.5499999999994,159,1,0.04996170339735633
3340,307.9999999999994,160,1,0.04996170339735633
3341,306.4499999999994,161,1,0.04996170339735633
3342,127.54999999999974,139,0,0.04996170339735633
3343,120.09999999999972,138,0,0.04996170339735633
3344,306.49999999999943,160,1,0.04996170339735633
3345,303.4499999999994,161,1,0.04996170339735633
3346,303.44999999999936,161,1,0.04996170339735633
3347,306.5499999999994,159,1,0.04996170339735633
3348,123.14999999999971,137,0,0.04996170339735633
3349,303.8499999999995,153,1,0.04996170339735633
3350,303.7499999999995,155,1,0.04996170339735633
3351,306.5999999999994,158,1,0.04996170339735633
3352,306.5499999999994,159,1,0.04996170339735633
3353,306.49999999999943,160,1,0.04996170339735633
3354,306.49999999999943,160,1,0.04996170339735633
3355,305.09999999999945,158,1,0.04996170339735633
3356,305.0999999999994,158,1,0.04996170339735633
3357,118.79999999999968,134,0,0.04996170339735633
3358,118.39999999999971,142,0,0.04996170339735633
3359,303.49999999999943,160,1,0.04996170339735633
3360,307.99999999999943,160,1,0.04996170339735633
3361,306.4499999999994,161,1,0.04996170339735633
3362,306.8999999999995,152,1,0.04996170339735633
3363,303.34999999999934,163,1,0.04996170339735633
3364,119.09999999999975,128,0,0.04996170339735633
3365,306.59999999999945,158,1,0.04996170339735633
3366,305.0499999999994,159,1,0.04996170339735633
3367,303.54999999999944,159,1,0.04996170339735633
3368,306.5999999999994,158,1,0.04996170339735633
3369,303.4999999999994,160,1,0.04996170339735633
3370,304.89999999999947,162,1,0.04996170339735633
3371,303.2999999999994,164,1,0.04996170339735633
3372,127.79999999999974,134,0,0.04996170339735633
3373,306.49999999999943,160,1,0.04996170339735633
3374,303.4499999999995,161,1,0.04996170339735633
3375,303.7999999999995,154,1,0.04996170339735633
3376,306.79999999999956,154,1,0.04996170339735633
3377,306.24999999999943,165,1,0.04996170339735633
3378,305.1499999999994,157,1,0.04996170339735633
3379,306.3999999999994,162,1,0.04996170339735633
3380,303.4999999999994,160,1,0.04996170339735633
3381,306.4499999999994,161,1,0.04996170339735633
3382,306.3999999999994,162,1,0.04996170339735633
3383,306.99999999999955,150,1,0.04996170339735633
3384,306.59999999999945,158,1,0.04996170339735633
3385,303.2499999999994,165,1,0.04996170339735633
3386,306.54999999999944,159,1,0.04996170339735633
3387,306.49999999999943,160,1,0.04996170339735633
3388,303.39999999999935,162,1,0.04996170339735633
3389,306.54999999999944,159,1,0.04996170339735633
3390,303.24999999999943,165,1,0.04996170339735633
3391,304.6999999999995,166,1,0.04996170339735633
3392,303.4999999999994,160,1,0.04996170339735633
3393,303.4999999999994,160,1,0.04996170339735633
3394,306.4499999999994,161,1,0.04996170339735633
3395,303.29999999999944,164,1,0.04996170339735633
3396,304.8999999999994,162,1,0.04996170339735633
3397,303.54999999999944,159,1,0.04996170339735633
3398,306.5999999999994,158,1,0.04996170339735633
3399,306.5499999999994,159,1,0.04996170339735633
3400,303.69999999999953,156,1,0.04996170339735633
3401,129.29999999999973,134,0,0.04996170339735633
3402,305.0999999999994,158,1,0.04996170339735633
3403,307.99999999999943,160,1,0.04996170339735633
3404,303.3999999999994,162,1,0.04996170339735633
3405,303.49999999999943,160,1,0.04996170339735633
3406,306.8999999999995,152,1,0.04996170339735633
3407,56.80000000000015,84,0,0.04996170339735633
3408,306.5999999999994,158,1,0.04996170339735633
3409,305.0499999999994,159,1,0.04996170339735633
3410,306.49999999999943,160,1,0.04996170339735633
3411,304.99999999999943,160,1,0.04996170339735633
3412,306.54999999999944,159,1,0.04996170339735633
3413,306.54999999999944,159,1,0.04996170339735633
3414,303.4499999999994,161,1,0.04996170339735633
3415,304.9499999999994,161,1,0.04996170339735633
3416,303.5999999999994,158,1,0.04996170339735633
3417,306.5499999999994,159,1,0.04996170339735633
3418,306.49999999999943,160,1,0.04996170339735633
3419,306.34999999999945,163,1,0.04996170339735633
3420,306.54999999999944,159,1,0.04996170339735633
3421,306.54999999999944,159,1,0.04996170339735633
3422,303.44999999999936,161,1,0.04996170339735633
3423,305.44999999999953,151,1,0.04996170339735633
3424,120.14999999999971,137,0,0.04996170339735633
3425,305.09999999999945,158,1,0.04996170339735633
3426,306.4999999999994,160,1,0.04996170339735633
3427,121.54999999999971,139,0,0.04996170339735633
3428,303.44999999999936,161,1,0.04996170339735633
3429,123.29999999999968,134,0,0.04996170339735633
3430,304.99999999999943,160,1,0.04996170339735633
3431,303.2499999999994,165,1,0.04996170339735633
3432,303.4499999999994,161,1,0.04996170339735633
3433,306.59999999999945,158,1,0.04996170339735633
3434,303.09999999999934,168,1,0.04996170339735633
3435,307.8999999999994,162,1,0.04996170339735633
3436,118.94999999999972,131,0,0.04996170339735633
3437,306.79999999999956,154,1,0.04996170339735633
3438,306.5499999999994,159,1,0.04996170339735633
3439,306.59999999999945,158,1,0.04996170339735633
3440,306.39999999999947,162,1,0.04996170339735633
3441,305.0999999999994,158,1,0.04996170339735633
3442,306.54999999999944,159,1,0.04996170339735633
3443,303.44999999999936,161,1,0.04996170339735633
3444,306.2999999999994,164,1,0.04996170339735633
3445,306.4499999999994,161,1,0.04996170339735633
3446,306.5499999999994,159,1,0.04996170339735633
3447,306.7499999999995,155,1,0.04996170339735633
3448,304.8999999999994,162,1,0.04996170339735633
3449,120.2499999999997,135,0,0.04996170339735633
3450,306.49999999999943,160,1,0.04996170339735633
3451,304.9499999999994,161,1,0.04996170339735633
3452,303.4499999999994,161,1,0.04996170339735633
3453,306.54999999999944,159,1,0.04996170339735633
3454,303.49999999999943,160,1,0.04996170339735633
3455,303.2499999999995,165,1,0.04996170339735633
3456,121.74999999999973,135,0,0.04996170339735633
3457,306.4999999999994,160,1,0.04996170339735633
3458,120.14999999999968,137,0,0.04996170339735633
3459,303.1999999999994,166,1,0.04996170339735633
3460,303.3999999999994,162,1,0.04996170339735633
3461,308.04999999999944,159,1,0.04996170339735633
3462,305.09999999999945,158,1,0.04996170339735633
3463,305.04999999999944,159,1,0.04996170339735633
3464,303.54999999999944,159,1,0.04996170339735633
3465,306.5499999999994,159,1,0.04996170339735633
3466,307.84999999999945,163,1,0.04996170339735633
3467,306.54999999999944,159,1,0.04996170339735633
3468,306.74999999999955,155,1,0.04996170339735633
3469,306.8999999999995,152,1,0.04996170339735633
3470,306.4999999999994,160,1,0.04996170339735633
3471,306.79999999999956,154,1,0.04996170339735633
3472,304.9499999999994,161,1,0.04996170339735633
3473,305.0999999999994,158,1,0.04996170339735633
3474,306.5999999999994,158,1,0.04996170339735633
3475,304.99999999999943,160,1,0.04996170339735633
3476,55.450000000000145,81,0,0.04996170339735633
3477,304.99999999999943,160,1,0.04996170339735633
3478,306.54999999999944,159,1,0.04996170339735633
3479,303.1999999999994,166,1,0.04996170339735633
3480,306.49999999999943,160,1,0.04996170339735633
3481,307.99999999999943,160,1,0.04996170339735633
3482,303.2999999999994,164,1,0.04996170339735633
3483,303.5499999999994,159,1,0.04996170339735633
3484,306.4499999999994,161,1,0.04996170339735633
3485,55.30000000000014,84,0,0.04996170339735633
3486,305.0999999999994,158,1,0.04996170339735633
3487,305.09999999999945,158,1,0.04996170339735633
3488,304.89999999999947,162,1,0.04996170339735633
3489,305.24999999999955,155,1,0.04996170339735633
3490,306.7999999999995,154,1,0.04996170339735633
3491,306.5499999999994,159,1,0.04996170339735633
3492,306.59999999999945,158,1,0.04996170339735633
3493,304.99999999999943,160,1,0.04996170339735633
3494,118.79999999999971,134,0,0.04996170339735633
3495,305.0999999999994,158,1,0.04996170339735633
3496,305.1499999999994,157,1,0.04996170339735633
3497,306.54999999999944,159,1,0.04996170339735633
3498,306.79999999999956,154,1,0.04996170339735633
3499,304.99999999999943,160,1,0.04996170339735633
3500,118.79999999999968,134,0,0.04996170339735633
3501,303.4999999999994,160,1,0.04996170339735633
3502,307.9999999999994,160,1,0.04996170339735633
3503,306.5999999999994,158,1,0.04996170339735633
3504,304.8999999999994,162,1,0.04996170339735633
3505,306.5499999999994,159,1,0.04996170339735633
3506,303.3499999999994,163,1,0.04996170339735633
3507,308.3999999999995,152,1,0.04996170339735633
3508,307.8999999999994,162,1,0.04996170339735633
3509,306.3499999999994,163,1,0.04996170339735633
3510,306.5499999999994,159,1,0.04996170339735633
3511,306.49999999999943,160,1,0.04996170339735633
3512,303.4499999999994,161,1,0.04996170339735633
3513,306.34999999999945,163,1,0.04996170339735633
3514,304.99999999999943,160,1,0.04996170339735633
3515,307.99999999999943,160,1,0.04996170339735633
3516,305.04999999999944,159,1,0.04996170339735633
3517,305.34999999999945,153,1,0.04996170339735633
3518,120.39999999999974,132,0,0.04996170339735633
3519,306.49999999999943,160,1,0.04996170339735633
3520,306.4499999999994,161,1,0.04996170339735633
3521,303.3499999999994,163,1,0.04996170339735633
3522,306.5499999999994,159,1,0.04996170339735633
3523,123.19999999999969,136,0,0.04996170339735633
3524,305.0499999999994,159,1,0.04996170339735633
3525,306.59999999999945,158,1,0.04996170339735633
3526,303.3999999999994,162,1,0.04996170339735633
3527,303.64999999999947,157,1,0.04996170339735633
3528,121.54999999999974,139,0,0.04996170339735633
3529,306.3999999999994,162,1,0.04996170339735633
3530,58.35000000000015,83,0,0.04996170339735633
3531,304.9499999999995,161,1,0.04996170339735633
3532,303.5499999999994,159,1,0.04996170339735633
3533,303.54999999999944,159,1,0.04996170339735633
3534,304.9499999999994,161,1,0.04996170339735633
3535,306.5999999999994,158,1,0.04996170339735633
3536,118.64999999999971,137,0,0.04996170339735633
3537,306.84999999999957,153,1,0.04996170339735633
3538,306.74999999999943,155,1,0.04996170339735633
3539,303.24999999999943,165,1,0.04996170339735633
3540,303.39999999999935,162,1,0.04996170339735633
3541,305.44999999999953,151,1,0.04996170339735633
3542,121.74999999999967,135,0,0.04996170339735633
3543,306.49999999999943,160,1,0.04996170339735633
3544,303.4499999999994,161,1,0.04996170339735633
3545,303.5999999999994,158,1,0.04996170339735633
3546,306.5999999999994,158,1,0.04996170339735633
3547,305.04999999999944,159,1,0.04996170339735633
3548,303.8499999999995,153,1,0.04996170339735633
3549,303.49999999999943,160,1,0.04996170339735633
3550,304.79999999999944,164,1,0.04996170339735633
3551,306.5499999999994,159,1,0.04996170339735633
3552,306.49999999999943,160,1,0.04996170339735633
3553,304.8999999999994,162,1,0.04996170339735633
3554,119.09999999999981,128,0,0.04996170339735633
3555,305.0999999999994,158,1,0.04996170339735633
3556,307.9999999999994,160,1,0.04996170339735633
3557,303.69999999999953,156,1,0.04996170339735633
3558,306.4499999999994,161,1,0.04996170339735633
3559,306.3499999999994,163,1,0.04996170339735633
3560,305.0999999999994,158,1,0.04996170339735633
3561,118.79999999999968,134,0,0.04996170339735633
3562,306.3999999999994,162,1,0.04996170339735633
3563,305.0499999999995,159,1,0.04996170339735633
3564,304.7499999999994,165,1,0.04996170339735633
3565,123.19999999999975,136,0,0.04996170339735633
3566,121.64999999999974,137,0,0.04996170339735633
3567,307.9999999999994,160,1,0.04996170339735633
3568,305.04999999999956,159,1,0.04996170339735633
3569,304.99999999999943,160,1,0.04996170339735633
3570,303.6499999999995,157,1,0.04996170339735633
3571,306.5999999999994,158,1,0.04996170339735633
3572,304.99999999999943,160,1,0.04996170339735633
3573,303.2999999999994,164,1,0.04996170339735633
3574,303.34999999999934,163,1,0.04996170339735633
3575,306.5499999999994,159,1,0.04996170339735633
3576,304.9499999999995,161,1,0.04996170339735633
3577,306.39999999999947,162,1,0.04996170339735633
3578,306.34999999999945,163,1,0.04996170339735633
3579,303.4499999999994,161,1,0.04996170339735633
3580,306.39999999999947,162,1,0.04996170339735633
3581,305.0499999999994,159,1,0.04996170339735633
3582,306.3999999999994,162,1,0.04996170339735633
3583,304.9499999999994,161,1,0.04996170339735633
3584,304.9999999999994,160,1,0.04996170339735633
3585,308.0999999999994,158,1,0.04996170339735633
3586,303.0999999999995,168,1,0.04996170339735633
3587,304.99999999999943,160,1,0.04996170339735633
3588,306.3999999999994,162,1,0.04996170339735633
3589,304.99999999999943,160,1,0.04996170339735633
3590,303.3499999999994,163,1,0.04996170339735633
3591,303.39999999999935,162,1,0.04996170339735633
3592,53.85000000000015,83,0,0.04996170339735633
3593,303.3499999999994,163,1,0.04996170339735633
3594,305.09999999999945,158,1,0.04996170339735633
3595,306.59999999999945,158,1,0.04996170339735633
3596,305.0499999999994,159,1,0.04996170339735633
3597,303.79999999999956,154,1,0.04996170339735633
3598,305.0499999999994,159,1,0.04996170339735633
3599,306.5499999999994,159,1,0.04996170339735633
3600,306.59999999999945,158,1,0.04996170339735633
3601,305.44999999999953,151,1,0.04996170339735633
3602,307.89999999999947,162,1,0.04996170339735633
3603,306.4999999999994,160,1,0.04996170339735633
3604,306.49999999999943,160,1,0.04996170339735633
3605,303.49999999999943,160,1,0.04996170339735633
3606,121.69999999999975,136,0,0.04996170339735633
3607,304.8999999999994,162,1,0.04996170339735633
3608,118.94999999999978,131,0,0.04996170339735633
3609,306.5999999999994,158,1,0.04996170339735633
3610,303.5499999999994,159,1,0.04996170339735633
3611,305.1499999999995,157,1,0.04996170339735633
3612,306.49999999999943,160,1,0.04996170339735633
3613,306.59999999999957,158,1,0.04996170339735633
3614,306.49999999999943,160,1,0.04996170339735633
3615,305.0499999999994,159,1,0.04996170339735633
3616,120.19999999999972,136,0,0.04996170339735633
3617,306.5499999999994,159,1,0.04996170339735633
3618,303.74999999999955,155,1,0.04996170339735633
3619,306.49999999999943,160,1,0.04996170339735633
3620,303.09999999999934,168,1,0.04996170339735633
3621,118.79999999999974,134,0,0.04996170339735633
3622,303.3999999999994,162,1,0.04996170339735633
3623,303.5499999999994,159,1,0.04996170339735633
3624,305.04999999999944,159,1,0.04996170339735633
3625,306.5499999999994,159,1,0.04996170339735633
3626,306.49999999999943,160,1,0.04996170339735633
3627,303.5999999999994,158,1,0.04996170339735633
3628,307.7499999999995,165,1,0.04996170339735633
3629,304.89999999999947,162,1,0.04996170339735633
3630,306.5499999999994,159,1,0.04996170339735633
3631,53.950000000000145,81,0,0.04996170339735633
3632,306.2999999999994,164,1,0.04996170339735633
3633,306.4499999999994,161,1,0.04996170339735633
3634,306.4499999999994,161,1,0.04996170339735633
3635,307.99999999999943,160,1,0.04996170339735633
3636,304.89999999999947,162,1,0.04996170339735633
3637,118.49999999999976,140,0,0.04996170339735633
3638,119.1999999999998,126,0,0.04996170339735633
3639,305.3999999999995,152,1,0.04996170339735633
3640,303.5999999999995,158,1,0.04996170339735633
3641,303.1999999999995,166,1,0.04996170339735633
3642,304.9999999999994,160,1,0.04996170339735633
3643,303.4999999999994,160,1,0.04996170339735633
3644,121.64999999999968,137,0,0.04996170339735633
3645,306.54999999999944,159,1,0.04996170339735633
3646,303.44999999999936,161,1,0.04996170339735633
3647,305.24999999999955,155,1,0.04996170339735633
3648,305.09999999999945,158,1,0.04996170339735633
3649,304.9499999999994,161,1,0.04996170339735633
3650,303.3999999999994,162,1,0.04996170339735633
3651,306.5999999999994,158,1,0.04996170339735633
3652,120.29999999999968,134,0,0.04996170339735633
3653,304.84999999999945,163,1,0.04996170339735633
3654,120.14999999999974,137,0,0.04996170339735633
3655,303.2999999999994,164,1,0.04996170339735633
3656,306.5499999999994,159,1,0.04996170339735633
3657,306.5999999999994,158,1,0.04996170339735633
3658,307.99999999999943,160,1,0.04996170339735633
3659,303.1999999999994,166,1,0.04996170339735633
3660,303.3499999999994,163,1,0.04996170339735633
3661,306.4499999999994,161,1,0.04996170339735633
3662,306.4499999999994,161,1,0.04996170339735633
3663,306.49999999999943,160,1,0.04996170339735633
3664,303.39999999999935,162,1,0.04996170339735633
3665,306.4499999999994,161,1,0.04996170339735633
3666,306.49999999999943,160,1,0.04996170339735633
3667,306.54999999999944,159,1,0.04996170339735633
3668,306.5999999999994,158,1,0.04996170339735633
3669,120.24999999999973,135,0,0.04996170339735633
3670,306.59999999999945,158,1,0.04996170339735633
3671,305.0999999999994,158,1,0.04996170339735633
3672,306.5999999999994,158,1,0.04996170339735633
3673,306.8499999999995,153,1,0.04996170339735633
3674,307.89999999999947,162,1,0.04996170339735633
3675,306.54999999999944,159,1,0.04996170339735633
3676,303.4999999999994,160,1,0.04996170339735633
3677,306.5999999999994,158,1,0.04996170339735633
3678,306.49999999999943,160,1,0.04996170339735633
3679,306.3999999999994,162,1,0.04996170339735633
3680,307.79999999999944,164,1,0.04996170339735633
3681,303.84999999999957,153,1,0.04996170339735633
3682,306.5999999999994,158,1,0.04996170339735633
3683,306.3999999999994,162,1,0.04996170339735633
3684,303.5499999999994,159,1,0.04996170339735633
3685,303.2999999999994,164,1,0.04996170339735633
3686,305.04999999999944,159,1,0.04996170339735633
3687,306.4499999999994,161,1,0.04996170339735633
3688,306.5999999999994,158,1,0.04996170339735633
3689,118.44999999999972,141,0,0.04996170339735633
3690,304.7499999999995,165,1,0.04996170339735633
3691,123.19999999999972,136,0,0.04996170339735633
3692,303.4499999999994,161,1,0.04996170339735633
3693,304.8999999999994,162,1,0.04996170339735633
3694,303.5499999999994,159,1,0.04996170339735633
3695,306.5999999999994,158,1,0.04996170339735633
3696,303.49999999999943,160,1,0.04996170339735633
3697,58.450000000000145,81,0,0.04996170339735633
3698,55.450000000000145,81,0,0.04996170339735633
3699,306.79999999999944,154,1,0.04996170339735633
3700,118.69999999999986,136,0,0.04996170339735633
3701,303.3999999999994,162,1,0.04996170339735633
3702,303.54999999999944,159,1,0.04996170339735633
3703,305.0499999999994,159,1,0.04996170339735633
3704,53.95000000000013,81,0,0.04996170339735633
3705,303.54999999999944,159,1,0.04996170339735633
3706,306.5999999999994,158,1,0.04996170339735633
3707,130.54999999999973,139,0,0.04996170339735633
3708,306.59999999999945,158,1,0.04996170339735633
3709,303.5499999999994,159,1,0.04996170339735633
3710,305.2999999999995,154,1,0.04996170339735633
3711,305.0999999999994,158,1,0.04996170339735633
3712,305.0499999999994,159,1,0.04996170339735633
3713,304.89999999999947,162,1,0.04996170339735633
3714,305.0499999999994,159,1,0.04996170339735633
3715,306.84999999999957,153,1,0.04996170339735633
3716,304.8999999999994,162,1,0.04996170339735633
3717,308.0499999999994,159,1,0.04996170339735633
3718,303.4999999999994,160,1,0.04996170339735633
3719,303.34999999999945,163,1,0.04996170339735633
3720,306.5499999999994,159,1,0.04996170339735633
3721,119.1999999999998,126,0,0.04996170339735633
3722,304.8999999999994,162,1,0.04996170339735633
3723,303.5499999999994,159,1,0.04996170339735633
3724,130.49999999999972,140,0,0.04996170339735633
3725,306.49999999999943,160,1,0.04996170339735633
3726,306.94999999999953,151,1,0.04996170339735633
3727,129.1499999999997,137,0,0.04996170339735633
3728,304.8999999999994,162,1,0.04996170339735633
3729,303.54999999999944,159,1,0.04996170339735633
3730,303.2499999999994,165,1,0.04996170339735633
3731,306.54999999999944,159,1,0.04996170339735633
3732,303.34999999999934,163,1,0.04996170339735633
3733,303.2499999999994,165,1,0.04996170339735633
3734,304.9499999999994,161,1,0.04996170339735633
3735,303.29999999999944,164,1,0.04996170339735633
3736,303.4499999999994,161,1,0.04996170339735633
3737,120.04999999999974,139,0,0.04996170339735633
3738,123.19999999999972,136,0,0.04996170339735633
3739,306.4499999999994,161,1,0.04996170339735633
3740,303.09999999999934,168,1,0.04996170339735633
3741,305.04999999999944,159,1,0.04996170339735633
3742,304.84999999999945,163,1,0.04996170339735633
3743,306.49999999999943,160,1,0.04996170339735633
3744,303.54999999999944,159,1,0.04996170339735633
3745,304.9999999999995,160,1,0.04996170339735633
3746,306.4499999999994,161,1,0.04996170339735633
3747,305.0999999999994,158,1,0.04996170339735633
3748,118.74999999999967,135,0,0.04996170339735633
3749,306.54999999999944,159,1,0.04996170339735633
3750,305.0999999999994,158,1,0.04996170339735633
3751,306.3999999999994,162,1,0.04996170339735633
3752,306.49999999999943,160,1,0.04996170339735633
3753,305.0499999999994,159,1,0.04996170339735633
3754,303.54999999999944,159,1,0.04996170339735633
3755,120.7999999999998,124,0,0.04996170339735633
3756,306.49999999999943,160,1,0.04996170339735633
3757,119.24999999999984,125,0,0.04996170339735633
3758,305.09999999999957,158,1,0.04996170339735633
3759,306.79999999999956,154,1,0.04996170339735633
3760,306.39999999999947,162,1,0.04996170339735633
3761,305.0999999999994,158,1,0.04996170339735633
3762,303.4499999999994,161,1,0.04996170339735633
3763,303.4499999999994,161,1,0.04996170339735633
3764,306.6499999999994,157,1,0.04996170339735633
3765,303.34999999999945,163,1,0.04996170339735633
3766,303.39999999999935,162,1,0.04996170339735633
3767,303.5999999999994,158,1,0.04996170339735633
3768,305.04999999999944,159,1,0.04996170339735633
3769,123.19999999999975,136,0,0.04996170339735633
3770,307.84999999999945,163,1,0.04996170339735633
3771,306.5499999999994,159,1,0.04996170339735633
3772,303.49999999999943,160,1,0.04996170339735633
3773,303.2499999999994,165,1,0.04996170339735633
3774,308.0999999999994,158,1,0.04996170339735633
3775,307.8999999999994,162,1,0.04996170339735633
3776,306.99999999999955,150,1,0.04996170339735633
3777,306.5999999999994,158,1,0.04996170339735633
3778,303.39999999999947,162,1,0.04996170339735633
3779,306.5499999999994,159,1,0.04996170339735633
3780,306.1499999999994,167,1,0.04996170339735633
3781,304.9499999999994,161,1,0.04996170339735633
3782,306.3499999999994,163,1,0.04996170339735633
3783,305.3999999999995,152,1,0.04996170339735633
3784,307.8499999999994,163,1,0.04996170339735633
3785,305.0999999999994,158,1,0.04996170339735633
3786,306.54999999999944,159,1,0.04996170339735633
3787,306.4499999999995,161,1,0.04996170339735633
3788,303.34999999999934,163,1,0.04996170339735633
3789,306.5999999999994,158,1,0.04996170339735633
3790,304.94999999999936,161,1,0.04996170339735633
3791,306.5999999999994,158,1,0.04996170339735633
3792,306.5999999999994,158,1,0.04996170339735633
3793,306.5999999999994,158,1,0.04996170339735633
3794,118.79999999999974,134,0,0.04996170339735633
3795,304.8999999999994,162,1,0.04996170339735633
3796,305.19999999999953,156,1,0.04996170339735633
3797,306.4499999999995,161,1,0.04996170339735633
3798,119.09999999999978,128,0,0.04996170339735633
3799,304.9499999999994,161,1,0.04996170339735633
3800,305.04999999999944,159,1,0.04996170339735633
3801,306.54999999999944,159,1,0.04996170339735633
3802,306.5999999999994,158,1,0.04996170339735633
3803,118.84999999999978,133,0,0.04996170339735633
3804,303.44999999999936,161,1,0.04996170339735633
3805,304.8999999999994,162,1,0.04996170339735633
3806,303.49999999999943,160,1,0.04996170339735633
3807,305.0499999999994,159,1,0.04996170339735633
3808,308.09999999999945,158,1,0.04996170339735633
3809,303.4499999999994,161,1,0.04996170339735633
3810,306.5499999999994,159,1,0.04996170339735633
3811,306.49999999999943,160,1,0.04996170339735633
3812,306.5999999999994,158,1,0.04996170339735633
3813,130.74999999999977,135,0,0.04996170339735633
3814,119.09999999999981,128,0,0.04996170339735633
3815,308.09999999999945,158,1,0.04996170339735633
3816,303.4499999999994,161,1,0.04996170339735633
3817,303.4499999999994,161,1,0.04996170339735633
3818,306.3499999999994,163,1,0.04996170339735633
3819,306.4999999999994,160,1,0.04996170339735633
3820,306.4499999999994,161,1,0.04996170339735633
3821,303.3999999999994,162,1,0.04996170339735633
3822,305.04999999999944,159,1,0.04996170339735633
3823,306.5499999999994,159,1,0.04996170339735633
3824,303.6499999999995,157,1,0.04996170339735633
3825,303.8499999999995,153,1,0.04996170339735633
3826,303.79999999999956,154,1,0.04996170339735633
3827,303.54999999999944,159,1,0.04996170339735633
3828,304.84999999999945,163,1,0.04996170339735633
3829,306.3999999999994,162,1,0.04996170339735633
3830,303.19999999999936,166,1,0.04996170339735633
3831,304.99999999999943,160,1,0.04996170339735633
3832,305.04999999999944,159,1,0.04996170339735633
3833,130.74999999999972,135,0,0.04996170339735633
3834,303.44999999999936,161,1,0.04996170339735633
3835,303.4499999999994,161,1,0.04996170339735633
3836,128.99999999999972,140,0,0.04996170339735633
3837,118.99999999999982,130,0,0.04996170339735633
3838,306.5999999999994,158,1,0.04996170339735633
3839,127.69999999999969,136,0,0.04996170339735633
3840,303.49999999999943,160,1,0.04996170339735633
3841,306.54999999999944,159,1,0.04996170339735633
3842,306.4499999999994,161,1,0.04996170339735633
3843,308.04999999999944,159,1,0.04996170339735633
3844,306.5499999999994,159,1,0.04996170339735633
3845,303.54999999999944,159,1,0.04996170339735633
3846,308.0999999999994,158,1,0.04996170339735633
3847,303.69999999999953,156,1,0.04996170339735633
3848,304.99999999999943,160,1,0.04996170339735633
3849,306.84999999999945,153,1,0.04996170339735633
3850,305.3999999999995,152,1,0.04996170339735633
3851,303.2499999999994,165,1,0.04996170339735633
3852,123.14999999999979,137,0,0.04996170339735633
3853,307.79999999999944,164,1,0.04996170339735633
3854,306.8999999999995,152,1,0.04996170339735633
3855,305.0999999999994,158,1,0.04996170339735633
3856,303.3999999999994,162,1,0.04996170339735633
3857,305.14999999999947,157,1,0.04996170339735633
3858,303.2999999999996,164,1,0.04996170339735633
3859,303.19999999999936,166,1,0.04996170339735633
3860,303.34999999999934,163,1,0.04996170339735633
3861,308.0499999999994,159,1,0.04996170339735633
3862,304.59999999999945,168,1,0.04996170339735633
3863,306.5999999999994,158,1,0.04996170339735633
3864,306.5999999999994,158,1,0.04996170339735633
3865,306.54999999999944,159,1,0.04996170339735633
3866,303.44999999999936,161,1,0.04996170339735633
3867,306.69999999999953,156,1,0.04996170339735633
3868,303.4999999999994,160,1,0.04996170339735633
3869,120.64999999999979,127,0,0.04996170339735633
3870,306.6499999999996,157,1,0.04996170339735633
3871,305.0499999999994,159,1,0.04996170339735633
3872,306.79999999999956,154,1,0.04996170339735633
3873,304.8999999999994,162,1,0.04996170339735633
3874,306.1499999999993,167,1,0.04996170339735633
3875,306.6999999999994,156,1,0.04996170339735633
3876,303.6499999999995,157,1,0.04996170339735633
3877,306.24999999999943,165,1,0.04996170339735633
3878,124.54999999999977,139,0,0.04996170339735633
3879,308.0499999999994,159,1,0.04996170339735633
3880,306.59999999999945,158,1,0.04996170339735633
3881,306.5999999999994,158,1,0.04996170339735633
3882,306.8499999999995,153,1,0.04996170339735633
3883,303.3499999999994,163,1,0.04996170339735633
3884,303.4999999999994,160,1,0.04996170339735633
3885,303.3499999999994,163,1,0.04996170339735633
3886,303.5999999999994,158,1,0.04996170339735633
3887,305.0499999999994,159,1,0.04996170339735633
3888,303.4499999999994,161,1,0.04996170339735633
3889,123.04999999999968,139,0,0.04996170339735633
3890,306.5999999999994,158,1,0.04996170339735633
3891,303.4999999999994,160,1,0.04996170339735633
3892,306.4499999999995,161,1,0.04996170339735633
3893,303.3999999999994,162,1,0.04996170339735633
3894,306.5999999999994,158,1,0.04996170339735633
3895,306.5499999999994,159,1,0.04996170339735633
3896,119.29999999999977,124,0,0.04996170339735633
3897,303.3999999999994,162,1,0.04996170339735633
3898,303.54999999999944,159,1,0.04996170339735633
3899,306.49999999999943,160,1,0.04996170339735633
3900,306.5999999999994,158,1,0.04996170339735633
3901,307.8999999999994,162,1,0.04996170339735633
3902,303.44999999999936,161,1,0.04996170339735633
3903,306.5999999999994,158,1,0.04996170339735633
3904,303.4499999999994,161,1,0.04996170339735633
3905,306.54999999999944,159,1,0.04996170339735633
3906,303.3499999999994,163,1,0.04996170339735633
3907,303.44999999999936,161,1,0.04996170339735633
3908,303.3999999999994,162,1,0.04996170339735633
3909,119.0499999999998,129,0,0.04996170339735633
3910,306.5499999999994,159,1,0.04996170339735633
3911,303.3499999999994,163,1,0.04996170339735633
3912,304.14999999999935,177,1,0.04996170339735633
3913,303.1499999999994,167,1,0.04996170339735633
3914,306.6499999999994,157,1,0.04996170339735633
3915,306.3999999999994,162,1,0.04996170339735633
3916,306.49999999999943,160,1,0.04996170339735633
3917,124.74999999999973,135,0,0.04996170339735633
3918,306.4499999999994,161,1,0.04996170339735633
3919,306.59999999999945,158,1,0.04996170339735633
3920,304.84999999999945,163,1,0.04996170339735633
3921,304.34999999999934,173,1,0.04996170339735633
3922,305.04999999999944,159,1,0.04996170339735633
3923,303.44999999999936,161,1,0.04996170339735633
3924,308.04999999999944,159,1,0.04996170339735633
3925,303.44999999999936,161,1,0.04996170339735633
3926,120.2499999999997,135,0,0.04996170339735633
3927,303.5499999999994,159,1,0.04996170339735633
3928,305.14999999999947,157,1,0.04996170339735633
3929,303.54999999999944,159,1,0.04996170339735633
3930,303.5999999999994,158,1,0.04996170339735633
3931,52.40000000000015,82,0,0.04996170339735633
3932,306.5499999999994,159,1,0.04996170339735633
3933,306.99999999999955,150,1,0.04996170339735633
3934,304.99999999999943,160,1,0.04996170339735633
3935,306.5499999999994,159,1,0.04996170339735633
3936,306.3499999999994,163,1,0.04996170339735633
3937,306.59999999999945,158,1,0.04996170339735633
3938,305.09999999999945,158,1,0.04996170339735633
3939,304.84999999999945,163,1,0.04996170339735633
3940,306.54999999999944,159,1,0.04996170339735633
3941,306.5999999999994,158,1,0.04996170339735633
3942,307.84999999999945,163,1,0.04996170339735633
3943,308.0999999999994,158,1,0.04996170339735633
3944,306.5999999999994,158,1,0.04996170339735633
3945,306.5999999999994,158,1,0.04996170339735633
3946,303.39999999999935,162,1,0.04996170339735633
3947,307.8499999999994,163,1,0.04996170339735633
3948,305.9499999999993,171,1,0.04996170339735633
3949,304.99999999999943,160,1,0.04996170339735633
3950,306.4999999999994,160,1,0.04996170339735633
3951,303.39999999999935,162,1,0.04996170339735633
3952,303.34999999999934,163,1,0.04996170339735633
3953,305.19999999999953,156,1,0.04996170339735633
3954,307.99999999999943,160,1,0.04996170339735633
3955,303.49999999999943,160,1,0.04996170339735633
3956,304.84999999999945,163,1,0.04996170339735633
3957,303.44999999999936,161,1,0.04996170339735633
3958,304.9499999999995,161,1,0.04996170339735633
3959,307.9499999999994,161,1,0.04996170339735633
3960,118.94999999999975,131,0,0.04996170339735633
3961,118.99999999999979,130,0,0.04996170339735633
3962,305.04999999999944,159,1,0.04996170339735633
3963,308.04999999999944,159,1,0.04996170339735633
3964,306.5999999999994,158,1,0.04996170339735633
3965,304.9499999999994,161,1,0.04996170339735633
3966,120.29999999999971,134,0,0.04996170339735633
3967,303.2999999999994,164,1,0.04996170339735633
3968,303.5499999999994,159,1,0.04996170339735633
3969,306.6499999999994,157,1,0.04996170339735633
3970,306.4499999999994,161,1,0.04996170339735633
3971,306.5999999999994,158,1,0.04996170339735633
3972,304.8999999999994,162,1,0.04996170339735633
3973,306.5999999999994,158,1,0.04996170339735633
3974,123.14999999999968,137,0,0.04996170339735633
3975,306.59999999999945,158,1,0.04996170339735633
3976,308.0499999999994,159,1,0.04996170339735633
3977,306.3999999999994,162,1,0.04996170339735633
3978,303.4499999999994,161,1,0.04996170339735633
3979,305.0999999999994,158,1,0.04996170339735633
3980,306.4499999999994,161,1,0.04996170339735633
3981,303.6499999999995,157,1,0.04996170339735633
3982,306.4999999999994,160,1,0.04996170339735633
3983,306.5999999999994,158,1,0.04996170339735633
3984,120.79999999999977,124,0,0.04996170339735633
3985,303.59999999999945,158,1,0.04996170339735633
3986,304.9999999999994,160,1,0.04996170339735633
3987,304.8499999999994,163,1,0.04996170339735633
3988,306.49999999999943,160,1,0.04996170339735633
3989,306.5499999999994,159,1,0.04996170339735633
3990,303.4999999999994,160,1,0.04996170339735633
3991,305.0999999999994,158,1,0.04996170339735633
3992,119.09999999999975,128,0,0.04996170339735633
3993,307.9499999999995,161,1,0.04996170339735633
3994,305.0999999999994,158,1,0.04996170339735633
3995,305.04999999999944,159,1,0.04996170339735633
3996,305.04999999999944,159,1,0.04996170339735633
3997,306.5999999999994,158,1,0.04996170339735633
3998,304.9499999999994,161,1,0.04996170339735633
3999,307.84999999999945,163,1,0.04996170339735633
4000,121.69999999999975,136,0,0.04996170339735633
4001,306.49999999999943,160,1,0.04996170339735633
4002,306.49999999999943,160,1,0.04996170339735633
4003,306.59999999999945,158,1,0.04996170339735633
4004,305.3999999999995,152,1,0.04996170339735633
4005,306.4999999999995,160,1,0.04996170339735633
4006,306.59999999999945,158,1,0.04996170339735633
4007,303.44999999999936,161,1,0.04996170339735633
4008,306.4499999999994,161,1,0.04996170339735633
4009,303.4999999999994,160,1,0.04996170339735633
4010,308.24999999999943,155,1,0.04996170339735633
4011,303.4499999999994,161,1,0.04996170339735633
4012,306.14999999999947,167,1,0.04996170339735633
4013,306.5499999999994,159,1,0.04996170339735633
4014,303.2499999999994,165,1,0.04996170339735633
4015,303.69999999999953,156,1,0.04996170339735633
4016,306.54999999999956,159,1,0.04996170339735633
4017,305.3999999999995,152,1,0.04996170339735633
4018,303.4999999999995,160,1,0.04996170339735633
4019,306.49999999999943,160,1,0.04996170339735633
4020,303.5499999999994,159,1,0.04996170339735633
4021,303.39999999999935,162,1,0.04996170339735633
4022,308.04999999999944,159,1,0.04996170339735633
4023,303.54999999999944,159,1,0.04996170339735633
4024,303.5499999999994,159,1,0.04996170339735633
4025,303.4999999999994,160,1,0.04996170339735633
4026,306.5999999999994,158,1,0.04996170339735633
4027,304.9499999999995,161,1,0.04996170339735633
4028,303.2999999999994,164,1,0.04996170339735633
4029,306.54999999999944,159,1,0.04996170339735633
4030,306.5999999999994,158,1,0.04996170339735633
4031,306.49999999999943,160,1,0.04996170339735633
4032,306.5999999999994,158,1,0.04996170339735633
4033,306.4499999999994,161,1,0.04996170339735633
4034,306.3999999999994,162,1,0.04996170339735633
4035,306.4499999999994,161,1,0.04996170339735633
4036,306.3999999999994,162,1,0.04996170339735633
4037,303.74999999999955,155,1,0.04996170339735633
4038,304.9999999999994,160,1,0.04996170339735633
4039,308.0999999999994,158,1,0.04996170339735633
4040,303.34999999999945,163,1,0.04996170339735633
4041,303.3499999999994,163,1,0.04996170339735633
4042,307.99999999999943,160,1,0.04996170339735633
4043,303.49999999999943,160,1,0.04996170339735633
4044,303.6499999999994,157,1,0.04996170339735633
4045,306.69999999999953,156,1,0.04996170339735633
4046,307.99999999999943,160,1,0.04996170339735633
4047,303.24999999999943,165,1,0.04996170339735633
4048,303.4499999999994,161,1,0.04996170339735633
4049,306.4999999999994,160,1,0.04996170339735633
4050,306.8499999999995,153,1,0.04996170339735633
4051,303.44999999999936,161,1,0.04996170339735633
4052,306.49999999999943,160,1,0.04996170339735633
4053,303.04999999999933,169,1,0.04996170339735633
4054,303.24999999999943,165,1,0.04996170339735633
4055,307.99999999999943,160,1,0.04996170339735633
4056,307.5499999999993,169,1,0.04996170339735633
4057,304.9499999999994,161,1,0.04996170339735633
4058,303.4499999999994,161,1,0.04996170339735633
4059,306.5999999999994,158,1,0.04996170339735633
4060,306.1999999999995,166,1,0.04996170339735633
4061,306.54999999999944,159,1,0.04996170339735633
4062,303.5499999999994,159,1,0.04996170339735633
4063,305.04999999999944,159,1,0.04996170339735633
4064,55.40000000000015,82,0,0.04996170339735633
4065,306.1999999999994,166,1,0.04996170339735633
4066,303.09999999999934,168,1,0.04996170339735633
4067,306.7999999999995,154,1,0.04996170339735633
4068,120.6999999999998,126,0,0.04996170339735633
4069,303.3999999999994,162,1,0.04996170339735633
4070,308.04999999999944,159,1,0.04996170339735633
4071,120.19999999999972,136,0,0.04996170339735633
4072,306.54999999999944,159,1,0.04996170339735633
4073,306.54999999999944,159,1,0.04996170339735633
4074,307.99999999999943,160,1,0.04996170339735633
4075,304.99999999999943,160,1,0.04996170339735633
4076,305.19999999999953,156,1,0.04996170339735633
4077,304.9499999999994,161,1,0.04996170339735633
4078,305.0999999999994,158,1,0.04996170339735633
4079,303.3499999999994,163,1,0.04996170339735633
4080,56.950000000000145,81,0,0.04996170339735633
4081,304.9499999999994,161,1,0.04996170339735633
4082,304.89999999999947,162,1,0.04996170339735633
4083,303.4999999999994,160,1,0.04996170339735633
4084,303.54999999999944,159,1,0.04996170339735633
4085,306.49999999999943,160,1,0.04996170339735633
4086,306.5999999999994,158,1,0.04996170339735633
4087,303.5999999999994,158,1,0.04996170339735633
4088,303.6499999999995,157,1,0.04996170339735633
4089,306.3499999999994,163,1,0.04996170339735633
4090,304.8999999999994,162,1,0.04996170339735633
4091,306.5999999999994,158,1,0.04996170339735633
4092,303.54999999999944,159,1,0.04996170339735633
4093,126.09999999999975,138,0,0.04996170339735633
4094,303.54999999999956,159,1,0.04996170339735633
4095,305.0999999999994,158,1,0.04996170339735633
4096,303.5499999999994,159,1,0.04996170339735633
4097,305.34999999999957,153,1,0.04996170339735633
4098,307.9499999999994,161,1,0.04996170339735633
4099,306.49999999999943,160,1,0.04996170339735633
4100,303.5499999999994,159,1,0.04996170339735633
4101,308.1499999999996,157,1,0.04996170339735633
4102,303.5499999999994,159,1,0.04996170339735633
4103,306.4499999999994,161,1,0.04996170339735633
4104,305.0499999999994,159,1,0.04996170339735633
4105,306.5999999999994,158,1,0.04996170339735633
4106,308.0999999999994,158,1,0.04996170339735633
4107,308.0999999999994,158,1,0.04996170339735633
4108,306.5999999999994,158,1,0.04996170339735633
4109,58.350000000000136,83,0,0.04996170339735633
4110,306.5999999999994,158,1,0.04996170339735633
4111,305.04999999999944,159,1,0.04996170339735633
4112,306.24999999999943,165,1,0.04996170339735633
4113,118.9499999999998,131,0,0.04996170339735633
4114,306.5999999999994,158,1,0.04996170339735633
4115,305.3499999999995,153,1,0.04996170339735633
4116,58.450000000000145,81,0,0.04996170339735633
4117,305.0999999999994,158,1,0.04996170339735633
4118,303.2499999999995,165,1,0.04996170339735633
4119,303.54999999999944,159,1,0.04996170339735633
4120,123.49999999999979,130,0,0.04996170339735633
4121,303.14999999999935,167,1,0.04996170339735633
4122,303.8499999999995,153,1,0.04996170339735633
4123,306.54999999999944,159,1,0.04996170339735633
4124,303.34999999999934,163,1,0.04996170339735633
4125,56.80000000000014,84,0,0.04996170339735633
4126,124.49999999999976,140,0,0.04996170339735633
4127,305.2999999999995,154,1,0.04996170339735633
4128,305.0499999999994,159,1,0.04996170339735633
4129,303.54999999999944,159,1,0.04996170339735633
4130,306.5499999999994,159,1,0.04996170339735633
4131,303.4499999999994,161,1,0.04996170339735633
4132,305.04999999999944,159,1,0.04996170339735633
4133,303.4999999999994,160,1,0.04996170339735633
4134,304.9499999999994,161,1,0.04996170339735633
4135,308.0999999999994,158,1,0.04996170339735633
4136,306.5499999999994,159,1,0.04996170339735633
4137,56.85000000000015,83,0,0.04996170339735633
4138,306.09999999999945,168,1,0.04996170339735633
4139,306.39999999999947,162,1,0.04996170339735633
4140,306.54999999999944,159,1,0.04996170339735633
4141,306.59999999999945,158,1,0.04996170339735633
4142,302.9499999999993,171,1,0.04996170339735633
4143,306.4499999999994,161,1,0.04996170339735633
4144,306.5999999999994,158,1,0.04996170339735633
4145,303.2999999999994,164,1,0.04996170339735633
4146,303.5499999999994,159,1,0.04996170339735633
4147,303.2999999999994,164,1,0.04996170339735633
4148,303.4499999999994,161,1,0.04996170339735633
4149,303.3999999999994,162,1,0.04996170339735633
4150,121.74999999999973,135,0,0.04996170339735633
4151,123.4999999999997,130,0,0.04996170339735633
4152,303.4499999999994,161,1,0.04996170339735633
4153,306.4499999999994,161,1,0.04996170339735633
4154,302.8499999999993,173,1,0.04996170339735633
4155,303.69999999999953,156,1,0.04996170339735633
4156,305.9499999999993,171,1,0.04996170339735633
4157,121.89999999999971,132,0,0.04996170339735633
4158,305.09999999999945,158,1,0.04996170339735633
4159,307.9999999999994,160,1,0.04996170339735633
4160,303.34999999999945,163,1,0.04996170339735633
4161,304.9499999999994,161,1,0.04996170339735633
4162,122.2999999999998,124,0,0.04996170339735633
4163,304.4999999999993,170,1,0.04996170339735633
4164,303.44999999999936,161,1,0.04996170339735633
4165,305.3499999999995,153,1,0.04996170339735633
4166,38.95000000000013,81,0,0.04996170339735633
4167,306.1999999999993,166,1,0.04996170339735633
4168,303.4499999999994,161,1,0.04996170339735633
4169,304.9999999999994,160,1,0.04996170339735633
4170,304.8999999999994,162,1,0.04996170339735633
4171,304.99999999999943,160,1,0.04996170339735633
4172,303.3499999999994,163,1,0.04996170339735633
4173,306.59999999999945,158,1,0.04996170339735633
4174,306.4499999999994,161,1,0.04996170339735633
4175,307.99999999999943,160,1,0.04996170339735633
4176,303.4499999999994,161,1,0.04996170339735633
4177,306.4499999999994,161,1,0.04996170339735633
4178,303.5499999999994,159,1,0.04996170339735633
4179,308.04999999999944,159,1,0.04996170339735633
4180,307.8999999999994,162,1,0.04996170339735633
4181,307.99999999999943,160,1,0.04996170339735633
4182,303.7499999999995,155,1,0.04996170339735633
4183,119.04999999999977,129,0,0.04996170339735633
4184,306.5999999999994,158,1,0.04996170339735633
4185,303.4999999999994,160,1,0.04996170339735633
4186,306.4499999999994,161,1,0.04996170339735633
4187,126.2499999999997,135,0,0.04996170339735633
4188,304.8499999999994,163,1,0.04996170339735633
4189,305.09999999999945,158,1,0.04996170339735633
4190,118.94999999999986,131,0,0.04996170339735633
4191,306.99999999999955,150,1,0.04996170339735633
4192,306.4999999999994,160,1,0.04996170339735633
4193,304.99999999999943,160,1,0.04996170339735633
4194,303.5499999999994,159,1,0.04996170339735633
4195,303.5499999999994,159,1,0.04996170339735633
4196,306.54999999999944,159,1,0.04996170339735633
4197,303.54999999999944,159,1,0.04996170339735633
4198,306.4999999999994,160,1,0.04996170339735633
4199,306.49999999999955,160,1,0.04996170339735633
4200,126.14999999999971,137,0,0.04996170339735633
4201,303.54999999999944,159,1,0.04996170339735633
4202,307.8999999999994,162,1,0.04996170339735633
4203,306.8499999999995,153,1,0.04996170339735633
4204,304.99999999999943,160,1,0.04996170339735633
4205,306.59999999999945,158,1,0.04996170339735633
4206,123.69999999999978,126,0,0.04996170339735633
4207,58.40000000000015,82,0,0.04996170339735633
4208,303.39999999999935,162,1,0.04996170339735633
4209,303.44999999999936,161,1,0.04996170339735633
4210,303.2999999999994,164,1,0.04996170339735633
4211,306.54999999999944,159,1,0.04996170339735633
4212,303.49999999999943,160,1,0.04996170339735633
4213,303.29999999999944,164,1,0.04996170339735633
4214,306.4499999999994,161,1,0.04996170339735633
4215,306.4999999999994,160,1,0.04996170339735633
4216,306.4999999999994,160,1,0.04996170339735633
4217,305.0499999999994,159,1,0.04996170339735633
4218,303.4999999999994,160,1,0.04996170339735633
4219,303.2499999999994,165,1,0.04996170339735633
4220,304.9499999999994,161,1,0.04996170339735633
4221,303.4999999999994,160,1,0.04996170339735633
4222,306.5499999999994,159,1,0.04996170339735633
4223,305.09999999999945,158,1,0.04996170339735633
4224,303.3499999999994,163,1,0.04996170339735633
4225,306.59999999999945,158,1,0.04996170339735633
4226,306.69999999999953,156,1,0.04996170339735633
4227,306.59999999999945,158,1,0.04996170339735633
4228,56.950000000000145,81,0,0.04996170339735633
4229,307.84999999999945,163,1,0.04996170339735633
4230,305.0499999999995,159,1,0.04996170339735633
4231,306.4499999999994,161,1,0.04996170339735633
4232,305.3499999999995,153,1,0.04996170339735633
4233,305.09999999999945,158,1,0.04996170339735633
4234,307.8999999999994,162,1,0.04996170339735633
4235,303.49999999999943,160,1,0.04996170339735633
4236,118.9499999999998,131,0,0.04996170339735633
4237,304.9499999999994,161,1,0.04996170339735633
4238,303.44999999999936,161,1,0.04996170339735633
4239,303.4999999999994,160,1,0.04996170339735633
4240,305.1499999999996,157,1,0.04996170339735633
4241,305.34999999999957,153,1,0.04996170339735633
4242,306.6499999999994,157,1,0.04996170339735633
4243,305.9999999999995,170,1,0.04996170339735633
4244,303.5999999999994,158,1,0.04996170339735633
4245,303.3499999999994,163,1,0.04996170339735633
4246,307.54999999999933,169,1,0.04996170339735633
4247,306.59999999999945,158,1,0.04996170339735633
4248,303.6499999999995,157,1,0.04996170339735633
4249,306.5499999999994,159,1,0.04996170339735633
4250,303.3499999999994,163,1,0.04996170339735633
4251,307.9999999999994,160,1,0.04996170339735633
4252,303.2999999999994,164,1,0.04996170339735633
4253,306.3999999999994,162,1,0.04996170339735633
4254,303.54999999999944,159,1,0.04996170339735633
4255,305.3999999999995,152,1,0.04996170339735633
4256,303.4999999999994,160,1,0.04996170339735633
4257,303.2999999999994,164,1,0.04996170339735633
4258,129.29999999999973,134,0,0.04996170339735633
4259,306.5499999999994,159,1,0.04996170339735633
4260,306.64999999999947,157,1,0.04996170339735633
4261,306.54999999999944,159,1,0.04996170339735633
4262,303.4499999999994,161,1,0.04996170339735633
4263,306.49999999999943,160,1,0.04996170339735633
4264,306.3999999999994,162,1,0.04996170339735633
4265,306.5499999999994,159,1,0.04996170339735633
4266,304.9499999999994,161,1,0.04996170339735633
4267,303.5499999999994,159,1,0.04996170339735633
4268,119.39999999999985,122,0,0.04996170339735633
4269,306.5499999999994,159,1,0.04996170339735633
4270,306.54999999999944,159,1,0.04996170339735633
4271,303.5499999999994,159,1,0.04996170339735633
4272,306.14999999999947,167,1,0.04996170339735633
4273,306.4499999999994,161,1,0.04996170339735633
4274,306.5499999999994,159,1,0.04996170339735633
4275,303.44999999999953,161,1,0.04996170339735633
4276,306.54999999999944,159,1,0.04996170339735633
4277,132.34999999999974,133,0,0.04996170339735633
4278,306.4499999999994,161,1,0.04996170339735633
4279,306.49999999999943,160,1,0.04996170339735633
4280,129.1999999999997,136,0,0.04996170339735633
4281,118.44999999999972,141,0,0.04996170339735633
4282,123.64999999999979,127,0,0.04996170339735633
4283,303.3999999999994,162,1,0.04996170339735633
4284,305.0499999999994,159,1,0.04996170339735633
4285,303.5499999999995,159,1,0.04996170339735633
4286,306.4499999999994,161,1,0.04996170339735633
4287,306.5499999999994,159,1,0.04996170339735633
4288,305.0999999999994,158,1,0.04996170339735633
4289,306.29999999999944,164,1,0.04996170339735633
4290,306.94999999999953,151,1,0.04996170339735633
4291,306.69999999999953,156,1,0.04996170339735633
4292,303.74999999999955,155,1,0.04996170339735633
4293,306.3999999999994,162,1,0.04996170339735633
4294,305.2999999999995,154,1,0.04996170339735633
4295,123.19999999999969,136,0,0.04996170339735633
4296,303.5499999999994,159,1,0.04996170339735633
4297,305.34999999999957,153,1,0.04996170339735633
4298,302.79999999999933,174,1,0.04996170339735633
4299,118.89999999999982,132,0,0.04996170339735633
4300,305.0999999999994,158,1,0.04996170339735633
4301,303.5499999999994,159,1,0.04996170339735633
4302,123.7999999999998,124,0,0.04996170339735633
4303,303.8999999999995,152,1,0.04996170339735633
4304,306.39999999999947,162,1,0.04996170339735633
4305,303.5499999999994,159,1,0.04996170339735633
4306,303.3999999999994,162,1,0.04996170339735633
4307,306.79999999999956,154,1,0.04996170339735633
4308,304.9999999999994,160,1,0.04996170339735633
4309,304.99999999999943,160,1,0.04996170339735633
4310,304.9499999999994,161,1,0.04996170339735633
4311,304.7999999999994,164,1,0.04996170339735633
4312,304.99999999999943,160,1,0.04996170339735633
4313,118.69999999999972,136,0,0.04996170339735633
4314,303.3999999999994,162,1,0.04996170339735633
4315,304.8999999999994,162,1,0.04996170339735633
4316,304.8499999999994,163,1,0.04996170339735633
4317,306.59999999999945,158,1,0.04996170339735633
4318,302.5999999999993,178,1,0.04996170339735633
4319,306.59999999999945,158,1,0.04996170339735633
4320,303.2999999999994,164,1,0.04996170339735633
4321,307.9999999999994,160,1,0.04996170339735633
4322,303.29999999999933,164,1,0.04996170339735633
4323,119.09999999999978,128,0,0.04996170339735633
4324,306.69999999999953,156,1,0.04996170339735633
4325,119.1999999999998,126,0,0.04996170339735633
4326,303.3499999999994,163,1,0.04996170339735633
4327,119.14999999999979,127,0,0.04996170339735633
4328,303.49999999999943,160,1,0.04996170339735633
4329,306.5999999999994,158,1,0.04996170339735633
4330,303.74999999999955,155,1,0.04996170339735633
4331,306.49999999999943,160,1,0.04996170339735633
4332,306.54999999999944,159,1,0.04996170339735633
4333,308.0999999999994,158,1,0.04996170339735633
4334,306.49999999999943,160,1,0.04996170339735633
4335,306.5499999999994,159,1,0.04996170339735633
4336,306.5999999999994,158,1,0.04996170339735633
4337,304.99999999999943,160,1,0.04996170339735633
4338,305.8999999999993,172,1,0.04996170339735633
4339,305.8999999999993,172,1,0.04996170339735633
4340,305.09999999999945,158,1,0.04996170339735633
4341,307.7499999999995,165,1,0.04996170339735633
4342,308.0499999999994,159,1,0.04996170339735633
4343,306.49999999999943,160,1,0.04996170339735633
4344,306.49999999999943,160,1,0.04996170339735633
4345,306.49999999999943,160,1,0.04996170339735633
4346,304.94999999999953,161,1,0.04996170339735633
4347,303.24999999999943,165,1,0.04996170339735633
4348,303.3499999999994,163,1,0.04996170339735633
4349,306.54999999999944,159,1,0.04996170339735633
4350,53.950000000000145,81,0,0.04996170339735633
4351,52.35000000000015,83,0,0.04996170339735633
4352,306.54999999999944,159,1,0.04996170339735633
4353,306.94999999999953,151,1,0.04996170339735633
4354,303.2999999999994,164,1,0.04996170339735633
4355,304.44999999999936,171,1,0.04996170339735633
4356,119.04999999999974,129,0,0.04996170339735633
4357,306.49999999999943,160,1,0.04996170339735633
4358,306.4499999999994,161,1,0.04996170339735633
4359,303.4999999999994,160,1,0.04996170339735633
4360,306.34999999999945,163,1,0.04996170339735633
4361,303.5999999999994,158,1,0.04996170339735633
4362,120.19999999999969,136,0,0.04996170339735633
4363,303.2499999999994,165,1,0.04996170339735633
4364,306.4499999999994,161,1,0.04996170339735633
4365,306.49999999999943,160,1,0.04996170339735633
4366,306.3999999999994,162,1,0.04996170339735633
4367,306.5999999999994,158,1,0.04996170339735633
4368,303.5999999999994,158,1,0.04996170339735633
4369,303.3999999999994,162,1,0.04996170339735633
4370,303.2999999999994,164,1,0.04996170339735633
4371,306.54999999999944,159,1,0.04996170339735633
4372,306.5499999999994,159,1,0.04996170339735633
4373,118.89999999999988,132,0,0.04996170339735633
4374,306.4499999999994,161,1,0.04996170339735633
4375,303.3999999999994,162,1,0.04996170339735633
4376,303.3999999999994,162,1,0.04996170339735633
4377,303.4499999999994,161,1,0.04996170339735633
4378,305.0499999999994,159,1,0.04996170339735633
4379,306.59999999999945,158,1,0.04996170339735633
4380,307.4999999999993,170,1,0.04996170339735633
4381,306.79999999999956,154,1,0.04996170339735633
4382,303.4999999999994,160,1,0.04996170339735633
4383,305.9999999999993,170,1,0.04996170339735633
4384,306.54999999999944,159,1,0.04996170339735633
4385,304.9499999999994,161,1,0.04996170339735633
4386,304.9999999999994,160,1,0.04996170339735633
4387,305.24999999999955,155,1,0.04996170339735633
4388,303.5499999999994,159,1,0.04996170339735633
4389,304.9999999999994,160,1,0.04996170339735633
4390,304.8499999999994,163,1,0.04996170339735633
4391,305.0999999999994,158,1,0.04996170339735633
4392,303.39999999999947,162,1,0.04996170339735633
4393,303.4999999999994,160,1,0.04996170339735633
4394,304.99999999999943,160,1,0.04996170339735633
4395,306.5499999999994,159,1,0.04996170339735633
4396,302.8499999999993,173,1,0.04996170339735633
4397,304.99999999999943,160,1,0.04996170339735633
4398,303.1499999999994,167,1,0.04996170339735633
4399,303.3999999999994,162,1,0.04996170339735633
4400,304.3999999999993,172,1,0.04996170339735633
4401,303.34999999999934,163,1,0.04996170339735633
4402,304.7499999999993,165,1,0.04996170339735633
4403,306.3999999999994,162,1,0.04996170339735633
4404,303.3999999999994,162,1,0.04996170339735633
4405,118.74999999999973,135,0,0.04996170339735633
4406,303.4999999999994,160,1,0.04996170339735633
4407,303.24999999999943,165,1,0.04996170339735633
4408,303.39999999999947,162,1,0.04996170339735633
4409,303.49999999999943,160,1,0.04996170339735633
4410,303.3999999999994,162,1,0.04996170339735633
4411,303.2499999999994,165,1,0.04996170339735633
4412,307.3499999999993,173,1,0.04996170339735633
4413,306.5999999999994,158,1,0.04996170339735633
4414,303.3499999999994,163,1,0.04996170339735633
4415,303.49999999999943,160,1,0.04996170339735633
4416,305.0499999999994,159,1,0.04996170339735633
4417,305.0499999999994,159,1,0.04996170339735633
4418,305.0999999999994,158,1,0.04996170339735633
4419,305.04999999999944,159,1,0.04996170339735633
4420,305.09999999999945,158,1,0.04996170339735633
4421,119.29999999999977,124,0,0.04996170339735633
4422,303.6999999999995,156,1,0.04996170339735633
4423,303.74999999999955,155,1,0.04996170339735633
4424,307.9999999999994,160,1,0.04996170339735633
4425,308.0499999999994,159,1,0.04996170339735633
4426,307.99999999999943,160,1,0.04996170339735633
4427,308.0499999999994,159,1,0.04996170339735633
4428,303.5999999999995,158,1,0.04996170339735633
4429,307.9999999999994,160,1,0.04996170339735633
4430,118.54999999999968,139,0,0.04996170339735633
4431,305.0499999999994,159,1,0.04996170339735633
4432,305.1499999999994,157,1,0.04996170339735633
4433,56.850000000000136,83,0,0.04996170339735633
4434,305.1999999999994,156,1,0.04996170339735633
4435,304.99999999999943,160,1,0.04996170339735633
4436,306.84999999999957,153,1,0.04996170339735633
4437,306.5499999999994,159,1,0.04996170339735633
4438,305.04999999999944,159,1,0.04996170339735633
4439,58.35000000000015,83,0,0.04996170339735633
4440,306.6499999999996,157,1,0.04996170339735633
4441,303.19999999999936,166,1,0.04996170339735633
4442,305.04999999999944,159,1,0.04996170339735633
4443,304.2999999999993,174,1,0.04996170339735633
4444,306.3499999999994,163,1,0.04996170339735633
4445,306.4499999999994,161,1,0.04996170339735633
4446,307.8499999999994,163,1,0.04996170339735633
4447,303.3999999999994,162,1,0.04996170339735633
4448,303.3999999999996,162,1,0.04996170339735633
4449,306.4499999999994,161,1,0.04996170339735633
4450,303.49999999999943,160,1,0.04996170339735633
4451,302.69999999999925,176,1,0.04996170339735633
4452,306.4499999999994,161,1,0.04996170339735633
4453,306.8499999999995,153,1,0.04996170339735633
4454,306.54999999999944,159,1,0.04996170339735633
4455,306.4999999999994,160,1,0.04996170339735633
4456,304.4999999999993,170,1,0.04996170339735633
4457,304.69999999999936,166,1,0.04996170339735633
4458,118.44999999999975,141,0,0.04996170339735633
4459,307.84999999999945,163,1,0.04996170339735633
4460,306.3999999999994,162,1,0.04996170339735633
4461,303.39999999999947,162,1,0.04996170339735633
4462,306.3999999999994,162,1,0.04996170339735633
4463,304.8999999999994,162,1,0.04996170339735633
4464,307.99999999999943,160,1,0.04996170339735633
4465,305.3999999999995,152,1,0.04996170339735633
4466,308.0999999999994,158,1,0.04996170339735633
4467,305.3999999999996,152,1,0.04996170339735633
4468,306.54999999999944,159,1,0.04996170339735633
4469,120.64999999999979,127,0,0.04996170339735633
4470,307.84999999999945,163,1,0.04996170339735633
4471,306.39999999999947,162,1,0.04996170339735633
4472,306.54999999999944,159,1,0.04996170339735633
4473,302.9499999999993,171,1,0.04996170339735633
4474,306.8499999999995,153,1,0.04996170339735633
4475,303.6499999999995,157,1,0.04996170339735633
4476,303.54999999999944,159,1,0.04996170339735633
4477,303.5499999999994,159,1,0.04996170339735633
4478,306.39999999999947,162,1,0.04996170339735633
4479,305.19999999999953,156,1,0.04996170339735633
4480,304.99999999999943,160,1,0.04996170339735633
4481,304.4499999999993,171,1,0.04996170339735633
4482,303.4499999999994,161,1,0.04996170339735633
4483,307.74999999999943,165,1,0.04996170339735633
4484,307.99999999999943,160,1,0.04996170339735633
4485,303.69999999999953,156,1,0.04996170339735633
4486,303.49999999999943,160,1,0.04996170339735633
4487,303.59999999999945,158,1,0.04996170339735633
4488,306.5999999999994,158,1,0.04996170339735633
4489,305.9499999999993,171,1,0.04996170339735633
4490,303.3999999999994,162,1,0.04996170339735633
4491,306.54999999999944,159,1,0.04996170339735633
4492,303.4499999999994,161,1,0.04996170339735633
4493,306.49999999999943,160,1,0.04996170339735633
4494,305.04999999999944,159,1,0.04996170339735633
4495,305.09999999999945,158,1,0.04996170339735633
4496,307.8999999999994,162,1,0.04996170339735633
4497,304.29999999999956,144,1,0.04996170339735633
4498,308.0999999999994,158,1,0.04996170339735633
4499,303.5499999999994,159,1,0.04996170339735633
4500,303.24999999999943,165,1,0.04996170339735633
4501,306.64999999999947,157,1,0.04996170339735633
4502,306.8499999999995,153,1,0.04996170339735633
4503,307.89999999999947,162,1,0.04996170339735633
4504,306.49999999999943,160,1,0.04996170339735633
4505,306.54999999999944,159,1,0.04996170339735633
4506,304.99999999999943,160,1,0.04996170339735633
4507,305.94999999999925,171,1,0.04996170339735633
4508,306.5499999999994,159,1,0.04996170339735633
4509,303.2999999999994,164,1,0.04996170339735633
4510,306.39999999999947,162,1,0.04996170339735633
4511,56.85000000000015,83,0,0.04996170339735633
4512,305.0999999999994,158,1,0.04996170339735633
4513,306.5999999999994,158,1,0.04996170339735633
4514,119.24999999999979,125,0,0.04996170339735633
4515,308.0999999999994,158,1,0.04996170339735633
4516,306.29999999999944,164,1,0.04996170339735633
4517,306.4499999999994,161,1,0.04996170339735633
4518,306.6499999999994,157,1,0.04996170339735633
4519,305.0999999999994,158,1,0.04996170339735633
4520,303.39999999999935,162,1,0.04996170339735633
4521,303.6999999999995,156,1,0.04996170339735633
4522,119.19999999999983,126,0,0.04996170339735633
4523,306.4999999999994,160,1,0.04996170339735633
4524,303.39999999999935,162,1,0.04996170339735633
4525,303.39999999999935,162,1,0.04996170339735633
4526,305.0999999999994,158,1,0.04996170339735633
4527,303.5999999999994,158,1,0.04996170339735633
4528,303.4999999999994,160,1,0.04996170339735633
4529,306.5999999999994,158,1,0.04996170339735633
4530,306.5499999999994,159,1,0.04996170339735633
4531,305.0999999999994,158,1,0.04996170339735633
4532,304.1499999999993,177,1,0.04996170339735633
4533,305.09999999999945,158,1,0.04996170339735633
4534,303.49999999999943,160,1,0.04996170339735633
4535,303.3499999999994,163,1,0.04996170339735633
4536,303.54999999999944,159,1,0.04996170339735633
4537,304.84999999999945,163,1,0.04996170339735633
4538,303.4499999999994,161,1,0.04996170339735633
4539,303.5499999999994,159,1,0.04996170339735633
4540,304.9999999999994,160,1,0.04996170339735633
4541,303.3999999999994,162,1,0.04996170339735633
4542,303.44999999999953,161,1,0.04996170339735633
4543,306.5499999999994,159,1,0.04996170339735633
4544,304.9499999999994,161,1,0.04996170339735633
4545,120.3499999999997,133,0,0.04996170339735633
4546,306.5999999999994,158,1,0.04996170339735633
4547,306.5499999999994,159,1,0.04996170339735633
4548,306.74999999999943,155,1,0.04996170339735633
4549,306.3999999999994,162,1,0.04996170339735633
4550,306.64999999999947,157,1,0.04996170339735633
4551,306.4999999999994,160,1,0.04996170339735633
4552,308.2499999999995,155,1,0.04996170339735633
4553,304.99999999999943,160,1,0.04996170339735633
4554,303.2499999999994,165,1,0.04996170339735633
4555,305.49999999999955,150,1,0.04996170339735633
4556,306.4499999999995,161,1,0.04996170339735633
4557,303.74999999999955,155,1,0.04996170339735633
4558,303.49999999999943,160,1,0.04996170339735633
4559,303.4499999999994,161,1,0.04996170339735633
4560,47.900000000000134,82,0,0.04996170339735633
4561,303.6499999999994,157,1,0.04996170339735633
4562,307.74999999999943,165,1,0.04996170339735633
4563,118.84999999999978,133,0,0.04996170339735633
4564,306.8499999999995,153,1,0.04996170339735633
4565,304.9499999999994,161,1,0.04996170339735633
4566,303.5499999999994,159,1,0.04996170339735633
4567,306.64999999999947,157,1,0.04996170339735633
4568,304.84999999999945,163,1,0.04996170339735633
4569,303.59999999999945,158,1,0.04996170339735633
4570,303.14999999999935,167,1,0.04996170339735633
4571,305.0499999999994,159,1,0.04996170339735633
4572,305.04999999999944,159,1,0.04996170339735633
4573,308.09999999999945,158,1,0.04996170339735633
4574,303.4999999999994,160,1,0.04996170339735633
4575,303.5499999999994,159,1,0.04996170339735633
4576,305.0999999999994,158,1,0.04996170339735633
4577,306.4499999999994,161,1,0.04996170339735633
4578,305.9499999999993,171,1,0.04996170339735633
4579,121.99999999999976,130,0,0.04996170339735633
4580,305.3499999999995,153,1,0.04996170339735633
4581,303.5499999999994,159,1,0.04996170339735633
4582,306.54999999999944,159,1,0.04996170339735633
4583,304.9999999999994,160,1,0.04996170339735633
4584,306.1499999999993,167,1,0.04996170339735633
4585,306.4499999999994,161,1,0.04996170339735633
4586,303.64999999999947,157,1,0.04996170339735633
4587,305.0499999999994,159,1,0.04996170339735633
4588,303.4499999999994,161,1,0.04996170339735633
4589,306.3499999999994,163,1,0.04996170339735633
4590,303.3999999999994,162,1,0.04996170339735633
4591,303.3499999999995,163,1,0.04996170339735633
4592,305.04999999999944,159,1,0.04996170339735633
4593,305.04999999999944,159,1,0.04996170339735633
4594,305.9999999999993,170,1,0.04996170339735633
4595,306.5999999999994,158,1,0.04996170339735633
4596,303.3999999999994,162,1,0.04996170339735633
4597,306.5999999999994,158,1,0.04996170339735633
4598,306.94999999999953,151,1,0.04996170339735633
4599,306.49999999999943,160,1,0.04996170339735633
4600,303.2499999999994,165,1,0.04996170339735633
4601,306.5999999999994,158,1,0.04996170339735633
4602,305.79999999999933,174,1,0.04996170339735633
4603,303.2999999999994,164,1,0.04996170339735633
4604,58.20000000000016,86,0,0.04996170339735633
4605,304.99999999999943,160,1,0.04996170339735633
4606,306.5999999999995,158,1,0.04996170339735633
4607,303.4499999999994,161,1,0.04996170339735633
4608,308.0499999999994,159,1,0.04996170339735633
4609,307.79999999999944,164,1,0.04996170339735633
4610,307.8999999999994,162,1,0.04996170339735633
4611,305.0499999999994,159,1,0.04996170339735633
4612,308.0999999999994,158,1,0.04996170339735633
4613,308.0999999999994,158,1,0.04996170339735633
4614,302.84999999999934,173,1,0.04996170339735633
4615,307.8999999999994,162,1,0.04996170339735633
4616,307.9499999999994,161,1,0.04996170339735633
4617,306.4499999999994,161,1,0.04996170339735633
4618,303.0499999999994,169,1,0.04996170339735633
4619,303.49999999999943,160,1,0.04996170339735633
4620,306.4999999999994,160,1,0.04996170339735633
4621,306.4499999999994,161,1,0.04996170339735633
4622,303.49999999999943,160,1,0.04996170339735633
4623,303.5499999999994,159,1,0.04996170339735633
4624,303.54999999999944,159,1,0.04996170339735633
4625,303.3999999999994,162,1,0.04996170339735633
4626,305.0499999999994,159,1,0.04996170339735633
4627,308.04999999999944,159,1,0.04996170339735633
4628,303.3499999999994,163,1,0.04996170339735633
4629,307.4999999999993,170,1,0.04996170339735633
4630,119.29999999999977,124,0,0.04996170339735633
4631,308.0999999999994,158,1,0.04996170339735633
4632,307.9999999999994,160,1,0.04996170339735633
4633,307.99999999999943,160,1,0.04996170339735633
4634,305.04999999999944,159,1,0.04996170339735633
4635,119.04999999999983,129,0,0.04996170339735633
4636,306.5499999999994,159,1,0.04996170339735633
4637,306.8999999999995,152,1,0.04996170339735633
4638,307.99999999999943,160,1,0.04996170339735633
4639,307.99999999999943,160,1,0.04996170339735633
4640,303.3499999999994,163,1,0.04996170339735633
4641,306.5999999999994,158,1,0.04996170339735633
4642,307.99999999999943,160,1,0.04996170339735633
4643,302.7499999999993,175,1,0.04996170339735633
4644,308.04999999999944,159,1,0.04996170339735633
4645,308.04999999999944,159,1,0.04996170339735633
4646,308.09999999999945,158,1,0.04996170339735633
4647,306.3999999999994,162,1,0.04996170339735633
4648,306.4499999999994,161,1,0.04996170339735633
4649,306.5999999999994,158,1,0.04996170339735633
4650,307.99999999999943,160,1,0.04996170339735633
4651,118.54999999999974,139,0,0.04996170339735633
4652,308.04999999999944,159,1,0.04996170339735633
4653,303.3999999999994,162,1,0.04996170339735633
4654,303.74999999999955,155,1,0.04996170339735633
4655,307.8999999999994,162,1,0.04996170339735633
4656,118.84999999999975,133,0,0.04996170339735633
4657,306.4999999999994,160,1,0.04996170339735633
4658,306.49999999999943,160,1,0.04996170339735633
4659,303.44999999999936,161,1,0.04996170339735633
4660,303.74999999999955,155,1,0.04996170339735633
4661,303.2999999999994,164,1,0.04996170339735633
4662,303.4499999999994,161,1,0.04996170339735633
4663,303.5499999999994,159,1,0.04996170339735633
4664,306.79999999999956,154,1,0.04996170339735633
4665,303.4999999999994,160,1,0.04996170339735633
4666,304.9999999999994,160,1,0.04996170339735633
4667,303.1999999999994,166,1,0.04996170339735633
4668,306.54999999999944,159,1,0.04996170339735633
4669,304.99999999999943,160,1,0.04996170339735633
4670,306.5499999999994,159,1,0.04996170339735633
4671,43.45000000000013,81,0,0.04996170339735633
4672,306.6499999999994,157,1,0.04996170339735633
4673,306.5499999999994,159,1,0.04996170339735633
4674,306.5499999999994,159,1,0.04996170339735633
4675,303.3499999999994,163,1,0.04996170339735633
4676,303.5999999999994,158,1,0.04996170339735633
4677,307.79999999999944,164,1,0.04996170339735633
4678,306.39999999999947,162,1,0.04996170339735633
4679,119.84999999999972,143,0,0.04996170339735633
4680,58.450000000000145,81,0,0.04996170339735633
4681,303.2999999999994,164,1,0.04996170339735633
4682,306.5999999999994,158,1,0.04996170339735633
4683,122.14999999999979,127,0,0.04996170339735633
4684,308.3499999999995,153,1,0.04996170339735633
4685,305.0999999999994,158,1,0.04996170339735633
4686,304.9499999999994,161,1,0.04996170339735633
4687,303.3999999999994,162,1,0.04996170339735633
4688,303.39999999999935,162,1,0.04996170339735633
4689,306.59999999999945,158,1,0.04996170339735633
4690,306.4999999999994,160,1,0.04996170339735633
4691,305.1499999999994,157,1,0.04996170339735633
4692,306.24999999999943,165,1,0.04996170339735633
4693,306.3999999999994,162,1,0.04996170339735633
4694,306.54999999999944,159,1,0.04996170339735633
4695,306.4499999999994,161,1,0.04996170339735633
4696,303.49999999999943,160,1,0.04996170339735633
4697,303.5499999999994,159,1,0.04996170339735633
4698,306.4499999999995,161,1,0.04996170339735633
4699,303.2499999999993,165,1,0.04996170339735633
4700,306.3999999999994,162,1,0.04996170339735633
4701,304.5999999999993,168,1,0.04996170339735633
4702,306.5499999999994,159,1,0.04996170339735633
4703,306.59999999999945,158,1,0.04996170339735633
4704,303.3499999999994,163,1,0.04996170339735633
4705,303.5499999999994,159,1,0.04996170339735633
4706,306.4499999999994,161,1,0.04996170339735633
4707,306.4999999999994,160,1,0.04996170339735633
4708,303.5499999999994,159,1,0.04996170339735633
4709,305.9499999999993,171,1,0.04996170339735633
4710,305.9999999999993,170,1,0.04996170339735633
4711,307.8999999999994,162,1,0.04996170339735633
4712,306.4499999999994,161,1,0.04996170339735633
4713,306.5499999999995,159,1,0.04996170339735633
4714,306.5999999999994,158,1,0.04996170339735633
4715,306.49999999999943,160,1,0.04996170339735633
4716,304.99999999999943,160,1,0.04996170339735633
4717,306.5999999999994,158,1,0.04996170339735633
4718,120.59999999999981,128,0,0.04996170339735633
4719,303.99999999999955,150,1,0.04996170339735633
4720,303.59999999999945,158,1,0.04996170339735633
4721,303.2999999999994,164,1,0.04996170339735633
4722,305.1499999999996,157,1,0.04996170339735633
4723,303.3999999999994,162,1,0.04996170339735633
4724,303.4499999999994,161,1,0.04996170339735633
4725,306.5499999999994,159,1,0.04996170339735633
4726,305.84999999999934,173,1,0.04996170339735633
4727,305.04999999999944,159,1,0.04996170339735633
4728,118.84999999999981,133,0,0.04996170339735633
4729,304.9999999999994,160,1,0.04996170339735633
4730,305.0999999999994,158,1,0.04996170339735633
4731,306.54999999999944,159,1,0.04996170339735633
4732,306.5999999999994,158,1,0.04996170339735633
4733,119.2999999999998,124,0,0.04996170339735633
4734,303.2499999999994,165,1,0.04996170339735633
4735,306.5499999999994,159,1,0.04996170339735633
4736,308.19999999999953,156,1,0.04996170339735633
4737,303.2499999999994,165,1,0.04996170339735633
4738,306.49999999999943,160,1,0.04996170339735633
4739,305.89999999999935,172,1,0.04996170339735633
4740,304.79999999999944,164,1,0.04996170339735633
4741,307.8499999999994,163,1,0.04996170339735633
4742,305.0999999999994,158,1,0.04996170339735633
4743,306.49999999999943,160,1,0.04996170339735633
4744,304.39999999999935,172,1,0.04996170339735633
4745,306.49999999999943,160,1,0.04996170339735633
4746,303.79999999999956,154,1,0.04996170339735633
4747,308.04999999999944,159,1,0.04996170339735633
4748,303.24999999999943,165,1,0.04996170339735633
4749,303.2999999999994,164,1,0.04996170339735633
4750,306.39999999999947,162,1,0.04996170339735633
4751,303.2999999999994,164,1,0.04996170339735633
4752,306.5999999999994,158,1,0.04996170339735633
4753,306.5999999999994,158,1,0.04996170339735633
4754,306.14999999999935,167,1,0.04996170339735633
4755,305.0999999999994,158,1,0.04996170339735633
4756,304.79999999999944,164,1,0.04996170339735633
4757,303.3999999999994,162,1,0.04996170339735633
4758,306.24999999999943,165,1,0.04996170339735633
4759,303.3999999999994,162,1,0.04996170339735633
4760,303.44999999999936,161,1,0.04996170339735633
4761,305.0999999999994,158,1,0.04996170339735633
4762,307.9499999999995,161,1,0.04996170339735633
4763,305.0999999999994,158,1,0.04996170339735633
4764,303.0999999999994,168,1,0.04996170339735633
4765,306.79999999999944,154,1,0.04996170339735633
4766,306.34999999999945,163,1,0.04996170339735633
4767,305.04999999999944,159,1,0.04996170339735633
4768,304.9499999999995,161,1,0.04996170339735633
4769,304.9999999999994,160,1,0.04996170339735633
4770,306.5999999999994,158,1,0.04996170339735633
4771,306.49999999999943,160,1,0.04996170339735633
4772,304.99999999999943,160,1,0.04996170339735633
4773,306.5499999999994,159,1,0.04996170339735633
4774,306.6499999999995,157,1,0.04996170339735633
4775,305.29999999999956,154,1,0.04996170339735633
4776,308.04999999999944,159,1,0.04996170339735633
4777,123.74999999999979,125,0,0.04996170339735633
4778,303.44999999999936,161,1,0.04996170339735633
4779,306.5499999999994,159,1,0.04996170339735633
4780,305.0999999999994,158,1,0.04996170339735633
4781,302.8999999999993,172,1,0.04996170339735633
4782,303.34999999999945,163,1,0.04996170339735633
4783,303.4499999999994,161,1,0.04996170339735633
4784,306.5499999999994,159,1,0.04996170339735633
4785,303.4499999999994,161,1,0.04996170339735633
4786,306.4499999999994,161,1,0.04996170339735633
4787,303.5499999999994,159,1,0.04996170339735633
4788,308.0999999999994,158,1,0.04996170339735633
4789,306.5999999999994,158,1,0.04996170339735633
4790,303.4499999999994,161,1,0.04996170339735633
4791,303.4499999999994,161,1,0.04996170339735633
4792,303.4999999999994,160,1,0.04996170339735633
4793,306.5999999999994,158,1,0.04996170339735633
4794,308.04999999999944,159,1,0.04996170339735633
4795,306.4999999999994,160,1,0.04996170339735633
4796,303.3999999999994,162,1,0.04996170339735633
4797,58.35000000000015,83,0,0.04996170339735633
4798,306.5499999999994,159,1,0.04996170339735633
4799,303.39999999999947,162,1,0.04996170339735633
4800,119.2999999999998,124,0,0.04996170339735633
4801,306.49999999999943,160,1,0.04996170339735633
4802,305.0999999999994,158,1,0.04996170339735633
4803,306.49999999999943,160,1,0.04996170339735633
4804,303.8499999999995,153,1,0.04996170339735633
4805,303.4999999999994,160,1,0.04996170339735633
4806,305.0999999999994,158,1,0.04996170339735633
4807,305.0999999999994,158,1,0.04996170339735633
4808,303.5999999999994,158,1,0.04996170339735633
4809,303.7999999999996,154,1,0.04996170339735633
4810,56.85000000000015,83,0,0.04996170339735633
4811,308.09999999999945,158,1,0.04996170339735633
4812,303.3999999999994,162,1,0.04996170339735633
4813,306.5999999999994,158,1,0.04996170339735633
4814,306.3999999999994,162,1,0.04996170339735633
4815,306.5499999999994,159,1,0.04996170339735633
4816,305.0499999999994,159,1,0.04996170339735633
4817,307.99999999999943,160,1,0.04996170339735633
4818,308.0499999999994,159,1,0.04996170339735633
4819,303.19999999999936,166,1,0.04996170339735633
4820,306.4499999999995,161,1,0.04996170339735633
4821,307.9999999999994,160,1,0.04996170339735633
4822,119.14999999999982,127,0,0.04996170339735633
4823,305.0999999999994,158,1,0.04996170339735633
4824,304.49999999999926,170,1,0.04996170339735633
4825,305.29999999999956,154,1,0.04996170339735633
4826,303.39999999999947,162,1,0.04996170339735633
4827,303.1999999999994,166,1,0.04996170339735633
4828,303.39999999999947,162,1,0.04996170339735633
4829,303.5499999999994,159,1,0.04996170339735633
4830,306.5999999999994,158,1,0.04996170339735633
4831,119.1999999999998,126,0,0.04996170339735633
4832,306.8999999999995,152,1,0.04996170339735633
4833,307.9499999999994,161,1,0.04996170339735633
4834,303.5999999999994,158,1,0.04996170339735633
4835,306.5499999999994,159,1,0.04996170339735633
4836,304.9499999999994,161,1,0.04996170339735633
4837,305.0999999999994,158,1,0.04996170339735633
4838,306.54999999999944,159,1,0.04996170339735633
4839,303.44999999999936,161,1,0.04996170339735633
4840,304.4999999999993,170,1,0.04996170339735633
4841,303.49999999999943,160,1,0.04996170339735633
4842,303.9499999999996,151,1,0.04996170339735633
4843,305.9999999999993,170,1,0.04996170339735633
4844,58.450000000000145,81,0,0.04996170339735633
4845,303.2999999999994,164,1,0.04996170339735633
4846,308.0499999999994,159,1,0.04996170339735633
4847,306.4999999999994,160,1,0.04996170339735633
4848,306.84999999999957,153,1,0.04996170339735633
4849,302.8999999999993,172,1,0.04996170339735633
4850,308.09999999999945,158,1,0.04996170339735633
4851,303.3999999999994,162,1,0.04996170339735633
4852,306.1999999999994,166,1,0.04996170339735633
4853,306.5499999999994,159,1,0.04996170339735633
4854,306.24999999999943,165,1,0.04996170339735633
4855,303.84999999999957,153,1,0.04996170339735633
4856,306.5499999999995,159,1,0.04996170339735633
4857,303.3999999999994,162,1,0.04996170339735633
4858,306.54999999999944,159,1,0.04996170339735633
4859,303.3999999999994,162,1,0.04996170339735633
4860,305.94999999999925,171,1,0.04996170339735633
4861,304.39999999999947,172,1,0.04996170339735633
4862,307.8999999999994,162,1,0.04996170339735633
4863,306.49999999999943,160,1,0.04996170339735633
4864,303.14999999999964,167,1,0.04996170339735633
4865,306.49999999999943,160,1,0.04996170339735633
4866,306.5999999999994,158,1,0.04996170339735633
4867,303.49999999999943,160,1,0.04996170339735633
4868,304.99999999999943,160,1,0.04996170339735633
4869,303.3999999999994,162,1,0.04996170339735633
4870,306.59999999999945,158,1,0.04996170339735633
4871,303.2999999999994,164,1,0.04996170339735633
4872,305.9999999999993,170,1,0.04996170339735633
4873,306.49999999999943,160,1,0.04996170339735633
4874,303.3499999999994,163,1,0.04996170339735633
4875,303.3999999999994,162,1,0.04996170339735633
4876,308.09999999999945,158,1,0.04996170339735633
4877,306.4999999999994,160,1,0.04996170339735633
4878,303.49999999999943,160,1,0.04996170339735633
4879,306.54999999999944,159,1,0.04996170339735633
4880,305.0999999999994,158,1,0.04996170339735633
4881,306.5499999999994,159,1,0.04996170339735633
4882,306.4999999999994,160,1,0.04996170339735633
4883,122.14999999999979,127,0,0.04996170339735633
4884,306.54999999999944,159,1,0.04996170339735633
4885,303.5499999999994,159,1,0.04996170339735633
4886,118.69999999999983,136,0,0.04996170339735633
4887,305.9999999999993,170,1,0.04996170339735633
4888,306.54999999999944,159,1,0.04996170339735633
4889,304.8999999999994,162,1,0.04996170339735633
4890,308.14999999999947,157,1,0.04996170339735633
4891,306.59999999999945,158,1,0.04996170339735633
4892,303.09999999999934,168,1,0.04996170339735633
4893,306.3499999999994,163,1,0.04996170339735633
4894,305.0999999999994,158,1,0.04996170339735633
4895,121.99999999999979,130,0,0.04996170339735633
4896,302.8499999999993,173,1,0.04996170339735633
4897,306.54999999999944,159,1,0.04996170339735633
4898,306.99999999999955,150,1,0.04996170339735633
4899,303.44999999999936,161,1,0.04996170339735633
4900,308.0999999999994,158,1,0.04996170339735633
4901,305.0999999999994,158,1,0.04996170339735633
4902,302.9999999999993,170,1,0.04996170339735633
4903,303.69999999999953,156,1,0.04996170339735633
4904,305.44999999999953,151,1,0.04996170339735633
4905,306.69999999999953,156,1,0.04996170339735633
4906,304.99999999999943,160,1,0.04996170339735633
4907,304.3499999999993,173,1,0.04996170339735633
4908,303.49999999999943,160,1,0.04996170339735633
4909,303.2999999999994,164,1,0.04996170339735633
4910,304.89999999999947,162,1,0.04996170339735633
4911,118.54999999999968,139,0,0.04996170339735633
4912,302.7499999999994,175,1,0.04996170339735633
4913,306.49999999999943,160,1,0.04996170339735633
4914,307.4999999999993,170,1,0.04996170339735633
4915,306.59999999999945,158,1,0.04996170339735633
4916,303.4999999999994,160,1,0.04996170339735633
4917,306.5999999999994,158,1,0.04996170339735633
4918,303.4999999999994,160,1,0.04996170339735633
4919,304.9499999999994,161,1,0.04996170339735633
4920,303.49999999999943,160,1,0.04996170339735633
4921,305.0999999999994,158,1,0.04996170339735633
4922,305.0499999999994,159,1,0.04996170339735633
4923,306.5999999999994,158,1,0.04996170339735633
4924,306.49999999999943,160,1,0.04996170339735633
4925,119.24999999999979,125,0,0.04996170339735633
4926,303.4999999999994,160,1,0.04996170339735633
4927,303.49999999999943,160,1,0.04996170339735633
4928,58.450000000000145,81,0,0.04996170339735633
4929,303.3999999999994,162,1,0.04996170339735633
4930,306.5499999999994,159,1,0.04996170339735633
4931,118.84999999999972,133,0,0.04996170339735633
4932,119.14999999999982,127,0,0.04996170339735633
4933,303.4999999999994,160,1,0.04996170339735633
4934,304.99999999999943,160,1,0.04996170339735633
4935,303.3999999999994,162,1,0.04996170339735633
4936,118.74999999999973,135,0,0.04996170339735633
4937,304.89999999999947,162,1,0.04996170339735633
4938,306.4499999999994,161,1,0.04996170339735633
4939,303.5499999999995,159,1,0.04996170339735633
4940,306.39999999999947,162,1,0.04996170339735633
4941,118.54999999999966,139,0,0.04996170339735633
4942,303.4499999999994,161,1,0.04996170339735633
4943,306.5499999999994,159,1,0.04996170339735633
4944,306.7499999999995,155,1,0.04996170339735633
4945,304.9499999999995,161,1,0.04996170339735633
4946,53.950000000000145,81,0,0.04996170339735633
4947,303.4999999999994,160,1,0.04996170339735633
4948,306.5999999999994,158,1,0.04996170339735633
4949,303.3499999999994,163,1,0.04996170339735633
4950,306.49999999999943,160,1,0.04996170339735633
4951,118.54999999999968,139,0,0.04996170339735633
4952,306.5999999999994,158,1,0.04996170339735633
4953,305.14999999999947,157,1,0.04996170339735633
4954,119.0499999999998,129,0,0.04996170339735633
4955,306.4499999999994,161,1,0.04996170339735633
4956,303.3499999999994,163,1,0.04996170339735633
4957,303.44999999999936,161,1,0.04996170339735633
4958,303.3499999999994,163,1,0.04996170339735633
4959,118.69999999999972,136,0,0.04996170339735633
4960,303.3999999999994,162,1,0.04996170339735633
4961,307.9999999999994,160,1,0.04996170339735633
4962,308.29999999999956,154,1,0.04996170339735633
4963,303.6999999999994,156,1,0.04996170339735633
4964,306.4499999999994,161,1,0.04996170339735633
4965,303.6499999999995,157,1,0.04996170339735633
4966,306.5999999999994,158,1,0.04996170339735633
4967,303.3499999999994,163,1,0.04996170339735633
4968,306.54999999999944,159,1,0.04996170339735633
4969,306.5499999999994,159,1,0.04996170339735633
4970,303.3999999999994,162,1,0.04996170339735633
4971,306.4499999999994,161,1,0.04996170339735633
4972,303.49999999999943,160,1,0.04996170339735633
4973,303.44999999999953,161,1,0.04996170339735633
4974,303.5499999999994,159,1,0.04996170339735633
4975,303.39999999999935,162,1,0.04996170339735633
4976,304.4999999999993,170,1,0.04996170339735633
4977,305.0999999999994,158,1,0.04996170339735633
4978,305.44999999999953,151,1,0.04996170339735633
4979,306.3499999999994,163,1,0.04996170339735633
4980,303.49999999999943,160,1,0.04996170339735633
4981,303.7499999999995,155,1,0.04996170339735633
4982,306.8999999999995,152,1,0.04996170339735633
4983,306.5999999999994,158,1,0.04996170339735633
4984,56.950000000000145,81,0,0.04996170339735633
4985,303.49999999999955,160,1,0.04996170339735633
4986,307.79999999999944,164,1,0.04996170339735633
4987,303.3999999999994,162,1,0.04996170339735633
4988,306.5999999999994,158,1,0.04996170339735633
4989,303.29999999999933,164,1,0.04996170339735633
4990,305.0499999999994,159,1,0.04996170339735633
4991,303.6499999999995,157,1,0.04996170339735633
4992,306.3499999999994,163,1,0.04996170339735633
4993,306.5999999999994,158,1,0.04996170339735633
4994,303.44999999999936,161,1,0.04996170339735633
4995,306.5499999999994,159,1,0.04996170339735633
4996,306.69999999999953,156,1,0.04996170339735633
4997,306.5499999999994,159,1,0.04996170339735633
4998,305.04999999999956,159,1,0.04996170339735633
4999,305.0499999999994,159,1,0.04996170339735633
5000,306.54999999999944,159,1,0.04996170339735633
