episod,recompensa,pasi,succes
1,28.900000000000176,252,0
2,34.950000000000585,311,0
3,32.7000000000006,356,0
4,25.950000000000585,311,0
5,35.100000000000506,398,0
6,43.85000000000058,313,0
7,26.25000000000061,365,0
8,37.80000000000068,344,0
9,22.90000000000053,432,0
10,37.050000000000495,269,0
11,31.950000000000287,311,0
12,39.250000000000426,315,0
13,28.100000000000392,268,0
14,26.050000000000367,309,0
15,43.50000000000044,320,0
16,20.450000000000315,421,0
17,33.950000000000486,391,0
18,30.80000000000058,394,0
19,29.050000000000296,399,0
20,34.05000000000048,359,0
21,31.400000000000333,352,0
22,33.80000000000052,334,0
23,43.500000000000355,230,0
24,30.65000000000036,277,0
25,33.80000000000034,244,0
26,31.700000000000415,316,0
27,22.700000000001026,496,0
28,43.400000000000546,352,0
29,36.80000000000035,244,0
30,25.15000000000056,327,0
31,30.45000000000057,311,0
32,33.7000000000004,306,0
33,37.10000000000039,238,0
34,29.200000000000458,276,0
35,36.800000000000594,274,0
36,22.80000000000068,374,0
37,47.90000000000029,232,0
38,42.000000000000554,350,0
39,25.35000000000069,323,0
40,39.40000000000039,312,0
41,27.65000000000039,277,0
42,29.350000000000307,243,0
43,30.600000000000733,428,0
44,27.05000000000061,499,0
45,40.40000000000042,202,0
46,36.05000000000061,319,0
47,39.15000000000042,317,0
48,29.05000000000055,279,0
49,28.90000000000049,432,0
50,27.600000000000293,428,0
51,33.00000000000031,320,0
52,39.050000000000566,349,0
53,27.2000000000007,556,0
54,39.900000000000375,392,0
55,28.250000000000767,355,0
56,32.45000000000054,511,0
57,44.200000000000344,276,0
58,27.90000000000036,272,0
59,40.10000000000039,328,0
60,28.950000000000287,251,0
61,25.50000000000024,320,0
62,29.350000000000648,393,0
63,29.05000000000061,549,0
64,47.75000000000048,235,0
65,26.900000000000745,442,0
66,29.90000000000036,232,0
67,42.00000000000041,320,0
68,32.80000000000037,234,0
69,41.850000000000776,353,0
70,24.050000000000438,349,0
71,30.60000000000042,278,0
72,45.100000000000335,288,0
73,27.30000000000041,284,0
74,34.20000000000037,236,0
75,30.650000000000205,217,0
76,33.85000000000038,273,0
77,34.900000000000276,282,0
78,22.70000000000033,376,0
79,38.30000000000058,424,0
80,33.65000000000046,277,0
81,34.65000000000053,347,0
82,35.75000000000058,325,0
83,30.900000000000404,362,0
84,26.900000000000517,322,0
85,34.90000000000053,312,0
86,33.20000000000043,286,0
87,30.550000000000537,369,0
88,34.250000000000426,355,0
89,27.950000000000486,271,0
90,23.950000000000628,351,0
91,22.800000000000253,434,0
92,42.100000000000406,198,0
93,39.50000000000033,280,0
94,46.800000000000466,314,0
95,30.450000000000443,281,0
96,26.500000000000313,300,0
97,44.00000000000041,310,0
98,42.40000000000069,312,0
99,36.500000000000426,280,0
100,25.800000000000367,314,0
101,32.40000000000042,392,0
102,35.6500000000005,237,0
103,33.85000000000048,273,0
104,35.2000000000005,276,0
105,23.950000000000244,351,0
106,21.500000000000384,490,0
107,29.95000000000084,381,0
108,41.200000000000415,276,0
109,21.05000000000112,709,0
110,27.900000000000446,272,0
111,29.50000000000054,390,0
112,34.750000000000384,285,0
113,24.50000000000074,430,0
114,24.75000000000044,485,0
115,34.00000000000037,270,0
116,28.350000000000648,353,0
117,35.65000000000039,237,0
118,29.15000000000032,367,0
119,37.600000000000406,258,0
120,30.90000000000063,392,0
121,35.05000000000054,399,0
122,44.300000000000495,274,0
123,25.10000000000052,358,0
124,36.70000000000017,276,0
125,42.40000000000073,372,0
126,29.35000000000042,363,0
127,43.300000000000665,384,0
128,37.10000000000035,238,0
129,36.750000000000426,275,0
130,31.00000000000047,390,0
131,30.800000000000452,274,0
132,26.850000000000378,353,0
133,40.4500000000006,351,0
134,32.250000000000455,275,0
135,29.750000000000426,325,0
136,31.00000000000064,360,0
137,28.650000000000446,317,0
138,25.700000000000628,316,0
139,24.050000000000395,349,0
140,28.35000000000059,383,0
141,30.450000000000358,221,0
142,27.000000000000355,350,0
143,27.000000000000412,290,0
144,32.50000000000044,240,0
145,37.05000000000081,389,0
146,26.50000000000044,300,0
147,37.650000000000276,197,0
148,35.70000000000046,386,0
149,25.45000000000077,441,0
150,38.850000000000264,353,0
151,32.700000000000685,356,0
152,28.350000000000207,263,0
153,27.25000000000054,285,0
154,26.35000000000008,363,0
155,24.10000000000052,348,0
156,26.350000000000477,303,0
157,28.250000000000412,355,0
158,38.90000000000036,232,0
159,26.60000000000032,388,0
160,21.10000000000062,438,0
161,28.650000000000176,257,0
162,31.750000000000625,345,0
163,28.500000000000725,410,0
164,35.25000000000033,275,0
165,27.200000000000415,436,0
166,30.500000000000526,370,0
167,35.4500000000008,391,0
168,27.900000000000432,272,0
169,40.75000000000057,315,0
170,25.700000000000344,316,0
171,30.300000000000153,284,0
172,32.50000000000067,330,0
173,29.100000000000293,248,0
174,38.50000000000034,390,0
175,40.15000000000053,327,0
176,28.40000000000056,352,0
177,37.550000000000736,379,0
178,31.550000000000423,439,0
179,26.05000000000041,369,0
180,42.100000000000534,348,0
181,28.350000000000364,323,0
182,44.050000000000324,249,0
183,33.25000000000021,195,0
184,30.850000000000804,363,0
185,33.550000000000566,309,0
186,32.150000000000475,277,0
187,26.950000000000443,321,0
188,34.20000000000033,266,0
189,23.75000000000017,355,0
190,31.900000000000503,312,0
191,30.600000000000378,218,0
192,41.85000000000029,233,0
193,42.800000000000296,274,0
194,38.35000000000035,273,0
195,26.300000000000267,304,0
196,29.55000000000028,239,0
197,43.4000000000006,382,0
198,36.85000000000049,303,0
199,34.85000000000062,463,0
200,26.850000000000392,293,0
201,30.400000000000517,312,0
202,32.80000000000078,384,0
203,39.550000000000594,429,0
204,27.10000000000042,288,0
205,46.75000000000057,315,0
206,33.30000000000037,344,0
207,24.050000000000736,349,0
208,39.90000000000032,242,0
209,33.85000000000042,273,0
210,29.000000000000227,400,0
211,31.150000000000645,477,0
212,33.40000000000025,312,0
213,47.30000000000044,244,0
214,41.15000000000032,277,0
215,36.90000000000056,272,0
216,31.200000000000543,356,0
217,36.500000000000384,280,0
218,36.10000000000065,318,0
219,20.500000000000554,540,0
220,39.10000000000062,318,0
221,40.30000000000037,234,0
222,31.350000000000392,233,0
223,24.60000000000042,338,0
224,30.70000000000043,276,0
225,43.15000000000053,387,0
226,29.650000000000844,447,0
227,31.00000000000084,390,0
228,25.200000000000387,386,0
229,30.150000000000404,317,0
230,39.000000000000426,290,0
231,41.80000000000034,204,0
232,35.950000000000415,321,0
233,25.150000000000503,387,0
234,39.40000000000056,312,0
235,28.100000000000193,268,0
236,30.600000000000435,308,0
237,30.050000000000267,229,0
238,24.7000000000004,426,0
239,35.75000000000041,235,0
240,37.25000000000058,325,0
241,26.950000000000415,291,0
242,28.90000000000049,282,0
243,19.50000000000054,440,0
244,31.00000000000051,360,0
245,24.750000000000483,425,0
246,36.25000000000041,315,0
247,35.80000000000035,234,0
248,27.500000000000284,280,0
249,28.10000000000035,268,0
250,39.7500000000005,275,0
251,26.400000000000304,302,0
252,35.05000000000051,279,0
253,20.25000000000054,425,0
254,24.25000000000091,465,0
255,31.45000000000026,321,0
256,32.400000000000546,362,0
257,38.45000000000057,271,0
258,24.450000000000742,461,0
259,33.050000000000566,349,0
260,30.90000000000056,272,0
261,38.100000000000364,428,0
262,34.650000000000546,347,0
263,29.450000000000514,361,0
264,36.50000000000051,280,0
265,33.55000000000034,279,0
266,20.450000000000813,631,0
267,38.00000000000061,280,0
268,35.000000000000526,310,0
269,27.0000000000003,290,0
270,30.450000000000287,311,0
271,31.200000000000387,326,0
272,29.500000000000583,390,0
273,34.80000000000069,434,0
274,28.80000000000051,314,0
275,30.650000000000247,307,0
276,48.20000000000027,196,0
277,15.250000000000298,525,0
278,34.65000000000042,287,0
279,25.900000000000333,312,0
280,32.75000000000034,235,0
281,27.150000000000432,287,0
282,28.850000000000307,253,0
283,26.600000000000165,298,0
284,24.10000000000079,498,0
285,34.150000000000716,357,0
286,24.950000000000514,391,0
287,27.800000000000296,394,0
288,28.50000000000047,260,0
289,25.55000000000055,439,0
290,33.30000000000028,194,0
291,42.700000000000415,366,0
292,41.35000000000048,393,0
293,39.700000000000344,276,0
294,28.70000000000033,256,0
295,33.4500000000004,461,0
296,42.45000000000043,311,0
297,26.000000000000185,310,0
298,45.30000000000061,314,0
299,26.100000000000634,338,0
300,23.85000000000079,443,0
301,34.45000000000037,351,0
302,27.50000000000054,400,0
303,33.50000000000041,310,0
304,36.60000000000032,278,0
305,43.65000000000046,317,0
306,30.80000000000021,214,0
307,27.250000000000753,345,0
308,26.050000000000296,399,0
309,27.25000000000051,285,0
310,40.80000000000064,314,0
311,37.70000000000054,346,0
312,25.2000000000004,326,0
313,33.40000000000059,312,0
314,26.10000000000025,308,0
315,24.950000000000372,331,0
316,31.85000000000035,283,0
317,39.55000000000048,279,0
318,28.800000000000338,284,0
319,41.70000000000071,386,0
320,34.20000000000037,356,0
321,26.60000000000076,388,0
322,29.350000000000435,393,0
323,31.600000000000477,348,0
324,34.80000000000058,344,0
325,25.200000000000585,386,0
326,22.15000000000049,387,0
327,20.450000000000884,451,0
328,30.400000000000333,282,0
329,36.750000000000355,275,0
330,26.10000000000028,428,0
331,38.050000000000736,429,0
332,26.750000000000597,295,0
333,28.650000000000375,437,0
334,31.65000000000029,317,0
335,40.800000000000466,314,0
336,24.85000000000032,393,0
337,41.2500000000005,275,0
338,32.45000000000047,271,0
339,26.10000000000028,308,0
340,22.950000000000543,371,0
341,17.950000000000173,471,0
342,25.85000000000049,403,0
343,25.200000000000514,326,0
344,30.100000000000364,228,0
345,41.70000000000067,326,0
346,31.500000000000426,290,0
347,36.50000000000051,310,0
348,28.80000000000051,314,0
349,24.50000000000061,460,0
350,47.10000000000049,278,0
351,25.45000000000043,351,0
352,41.50000000000044,390,0
353,26.10000000000049,308,0
354,36.150000000000446,287,0
355,36.70000000000047,366,0
356,29.050000000000438,249,0
357,42.35000000000046,313,0
358,22.500000000000355,380,0
359,30.65000000000029,277,0
360,32.40000000000043,272,0
361,39.000000000000384,230,0
362,41.80000000000044,354,0
363,27.65000000000053,427,0
364,27.05000000000061,349,0
365,26.90000000000022,292,0
366,29.450000000000628,361,0
367,108.40000000000016,582,0
368,32.35000000000042,273,0
369,26.700000000000458,386,0
370,30.65000000000063,307,0
371,39.100000000000406,318,0
372,36.00000000000027,320,0
373,28.500000000000554,350,0
374,35.150000000000546,367,0
375,22.650000000000503,377,0
376,32.80000000000058,324,0
377,28.60000000000052,378,0
378,31.65000000000049,347,0
379,41.25000000000044,275,0
380,30.750000000000455,275,0
381,39.55000000000054,309,0
382,27.40000000000046,312,0
383,45.9000000000005,272,0
384,27.800000000000267,484,0
385,37.10000000000052,298,0
386,36.50000000000057,310,0
387,29.050000000000438,249,0
388,27.650000000000247,277,0
389,27.200000000000173,286,0
390,28.800000000000537,314,0
391,25.750000000000526,315,0
392,30.550000000000225,219,0
393,27.60000000000035,308,0
394,37.150000000000475,357,0
395,37.100000000000676,358,0
396,30.450000000000415,311,0
397,45.10000000000052,318,0
398,32.65000000000033,237,0
399,33.900000000000475,272,0
400,44.60000000000046,238,0
401,33.90000000000029,242,0
402,30.550000000000352,219,0
403,27.30000000000048,314,0
404,36.10000000000056,318,0
405,30.600000000000378,308,0
406,29.00000000000037,310,0
407,33.650000000000404,277,0
408,38.90000000000043,352,0
409,36.30000000000058,314,0
410,38.35000000000046,273,0
411,29.60000000000042,328,0
412,41.050000000000296,279,0
413,29.150000000000304,247,0
414,32.20000000000037,336,0
415,27.050000000000395,289,0
416,33.150000000000276,467,0
417,28.100000000000506,328,0
418,38.85000000000058,473,0
419,42.200000000000486,316,0
420,30.950000000000813,361,0
421,31.650000000000347,347,0
422,32.75000000000044,325,0
423,29.7000000000005,266,0
424,32.9500000000005,351,0
425,35.150000000000375,397,0
426,30.800000000000722,424,0
427,40.25000000000078,385,0
428,23.250000000000327,365,0
429,25.75000000000024,345,0
430,35.100000000000506,308,0
431,43.35000000000049,353,0
432,38.600000000000364,358,0
433,42.20000000000044,316,0
434,30.700000000000628,426,0
435,35.55000000000025,269,0
436,18.950000000000273,451,0
437,36.90000000000052,272,0
438,38.2500000000003,425,0
439,41.95000000000047,231,0
440,27.900000000000745,392,0
441,38.000000000000455,280,0
442,31.600000000000264,348,0
443,23.00000000000064,370,0
444,46.50000000000054,320,0
445,35.35000000000049,423,0
446,42.9500000000004,361,0
447,30.50000000000034,220,0
448,36.150000000000404,347,0
449,31.30000000000092,384,0
450,28.700000000000315,316,0
451,25.50000000000051,350,0
452,31.050000000000338,239,0
453,40.100000000000435,268,0
454,30.650000000000404,307,0
455,30.450000000000742,431,0
456,47.60000000000025,238,0
457,30.200000000000273,286,0
458,36.55000000000035,279,0
459,29.850000000000406,233,0
460,36.80000000000064,394,0
461,36.35000000000048,283,0
462,33.35000000000038,253,0
463,36.00000000000044,320,0
464,32.95000000000026,321,0
465,31.900000000000702,312,0
466,33.15000000000035,347,0
467,34.25000000000048,385,0
468,30.350000000000193,223,0
469,24.750000000000554,395,0
470,33.90000000000049,272,0
471,31.800000000000793,464,0
472,31.65000000000039,287,0
473,31.200000000000358,356,0
474,26.300000000000537,424,0
475,31.000000000000355,360,0
476,39.45000000000029,311,0
477,26.300000000000452,304,0
478,38.700000000000344,236,0
479,39.700000000000415,276,0
480,23.40000000000063,422,0
481,32.55000000000054,359,0
482,23.100000000000392,458,0
483,28.05000000000068,359,0
484,36.600000000000335,398,0
485,30.500000000000455,280,0
486,30.80000000000055,484,0
487,32.150000000000446,277,0
488,28.550000000000367,349,0
489,28.20000000000043,356,0
490,26.900000000000674,442,0
491,23.750000000000597,355,0
492,30.65000000000049,277,0
493,42.60000000000028,278,0
494,36.20000000000053,316,0
495,35.40000000000029,272,0
496,30.200000000000585,316,0
497,34.55000000000028,319,0
498,42.750000000000426,305,0
499,17.750000000000398,505,0
500,28.85000000000076,433,0
501,37.10000000000048,298,0
502,40.60000000000056,318,0
503,20.05000000000058,429,0
504,32.75000000000048,385,0
505,30.000000000000426,230,0
506,40.50000000000058,350,0
507,37.20000000000029,206,0
508,25.2000000000003,386,0
509,35.40000000000033,272,0
510,30.900000000000475,632,0
511,28.900000000000446,312,0
512,28.050000000000637,389,0
513,35.05000000000035,309,0
514,30.550000000000736,399,0
515,31.65000000000056,317,0
516,40.2000000000003,236,0
517,45.150000000000745,317,0
518,39.050000000000296,289,0
519,32.75000000000031,325,0
520,34.4500000000002,291,0
521,28.200000000000642,386,0
522,33.10000000000082,348,0
523,35.30000000000044,274,0
524,24.800000000000594,394,0
525,32.20000000000033,366,0
526,40.40000000000032,232,0
527,27.700000000000415,306,0
528,31.700000000000486,346,0
529,37.750000000000355,345,0
530,30.350000000000435,313,0
531,30.900000000000432,272,0
532,41.150000000000446,307,0
533,41.750000000000526,355,0
534,35.75000000000047,235,0
535,31.400000000000475,322,0
536,29.050000000000736,399,0
537,46.850000000000534,313,0
538,30.750000000000725,425,0
539,39.650000000000446,307,0
540,28.250000000000597,385,0
541,39.95000000000057,271,0
542,36.500000000000725,460,0
543,35.450000000000514,421,0
544,30.950000000000344,271,0
545,25.350000000000392,323,0
546,42.30000000000031,344,0
547,25.55000000000038,319,0
548,31.650000000000418,287,0
549,25.00000000000057,390,0
550,27.850000000000207,363,0
551,37.80000000000025,284,0
552,29.800000000000296,294,0
553,20.55000000000061,449,0
554,38.30000000000065,394,0
555,27.500000000000313,400,0
556,28.200000000000486,356,0
557,24.650000000000233,337,0
558,28.200000000000514,386,0
559,37.15000000000035,357,0
560,97.24999999999953,595,0
561,31.450000000000557,351,0
562,25.350000000000435,323,0
563,28.850000000000435,253,0
564,36.05000000000042,319,0
565,26.850000000000463,293,0
566,34.450000000000486,321,0
567,28.05000000000038,389,0
568,40.45000000000039,351,0
569,30.800000000000367,274,0
570,38.350000000000406,273,0
571,32.50000000000047,240,0
572,36.35000000000035,283,0
573,35.750000000000384,235,0
574,34.45000000000056,351,0
575,34.40000000000053,352,0
576,31.400000000000446,352,0
577,25.90000000000049,312,0
578,31.500000000000583,350,0
579,33.15000000000039,317,0
580,30.700000000000315,216,0
581,24.65000000000036,367,0
582,25.750000000000355,435,0
583,23.9500000000008,501,0
584,39.55000000000052,309,0
585,35.800000000000566,354,0
586,35.350000000000406,273,0
587,36.600000000000605,398,0
588,32.20000000000023,186,0
589,34.35000000000058,323,0
590,29.150000000000432,307,0
591,35.30000000000048,514,0
592,36.5000000000006,310,0
593,28.000000000000426,360,0
594,23.85000000000072,383,0
595,37.200000000000344,236,0
596,36.350000000000634,313,0
597,30.05000000000024,319,0
598,21.00000000000057,410,0
599,29.000000000000313,430,0
600,28.40000000000059,322,0
601,40.35000000000065,353,0
602,44.900000000000304,232,0
603,24.00000000000061,350,0
604,20.20000000000043,516,0
605,40.60000000000059,318,0
606,30.800000000000395,274,0
607,34.20000000000056,386,0
608,38.30000000000044,274,0
609,21.450000000000344,401,0
610,36.30000000000055,344,0
611,41.05000000000051,309,0
612,27.050000000000537,289,0
613,28.65000000000056,317,0
614,27.700000000000458,276,0
615,29.20000000000057,306,0
616,28.800000000000708,314,0
617,44.400000000000404,272,0
618,37.550000000000324,199,0
619,22.60000000000052,378,0
620,40.30000000000038,234,0
621,39.30000000000051,314,0
622,36.90000000000049,272,0
623,39.700000000000244,156,0
624,34.10000000000049,328,0
625,109.19999999999989,596,0
626,26.750000000000625,385,0
627,27.35000000000042,283,0
628,30.00000000000034,350,0
629,29.50000000000034,270,0
630,27.950000000000443,271,0
631,31.85000000000049,343,0
632,33.650000000000446,277,0
633,27.850000000000392,273,0
634,38.55000000000052,329,0
635,35.2000000000003,276,0
636,31.800000000000352,284,0
637,35.70000000000036,236,0
638,42.450000000000514,251,0
639,37.850000000000364,283,0
640,106.14999999999968,537,0
641,27.150000000000446,317,0
642,36.050000000000395,349,0
643,30.750000000000355,215,0
644,25.250000000000796,355,0
645,35.80000000000045,324,0
646,48.650000000000446,277,0
647,38.45000000000071,391,0
648,102.64999999999974,607,0
649,43.00000000000037,270,0
650,27.35000000000022,283,0
651,33.450000000000315,311,0
652,24.20000000000033,346,0
653,26.65000000000029,327,0
654,23.350000000000705,393,0
655,21.100000000000847,468,0
656,24.80000000000021,334,0
657,38.000000000000554,310,0
658,36.25000000000047,315,0
659,40.90000000000053,342,0
660,15.000000000000675,530,0
661,22.65000000000046,437,0
662,34.850000000000364,283,0
663,31.100000000000662,388,0
664,28.650000000000475,257,0
665,41.200000000000315,276,0
666,23.550000000000566,479,0
667,29.50000000000051,390,0
668,32.15000000000052,307,0
669,47.80000000000034,204,0
670,29.250000000000313,275,0
671,26.750000000000583,325,0
672,37.90000000000036,252,0
673,20.9500000000005,501,0
674,35.750000000000625,355,0
675,32.45000000000037,391,0
676,32.700000000000344,356,0
677,28.000000000000625,390,0
678,27.250000000000725,525,0
679,23.350000000000534,393,0
680,30.100000000000477,318,0
681,29.85000000000082,353,0
682,30.05000000000041,349,0
683,42.450000000000486,311,0
684,28.200000000000188,266,0
685,37.950000000000514,311,0
686,30.600000000000335,218,0
687,28.20000000000023,266,0
688,25.700000000000315,316,0
689,42.80000000000042,394,0
690,26.45000000000053,451,0
691,32.250000000000355,275,0
692,28.150000000000347,267,0
693,35.600000000000435,358,0
694,35.20000000000043,276,0
695,35.80000000000065,354,0
696,28.650000000000446,257,0
697,29.15000000000029,247,0
698,26.200000000000557,396,0
699,36.40000000000053,312,0
700,27.05000000000058,349,0
701,26.35000000000045,303,0
702,30.800000000000466,394,0
703,28.45000000000067,351,0
704,23.350000000000435,363,0
705,25.500000000000554,350,0
706,31.650000000000276,317,0
707,32.45000000000047,271,0
708,23.050000000000523,369,0
709,42.85000000000049,273,0
710,32.30000000000041,274,0
711,32.00000000000034,280,0
712,26.700000000000713,386,0
713,26.700000000000443,296,0
714,105.5500000000002,459,0
715,29.400000000000404,242,0
716,28.250000000000597,475,0
717,28.60000000000032,318,0
718,24.60000000000052,398,0
719,22.100000000000634,598,0
720,33.10000000000056,348,0
721,33.1500000000007,317,0
722,26.6500000000009,477,0
723,35.80000000000034,234,0
724,28.70000000000053,466,0
725,24.650000000000688,397,0
726,47.15000000000029,307,0
727,22.80000000000021,374,0
728,42.55000000000044,309,0
729,48.60000000000029,278,0
730,30.30000000000041,314,0
731,45.2500000000006,345,0
732,30.250000000000384,465,0
733,34.20000000000033,236,0
734,31.100000000000264,268,0
735,31.600000000000563,318,0
736,23.750000000000696,505,0
737,35.15000000000046,277,0
738,35.85000000000046,233,0
739,32.500000000000625,330,0
740,46.05000000000025,269,0
741,27.650000000000247,307,0
742,33.90000000000046,242,0
743,25.500000000000526,320,0
744,32.150000000000446,277,0
745,33.20000000000026,286,0
746,36.30000000000061,314,0
747,24.25000000000057,345,0
748,34.000000000000426,210,0
749,32.25000000000037,395,0
750,30.30000000000041,284,0
751,27.40000000000056,282,0
752,28.900000000000446,282,0
753,25.60000000000059,438,0
754,44.30000000000035,274,0
755,39.50000000000064,400,0
756,42.35000000000045,343,0
757,26.700000000000415,296,0
758,31.800000000000537,314,0
759,39.250000000000256,315,0
760,30.700000000000216,276,0
761,47.650000000000446,237,0
762,38.550000000000466,269,0
763,34.50000000000064,350,0
764,28.300000000000225,264,0
765,30.950000000000358,211,0
766,28.90000000000066,312,0
767,47.45000000000037,271,0
768,35.80000000000058,324,0
769,23.950000000000585,351,0
770,42.40000000000046,282,0
771,26.10000000000032,428,0
772,40.00000000000074,360,0
773,26.450000000000287,301,0
774,39.40000000000032,282,0
775,43.30000000000054,354,0
776,25.55000000000051,349,0
777,29.200000000000387,246,0
778,32.000000000000554,310,0
779,33.40000000000025,162,0
780,37.0000000000006,390,0
781,32.95000000000047,351,0
782,33.45000000000046,311,0
783,28.450000000000813,441,0
784,38.20000000000046,276,0
785,36.90000000000046,242,0
786,102.5000000000003,640,0
787,24.05000000000048,349,0
788,30.950000000000273,421,0
789,31.650000000000276,197,0
790,25.200000000000387,356,0
791,92.10000000000106,668,0
792,39.65000000000059,427,0
793,34.15000000000043,327,0
794,28.25000000000037,265,0
795,22.550000000000537,379,0
796,30.200000000000557,346,0
797,39.45000000000046,311,0
798,20.000000000000668,430,0
799,29.000000000000284,250,0
800,29.100000000000307,248,0
801,29.25000000000061,395,0
802,27.200000000000685,346,0
803,33.900000000000475,272,0
804,45.05000000000062,349,0
805,34.05000000000048,329,0
806,31.850000000000392,313,0
807,40.00000000000041,270,0
808,35.350000000000335,243,0
809,43.150000000000716,387,0
810,32.250000000000384,275,0
811,32.30000000000054,304,0
812,27.500000000000597,310,0
813,30.7000000000008,426,0
814,36.10000000000042,348,0
815,38.50000000000058,360,0
816,31.050000000000466,389,0
817,41.700000000000344,236,0
818,27.600000000000236,278,0
819,24.100000000000193,348,0
820,30.500000000000426,430,0
821,25.7500000000003,585,0
822,22.5000000000002,380,0
823,29.100000000000307,248,0
824,31.900000000000446,312,0
825,34.05000000000055,359,0
826,29.100000000000335,278,0
827,22.95000000000043,401,0
828,34.40000000000023,322,0
829,33.9500000000005,391,0
830,33.600000000000534,278,0
831,31.45000000000043,351,0
832,30.750000000000412,275,0
833,29.35000000000059,423,0
834,45.150000000000574,317,0
835,32.80000000000025,354,0
836,37.75000000000064,315,0
837,112.10000000000015,538,0
838,32.00000000000044,310,0
839,31.200000000000543,476,0
840,23.60000000000025,358,0
841,40.750000000000554,405,0
842,32.05000000000034,279,0
843,33.2500000000005,315,0
844,28.200000000000514,356,0
845,34.55000000000041,289,0
846,30.700000000000486,306,0
847,35.45000000000047,271,0
848,22.55000000000038,379,0
849,20.400000000000674,512,0
850,23.750000000000597,355,0
851,30.00000000000024,350,0
852,19.55000000000088,499,0
853,32.20000000000033,276,0
854,30.600000000000563,278,0
855,32.9500000000003,291,0
856,32.35000000000066,393,0
857,28.850000000000293,313,0
858,25.350000000000477,353,0
859,30.450000000000543,311,0
860,34.300000000000324,384,0
861,45.40000000000053,312,0
862,25.05000000000051,329,0
863,22.75000000000061,495,0
864,37.65000000000059,317,0
865,24.200000000000784,436,0
866,33.15000000000053,287,0
867,26.60000000000059,388,0
868,32.60000000000029,358,0
869,29.450000000000287,241,0
870,25.400000000000375,352,0
871,23.150000000000574,397,0
872,41.30000000000037,274,0
873,42.900000000000375,242,0
874,36.25000000000067,315,0
875,23.700000000000358,356,0
876,40.700000000000415,286,0
877,27.950000000000486,421,0
878,26.900000000000432,322,0
879,29.70000000000043,386,0
880,42.00000000000037,230,0
881,29.4500000000006,331,0
882,31.95000000000026,311,0
883,27.750000000000483,275,0
884,42.65000000000073,397,0
885,30.85000000000049,393,0
886,38.20000000000033,276,0
887,30.75000000000034,275,0
888,32.00000000000044,310,0
889,37.80000000000069,434,0
890,35.95000000000064,441,0
891,42.500000000000284,310,0
892,29.85000000000072,383,0
893,26.700000000000486,326,0
894,29.800000000000452,324,0
895,25.05000000000051,389,0
896,31.000000000000597,390,0
897,45.00000000000074,350,0
898,42.00000000000037,350,0
899,38.650000000000716,477,0
900,34.400000000000674,322,0
901,35.150000000000375,307,0
902,27.000000000000767,500,0
903,33.2500000000005,285,0
904,30.000000000000256,230,0
905,33.05000000000061,319,0
906,25.600000000000378,348,0
907,23.200000000000472,516,0
908,44.0000000000006,310,0
909,33.700000000000614,306,0
910,23.300000000000452,424,0
911,38.5000000000006,390,0
912,23.150000000000446,367,0
913,26.550000000000566,299,0
914,45.35000000000038,193,0
915,42.60000000000035,218,0
916,25.000000000000455,330,0
917,23.650000000000503,477,0
918,37.50000000000034,350,0
919,41.30000000000079,394,0
920,19.75000000000051,435,0
921,28.800000000000452,254,0
922,23.050000000000622,369,0
923,38.40000000000056,392,0
924,38.350000000000335,243,0
925,35.4500000000006,391,0
926,29.0000000000003,250,0
927,26.90000000000056,472,0
928,30.400000000000247,312,0
929,34.45000000000043,351,0
930,29.10000000000042,248,0
931,43.30000000000045,234,0
932,27.750000000000753,515,0
933,34.850000000000776,433,0
934,37.7500000000004,315,0
935,35.800000000000665,354,0
936,43.25000000000057,355,0
937,42.65000000000062,397,0
938,35.15000000000052,277,0
939,32.35000000000058,363,0
940,35.45000000000083,451,0
941,27.550000000000395,279,0
942,28.100000000000392,448,0
943,29.800000000000466,354,0
944,32.75000000000077,385,0
945,28.400000000000702,352,0
946,30.450000000000514,311,0
947,39.75000000000031,275,0
948,28.150000000000517,357,0
949,37.80000000000065,314,0
950,22.950000000000074,371,0
951,29.350000000000946,393,0
952,30.40000000000049,432,0
953,41.550000000000466,239,0
954,46.950000000000514,311,0
955,24.950000000000344,331,0
956,29.600000000000705,358,0
957,25.300000000000537,324,0
958,35.65000000000043,357,0
959,98.30000000000034,544,0
960,37.15000000000033,237,0
961,19.850000000000804,433,0
962,44.25000000000037,245,0
963,24.050000000000736,439,0
964,39.45000000000039,311,0
965,46.80000000000054,314,0
966,24.550000000000267,339,0
967,28.400000000000205,262,0
968,32.250000000000526,395,0
969,27.65000000000059,487,0
970,45.25000000000061,345,0
971,35.45000000000043,271,0
972,29.150000000000276,247,0
973,26.450000000000458,301,0
974,35.00000000000051,310,0
975,18.7000000000004,456,0
976,29.950000000000514,351,0
977,28.35000000000052,353,0
978,42.90000000000046,272,0
979,35.750000000000696,505,0
980,31.10000000000052,358,0
981,23.250000000000412,455,0
982,32.60000000000042,358,0
983,39.450000000000415,281,0
984,41.7000000000004,236,0
985,34.30000000000055,324,0
986,21.850000000000563,393,0
987,44.9000000000005,352,0
988,36.350000000000335,193,0
989,28.95000000000053,431,0
990,28.700000000000472,466,0
991,31.40000000000039,352,0
992,35.900000000000645,352,0
993,42.05000000000035,199,0
994,23.650000000000517,387,0
995,27.500000000000497,400,0
996,34.900000000000645,312,0
997,26.050000000000338,309,0
998,24.55000000000028,339,0
999,34.15000000000035,237,0
1000,42.40000000000029,282,0
1001,40.600000000000435,318,0
1002,41.350000000000435,273,0
1003,27.30000000000031,584,0
1004,31.600000000000747,348,0
1005,96.75000000000067,665,0
1006,37.65000000000036,347,0
1007,29.400000000000446,392,0
1008,35.65000000000036,237,0
1009,42.80000000000035,364,0
1010,33.800000000000296,274,0
1011,29.4500000000003,271,0
1012,27.85000000000035,393,0
1013,31.050000000000338,209,0
1014,33.400000000000475,312,0
1015,24.30000000000038,344,0
1016,24.25000000000051,435,0
1017,36.20000000000046,316,0
1018,23.80000000000061,474,0
1019,28.400000000000276,352,0
1020,39.45000000000043,281,0
1021,31.80000000000058,284,0
1022,27.00000000000054,350,0
1023,25.15000000000036,327,0
1024,39.450000000000585,311,0
1025,38.85000000000046,233,0
1026,27.20000000000053,286,0
1027,33.0000000000005,350,0
1028,34.25000000000061,355,0
1029,30.800000000000196,214,0
1030,33.60000000000062,428,0
1031,40.700000000000614,346,0
1032,28.90000000000032,312,0
1033,46.90000000000046,312,0
1034,30.15000000000039,317,0
1035,38.30000000000045,274,0
1036,29.9500000000005,351,0
1037,33.95000000000036,391,0
1038,28.800000000000537,314,0
1039,32.40000000000033,272,0
1040,30.000000000000227,320,0
1041,36.80000000000052,274,0
1042,31.9500000000005,281,0
1043,33.15000000000056,347,0
1044,26.900000000000432,292,0
1045,33.45000000000054,281,0
1046,45.850000000000406,273,0
1047,26.600000000000705,328,0
1048,34.0000000000003,270,0
1049,44.7000000000005,356,0
1050,34.250000000000625,325,0
1051,19.700000000000585,526,0
1052,39.700000000000585,276,0
1053,38.40000000000046,272,0
1054,31.35000000000049,233,0
1055,31.600000000000563,318,0
1056,17.850000000000634,473,0
1057,30.10000000000025,228,0
1058,36.95000000000067,391,0
1059,26.750000000000625,385,0
1060,29.9000000000008,442,0
1061,28.000000000000227,270,0
1062,35.55000000000064,329,0
1063,32.750000000000554,325,0
1064,40.65000000000039,197,0
1065,27.10000000000035,318,0
1066,35.4000000000007,392,0
1067,32.150000000000446,277,0
1068,34.9500000000006,371,0
1069,30.30000000000048,314,0
1070,27.2000000000004,346,0
1071,27.400000000000404,282,0
1072,36.25000000000041,315,0
1073,31.05000000000038,269,0
1074,45.80000000000044,274,0
1075,28.20000000000053,356,0
1076,35.10000000000052,308,0
1077,25.05000000000028,329,0
1078,31.550000000000296,319,0
1079,25.350000000000406,353,0
1080,31.50000000000054,350,0
1081,28.850000000000364,283,0
1082,44.70000000000044,236,0
1083,27.850000000000264,423,0
1084,39.90000000000077,362,0
1085,32.95000000000037,231,0
1086,27.850000000000563,423,0
1087,27.800000000000466,424,0
1088,34.90000000000042,312,0
1089,26.300000000000267,304,0
1090,22.850000000000776,373,0
1091,38.65000000000049,357,0
1092,34.95000000000057,311,0
1093,32.400000000000546,512,0
1094,31.200000000000713,536,0
1095,37.750000000000796,435,0
1096,22.400000000000404,382,0
1097,39.7500000000003,305,0
1098,24.550000000000537,399,0
1099,27.800000000000324,274,0
1100,32.35000000000035,423,0
1101,47.45000000000033,271,0
1102,31.65000000000049,467,0
1103,29.800000000000395,324,0
1104,29.25000000000057,275,0
1105,36.10000000000069,318,0
1106,38.650000000000375,357,0
1107,21.650000000000404,397,0
1108,41.40000000000033,272,0
1109,41.15000000000046,397,0
1110,32.10000000000046,278,0
1111,34.40000000000062,322,0
1112,35.90000000000032,232,0
1113,27.800000000000324,274,0
1114,33.50000000000054,310,0
1115,45.15000000000039,317,0
1116,26.950000000000344,291,0
1117,27.15000000000046,347,0
1118,40.15000000000052,357,0
1119,33.25000000000044,315,0
1120,32.15000000000032,187,0
1121,20.300000000000352,424,0
1122,35.95000000000046,321,0
1123,28.35000000000035,323,0
1124,35.450000000000514,361,0
1125,25.000000000000682,330,0
1126,44.150000000000446,277,0
1127,34.800000000000566,314,0
1128,31.400000000000475,322,0
1129,34.75000000000047,345,0
1130,43.75000000000048,345,0
1131,43.400000000000546,352,0
1132,21.6500000000009,457,0
1133,34.65000000000043,317,0
1134,32.850000000000776,353,0
1135,37.850000000000335,283,0
1136,25.90000000000046,312,0
1137,41.15000000000043,277,0
1138,39.600000000000406,278,0
1139,45.85000000000046,273,0
1140,27.150000000000603,317,0
1141,28.150000000000716,357,0
1142,30.600000000000605,428,0
1143,33.55000000000081,429,0
1144,44.750000000000355,355,0
1145,28.450000000000585,351,0
1146,39.10000000000056,318,0
1147,28.350000000000506,263,0
1148,27.250000000000398,405,0
1149,27.700000000000387,426,0
1150,27.85000000000076,393,0
1151,28.400000000000347,262,0
1152,20.35000000000042,543,0
1153,35.30000000000069,394,0
1154,43.60000000000038,318,0
1155,26.75000000000034,385,0
1156,26.7500000000003,295,0
1157,26.000000000000355,310,0
1158,38.65000000000043,267,0
1159,21.20000000000087,436,0
1160,33.20000000000029,316,0
1161,27.250000000000256,315,0
1162,29.90000000000049,352,0
1163,31.70000000000053,346,0
1164,35.9500000000008,351,0
1165,31.450000000000458,261,0
1166,34.500000000000455,440,0
1167,26.500000000000426,360,0
1168,26.650000000000418,297,0
1169,34.30000000000052,354,0
1170,33.45000000000043,311,0
1171,27.30000000000068,344,0
1172,28.55000000000031,319,0
1173,33.800000000000466,274,0
1174,37.100000000000435,388,0
1175,39.750000000000426,275,0
1176,27.750000000000355,275,0
1177,34.50000000000051,350,0
1178,34.50000000000064,350,0
1179,27.30000000000041,314,0
1180,33.05000000000037,349,0
1181,27.500000000000554,400,0
1182,38.050000000000566,279,0
1183,37.20000000000097,476,0
1184,32.05000000000045,279,0
1185,31.450000000000415,291,0
1186,31.650000000000745,347,0
1187,32.10000000000048,278,0
1188,28.300000000000338,354,0
1189,22.95000000000033,371,0
1190,41.10000000000045,278,0
1191,27.15000000000032,287,0
1192,33.450000000000585,311,0
1193,31.40000000000032,202,0
1194,99.9999999999997,510,0
1195,25.60000000000049,438,0
1196,31.500000000000384,350,0
1197,28.500000000000313,500,0
1198,21.250000000000753,435,0
1199,28.25000000000047,265,0
1200,28.000000000000497,360,0
1201,42.85000000000055,273,0
1202,27.600000000000534,428,0
1203,27.650000000000716,397,0
1204,16.350000000000648,503,0
1205,37.00000000000047,240,0
1206,34.70000000000027,316,0
1207,27.15000000000059,347,0
1208,26.9500000000006,441,0
1209,34.4500000000005,321,0
1210,24.7000000000006,336,0
1211,22.050000000000196,389,0
1212,28.450000000000315,261,0
1213,27.950000000000486,391,0
1214,30.10000000000069,348,0
1215,28.850000000000534,373,0
1216,105.14999999999905,557,0
1217,43.55000000000048,349,0
1218,40.80000000000042,314,0
1219,30.750000000000355,245,0
1220,25.800000000000196,314,0
1221,34.2500000000004,355,0
1222,41.950000000000486,321,0
1223,33.85000000000032,243,0
1224,25.35000000000072,503,0
1225,25.750000000000497,315,0
1226,38.15000000000035,277,0
1227,27.50000000000071,400,0
1228,36.0000000000006,320,0
1229,26.35000000000042,393,0
1230,29.000000000000426,250,0
1231,22.800000000000395,434,0
1232,25.800000000000352,434,0
1233,12.650000000001313,817,0
1234,27.850000000000364,273,0
1235,29.35000000000028,273,0
1236,30.550000000000395,309,0
1237,33.850000000000605,363,0
1238,29.200000000000472,276,0
1239,26.850000000000406,353,0
1240,29.800000000000253,234,0
1241,36.15000000000033,287,0
1242,38.35000000000055,363,0
1243,21.900000000000432,392,0
1244,28.700000000000202,436,0
1245,36.75000000000031,275,0
1246,33.7500000000004,275,0
1247,17.25000000000024,485,0
1248,30.550000000000267,219,0
1249,24.10000000000059,348,0
1250,36.95000000000047,241,0
1251,29.950000000000287,231,0
1252,32.00000000000047,310,0
1253,37.6500000000008,497,0
1254,35.55000000000038,389,0
1255,30.15000000000026,227,0
1256,40.950000000000585,311,0
1257,35.90000000000062,442,0
1258,37.80000000000035,314,0
1259,22.850000000000392,373,0
1260,27.25000000000037,315,0
1261,39.25000000000071,315,0
1262,31.65000000000049,347,0
1263,20.950000000000614,411,0
1264,33.900000000000375,392,0
1265,25.50000000000051,320,0
1266,28.05000000000085,449,0
1267,26.85000000000055,353,0
1268,32.85000000000025,323,0
1269,34.100000000000236,238,0
1270,29.950000000000756,441,0
1271,39.65000000000053,427,0
1272,26.70000000000067,356,0
1273,34.40000000000059,352,0
1274,31.500000000000284,410,0
1275,31.800000000000395,284,0
1276,40.500000000000256,200,0
1277,27.450000000000358,281,0
1278,31.150000000000446,357,0
1279,36.25000000000021,315,0
1280,29.45000000000057,361,0
1281,28.500000000000384,320,0
1282,37.40000000000039,352,0
1283,34.60000000000042,318,0
1284,30.900000000000546,362,0
1285,93.05000000000088,649,0
1286,39.600000000000435,308,0
1287,32.50000000000061,390,0
1288,35.550000000000466,239,0
1289,26.55000000000024,299,0
1290,29.150000000000304,277,0
1291,44.65000000000026,357,0
1292,30.10000000000045,468,0
1293,35.30000000000031,274,0
1294,44.60000000000052,268,0
1295,25.10000000000052,328,0
1296,25.750000000000497,495,0
1297,30.05000000000065,349,0
1298,22.00000000000051,390,0
1299,33.30000000000035,314,0
1300,34.050000000000296,269,0
1301,30.250000000000412,315,0
1302,34.20000000000053,356,0
1303,35.75000000000023,235,0
1304,33.10000000000069,348,0
1305,20.60000000000042,418,0
1306,36.45000000000039,251,0
1307,30.750000000000668,425,0
1308,31.700000000000458,316,0
1309,31.350000000000577,323,0
1310,35.5000000000005,270,0
1311,46.25000000000044,235,0
1312,26.80000000000031,294,0
1313,20.10000000000025,428,0
1314,31.700000000000358,346,0
1315,105.64999999999885,487,0
1316,30.75000000000054,395,0
1317,30.900000000000503,272,0
1318,35.95000000000056,351,0
1319,45.50000000000067,310,0
1320,37.000000000000455,240,0
1321,29.950000000000244,231,0
1322,42.80000000000042,274,0
1323,39.70000000000044,426,0
1324,27.850000000000804,423,0
1325,43.650000000000375,317,0
1326,26.000000000000483,310,0
1327,27.900000000000432,272,0
1328,24.9500000000004,451,0
1329,24.00000000000061,350,0
1330,30.350000000000733,373,0
1331,20.650000000000674,417,0
1332,22.85000000000035,373,0
1333,33.550000000000466,279,0
1334,30.750000000000284,395,0
1335,26.9500000000008,351,0
1336,36.10000000000039,348,0
1337,30.500000000000313,250,0
1338,24.15000000000026,347,0
1339,29.80000000000048,354,0
1340,26.650000000000475,357,0
1341,28.950000000000486,281,0
1342,25.200000000000657,386,0
1343,34.95000000000026,281,0
1344,38.10000000000049,278,0
1345,35.70000000000064,386,0
1346,37.40000000000049,352,0
1347,31.800000000000466,314,0
1348,23.850000000000477,383,0
1349,42.2500000000004,315,0
1350,25.150000000000404,327,0
1351,28.10000000000042,358,0
1352,29.000000000000483,250,0
1353,29.350000000000463,273,0
1354,17.600000000000804,478,0
1355,19.60000000000052,438,0
1356,28.800000000000367,464,0
1357,41.45000000000066,391,0
1358,27.050000000000338,319,0
1359,30.70000000000043,276,0
1360,32.85000000000031,473,0
1361,22.45000000000043,381,0
1362,29.850000000000705,353,0
1363,36.20000000000033,196,0
1364,40.15000000000046,237,0
1365,28.350000000000676,383,0
1366,35.45000000000077,361,0
1367,21.700000000000898,396,0
1368,30.65000000000049,457,0
1369,28.950000000000514,311,0
1370,39.95000000000039,241,0
1371,23.35000000000069,363,0
1372,23.7000000000003,356,0
1373,20.750000000000583,415,0
1374,41.50000000000054,270,0
1375,19.950000000000543,431,0
1376,27.650000000000603,427,0
1377,32.95000000000037,351,0
1378,22.200000000000273,386,0
1379,32.7000000000003,266,0
1380,24.10000000000042,348,0
1381,41.10000000000046,308,0
1382,35.000000000000526,310,0
1383,20.30000000000028,424,0
1384,31.500000000000625,350,0
1385,29.300000000000296,244,0
1386,27.250000000000355,405,0
1387,32.55000000000048,359,0
1388,23.85000000000096,503,0
1389,32.50000000000091,420,0
1390,30.000000000000483,320,0
1391,32.40000000000035,392,0
1392,27.150000000000375,287,0
1393,33.25000000000044,315,0
1394,39.250000000000455,315,0
1395,32.900000000000645,322,0
1396,31.65000000000049,347,0
1397,33.700000000000315,306,0
1398,38.65000000000042,237,0
1399,27.300000000000367,344,0
1400,37.800000000000466,314,0
1401,42.45000000000047,311,0
1402,28.05000000000075,359,0
1403,29.650000000000247,237,0
1404,98.5500000000002,539,0
1405,28.05000000000065,479,0
1406,26.150000000000347,307,0
1407,46.50000000000057,320,0
1408,26.900000000000503,352,0
1409,38.10000000000059,308,0
1410,29.800000000000864,474,0
1411,27.000000000000995,440,0
1412,23.700000000000472,356,0
1413,42.65000000000046,277,0
1414,30.85000000000059,393,0
1415,44.750000000000284,325,0
1416,26.450000000000443,301,0
1417,23.250000000000313,365,0
1418,34.55000000000064,379,0
1419,32.80000000000044,234,0
1420,28.85000000000045,313,0
1421,32.850000000000506,323,0
1422,36.250000000000455,315,0
1423,42.40000000000046,282,0
1424,24.15000000000039,347,0
1425,29.55000000000031,359,0
1426,27.50000000000037,280,0
1427,27.70000000000033,276,0
1428,35.600000000000676,388,0
1429,33.05000000000051,319,0
1430,33.40000000000046,402,0
1431,47.35000000000045,273,0
1432,23.60000000000045,358,0
1433,26.50000000000051,300,0
1434,28.900000000000574,312,0
1435,35.25000000000068,365,0
1436,32.900000000000105,472,0
1437,19.800000000000296,554,0
1438,38.65000000000025,327,0
1439,35.85000000000058,353,0
1440,36.60000000000045,308,0
1441,42.65000000000036,307,0
1442,24.000000000000526,350,0
1443,28.150000000000475,267,0
1444,19.85000000000032,433,0
1445,30.25000000000051,315,0
1446,31.650000000000247,347,0
1447,29.200000000000557,456,0
1448,38.7500000000005,385,0
1449,29.900000000000517,352,0
1450,28.750000000000313,255,0
1451,41.20000000000044,276,0
1452,34.250000000000284,355,0
1453,33.75000000000048,425,0
1454,38.550000000000296,329,0
1455,29.400000000000446,242,0
1456,26.000000000000398,370,0
1457,32.40000000000053,392,0
1458,27.80000000000058,424,0
1459,39.9500000000005,361,0
1460,20.650000000000446,507,0
1461,34.650000000000475,347,0
1462,29.75000000000034,295,0
1463,26.65000000000066,357,0
1464,40.25000000000044,235,0
1465,25.000000000000256,330,0
1466,43.80000000000058,314,0
1467,32.60000000000032,388,0
1468,28.350000000000506,353,0
1469,27.10000000000052,318,0
1470,40.700000000000415,316,0
1471,27.650000000000546,277,0
1472,27.500000000000256,280,0
1473,32.85000000000075,353,0
1474,26.200000000000202,306,0
1475,38.05000000000045,279,0
1476,25.40000000000049,322,0
1477,30.500000000000767,430,0
1478,29.9500000000005,321,0
1479,33.00000000000037,200,0
1480,22.950000000000728,461,0
1481,24.05000000000024,349,0
1482,30.30000000000055,314,0
1483,29.600000000000463,238,0
1484,43.00000000000057,360,0
1485,27.60000000000052,278,0
1486,32.10000000000032,248,0
1487,33.70000000000039,306,0
1488,45.75000000000033,275,0
1489,38.05000000000017,399,0
1490,33.900000000000446,272,0
1491,37.80000000000075,464,0
1492,40.750000000000526,315,0
1493,27.050000000000566,349,0
1494,31.95000000000043,311,0
1495,35.95000000000037,201,0
1496,24.50000000000057,340,0
1497,32.70000000000044,356,0
1498,37.550000000000395,319,0
1499,26.450000000000287,301,0
1500,36.70000000000046,276,0
1501,35.70000000000077,356,0
1502,29.950000000000514,351,0
1503,102.49999999999933,580,0
1504,35.10000000000058,308,0
1505,27.550000000000537,279,0
1506,26.900000000000404,292,0
1507,37.35000000000082,353,0
1508,34.20000000000037,236,0
1509,25.350000000000605,353,0
1510,33.15000000000033,287,0
1511,26.00000000000051,430,0
1512,36.800000000000466,364,0
1513,32.75000000000023,205,0
1514,29.80000000000048,324,0
1515,28.050000000000423,389,0
1516,24.350000000000648,403,0
1517,29.90000000000053,352,0
1518,31.4500000000003,201,0
1519,24.100000000000406,348,0
1520,30.750000000000426,425,0
1521,32.350000000000406,273,0
1522,33.15000000000059,317,0
1523,28.800000000000296,284,0
1524,31.700000000000642,346,0
1525,32.15000000000059,277,0
1526,36.40000000000059,312,0
1527,30.550000000000367,219,0
1528,25.050000000000438,359,0
1529,35.700000000000415,236,0
1530,29.100000000000392,248,0
1531,32.250000000000725,395,0
1532,32.40000000000062,422,0
1533,38.85000000000039,233,0
1534,39.60000000000052,308,0
1535,36.30000000000038,284,0
1536,30.70000000000026,576,0
1537,28.150000000000517,267,0
1538,30.50000000000047,310,0
1539,29.500000000000355,330,0
1540,33.250000000000696,315,0
1541,32.2000000000008,426,0
1542,29.150000000000304,277,0
1543,27.450000000000315,311,0
1544,28.650000000000333,257,0
1545,40.35000000000056,353,0
1546,23.90000000000026,382,0
1547,22.250000000000142,505,0
1548,30.350000000000335,223,0
1549,30.300000000000296,314,0
1550,42.20000000000033,286,0
1551,40.15000000000046,267,0
1552,31.700000000000372,376,0
1553,30.700000000000315,216,0
1554,33.35000000000048,523,0
1555,33.70000000000037,276,0
1556,33.40000000000049,282,0
1557,20.600000000000534,418,0
1558,33.20000000000053,346,0
1559,30.85000000000028,213,0
1560,29.300000000000637,364,0
1561,29.850000000000335,383,0
1562,32.00000000000033,280,0
1563,29.2000000000005,276,0
1564,30.350000000000392,433,0
1565,37.70000000000036,316,0
1566,24.900000000000347,332,0
1567,30.500000000000355,220,0
1568,38.30000000000041,274,0
1569,28.15000000000029,357,0
1570,36.80000000000055,274,0
1571,28.700000000000273,316,0
1572,29.350000000000293,243,0
1573,42.95000000000054,391,0
1574,27.200000000000372,346,0
1575,30.35000000000059,313,0
1576,23.10000000000049,368,0
1577,26.80000000000068,354,0
1578,39.95000000000033,361,0
1579,29.300000000000466,424,0
1580,28.850000000000392,313,0
1581,24.85000000000062,393,0
1582,45.75000000000033,275,0
1583,41.150000000000475,277,0
1584,38.700000000000685,356,0
1585,38.1500000000005,277,0
1586,27.300000000000395,284,0
1587,23.200000000000784,426,0
1588,29.15000000000036,277,0
1589,37.35000000000048,323,0
1590,22.050000000000495,539,0
1591,28.500000000000355,260,0
1592,27.700000000000372,276,0
1593,36.750000000000355,245,0
1594,29.85000000000069,353,0
1595,19.150000000000745,447,0
1596,24.60000000000052,398,0
1597,105.50000000000053,640,0
1598,40.15000000000029,237,0
1599,22.400000000000517,442,0
1600,30.500000000000384,250,0
1601,36.70000000000043,276,0
1602,18.550000000000594,459,0
1603,31.100000000000747,418,0
1604,32.40000000000056,512,0
1605,24.70000000000023,336,0
1606,35.65000000000026,207,0
1607,22.50000000000057,380,0
1608,28.950000000000628,311,0
1609,29.75000000000054,385,0
1610,42.40000000000042,312,0
1611,100.80000000000003,584,0
1612,37.35000000000038,353,0
1613,31.450000000000458,291,0
1614,29.60000000000035,388,0
1615,29.050000000000324,249,0
1616,27.600000000000506,428,0
1617,33.400000000000446,312,0
1618,33.35000000000046,283,0
1619,34.85000000000046,313,0
1620,25.30000000000058,324,0
1621,32.05000000000052,369,0
1622,41.15000000000052,307,0
1623,33.55000000000028,339,0
1624,24.750000000000654,395,0
1625,31.15000000000059,327,0
1626,42.25000000000067,405,0
1627,31.15000000000066,357,0
1628,36.600000000000506,278,0
1629,32.65000000000043,387,0
1630,43.90000000000049,312,0
1631,39.950000000000344,241,0
1632,34.45000000000033,201,0
1633,40.850000000000506,433,0
1634,27.550000000000495,309,0
1635,33.150000000000546,317,0
1636,28.700000000000585,316,0
1637,39.350000000000776,433,0
1638,40.150000000000574,387,0
1639,26.75000000000047,355,0
1640,35.80000000000054,354,0
1641,32.60000000000045,238,0
1642,35.750000000000284,205,0
1643,33.80000000000045,274,0
1644,26.150000000001,427,0
1645,28.650000000000375,257,0
1646,34.400000000000375,352,0
1647,27.500000000000597,550,0
1648,24.30000000000041,344,0
1649,28.200000000000458,356,0
1650,26.65000000000053,447,0
1651,31.15000000000063,357,0
1652,34.90000000000036,312,0
1653,32.20000000000027,186,0
1654,36.85000000000046,303,0
1655,33.350000000000364,313,0
1656,37.950000000000415,311,0
1657,31.400000000000574,382,0
1658,31.050000000000566,329,0
1659,33.30000000000024,314,0
1660,39.650000000000475,307,0
1661,111.09999999999924,378,0
1662,24.650000000000517,337,0
1663,46.60000000000046,318,0
1664,42.60000000000058,308,0
1665,36.9500000000003,271,0
1666,35.15000000000049,277,0
1667,43.75000000000058,345,0
1668,26.10000000000032,308,0
1669,43.100000000000335,238,0
1670,32.200000000000486,276,0
1671,29.450000000000315,271,0
1672,29.850000000000236,233,0
1673,30.000000000000355,230,0
1674,29.00000000000044,280,0
1675,27.250000000000227,285,0
1676,29.55000000000055,329,0
1677,18.050000000000594,499,0
1678,26.900000000000503,352,0
1679,32.850000000000676,473,0
1680,24.40000000000059,342,0
1681,28.000000000000625,390,0
1682,44.750000000000554,325,0
1683,38.35000000000042,363,0
1684,30.200000000000443,316,0
1685,25.700000000000486,316,0
1686,28.750000000000583,315,0
1687,32.10000000000042,278,0
1688,31.35000000000035,383,0
1689,25.50000000000037,320,0
1690,34.25000000000057,355,0
1691,30.90000000000083,392,0
1692,33.650000000000404,247,0
1693,28.50000000000054,380,0
1694,30.700000000000315,276,0
1695,31.450000000000244,321,0
1696,30.10000000000035,228,0
1697,38.40000000000046,272,0
1698,22.15000000000053,387,0
1699,29.300000000000466,274,0
1700,37.00000000000048,270,0
1701,39.60000000000052,308,0
1702,33.25000000000048,345,0
1703,34.95000000000047,311,0
1704,42.35000000000066,343,0
1705,37.45000000000057,351,0
1706,36.90000000000053,272,0
1707,32.25000000000051,275,0
1708,32.200000000000486,276,0
1709,33.90000000000059,362,0
1710,24.30000000000048,404,0
1711,46.60000000000055,318,0
1712,29.050000000000182,399,0
1713,28.25000000000064,385,0
1714,33.10000000000042,348,0
1715,31.400000000000233,352,0
1716,35.70000000000037,236,0
1717,32.30000000000041,274,0
1718,28.55000000000031,319,0
1719,40.60000000000055,318,0
1720,25.950000000000344,401,0
1721,92.1500000000005,667,0
1722,50.40000000000039,242,0
1723,33.20000000000046,436,0
1724,18.800000000000566,544,0
1725,34.85000000000058,313,0
1726,41.950000000000415,231,0
1727,37.20000000000043,236,0
1728,36.600000000000904,428,0
1729,35.750000000000725,355,0
1730,30.600000000000364,278,0
1731,33.250000000000426,315,0
1732,25.100000000000477,388,0
1733,21.950000000000557,391,0
1734,108.54999999999983,429,0
1735,33.90000000000022,392,0
1736,29.40000000000039,272,0
1737,30.750000000000355,275,0
1738,28.300000000000338,264,0
1739,30.700000000000443,276,0
1740,28.100000000000534,358,0
1741,27.800000000000338,394,0
1742,37.45000000000039,351,0
1743,32.800000000000196,174,0
1744,28.850000000000435,253,0
1745,30.05000000000038,349,0
1746,34.85000000000045,313,0
1747,24.600000000000477,398,0
1748,30.30000000000041,314,0
1749,39.350000000000264,283,0
1750,35.9500000000004,291,0
1751,25.00000000000078,480,0
1752,35.15000000000069,397,0
1753,34.20000000000073,356,0
1754,32.950000000000486,291,0
1755,32.60000000000021,538,0
1756,30.750000000000313,215,0
1757,35.850000000000435,323,0
1758,36.750000000000284,275,0
1759,26.950000000000543,291,0
1760,38.650000000000404,237,0
1761,42.900000000000475,272,0
1762,37.850000000000364,313,0
1763,36.30000000000041,314,0
1764,26.300000000000452,394,0
1765,26.400000000000716,392,0
1766,30.7000000000004,276,0
1767,29.250000000000682,515,0
1768,33.55000000000062,369,0
1769,36.200000000000614,316,0
1770,34.55000000000065,439,0
1771,28.2000000000005,266,0
1772,43.35000000000075,353,0
1773,17.250000000000384,515,0
1774,39.85000000000066,393,0
1775,28.500000000000455,380,0
1776,28.050000000000352,449,0
1777,32.60000000000046,238,0
1778,33.40000000000022,162,0
1779,29.00000000000054,310,0
1780,33.650000000000475,277,0
1781,36.250000000000426,315,0
1782,38.95000000000036,351,0
1783,28.20000000000087,476,0
1784,23.550000000000637,359,0
1785,36.75000000000061,305,0
1786,24.750000000000554,335,0
1787,30.800000000000267,274,0
1788,19.35000000000042,473,0
1789,38.95000000000073,351,0
1790,40.35000000000042,263,0
1791,25.400000000000503,322,0
1792,31.700000000000273,286,0
1793,28.500000000000327,410,0
1794,36.45000000000039,311,0
1795,28.750000000000398,315,0
1796,33.2000000000005,316,0
1797,39.200000000000585,316,0
1798,22.500000000000654,380,0
1799,29.350000000000406,273,0
1800,28.150000000000404,357,0
1801,35.450000000000486,241,0
1802,30.750000000000554,395,0
1803,30.90000000000029,212,0
1804,26.60000000000032,358,0
1805,27.100000000000435,288,0
1806,25.600000000000264,318,0
1807,23.60000000000045,358,0
1808,33.4000000000005,432,0
1809,23.650000000000517,357,0
1810,27.000000000000668,350,0
1811,34.050000000000594,389,0
1812,25.000000000000384,330,0
1813,35.05000000000037,279,0
1814,25.650000000000688,467,0
1815,29.05000000000058,429,0
1816,22.050000000000566,389,0
1817,34.20000000000067,356,0
1818,46.800000000000296,314,0
1819,28.300000000000352,264,0
1820,33.20000000000044,316,0
1821,33.90000000000049,272,0
1822,38.100000000000605,428,0
1823,37.35000000000046,233,0
1824,30.200000000000458,316,0
1825,27.900000000000475,272,0
1826,25.400000000000276,382,0
1827,35.95000000000054,351,0
1828,35.95000000000033,231,0
1829,40.850000000000364,403,0
1830,45.40000000000043,312,0
1831,29.350000000000364,273,0
1832,28.35000000000022,263,0
1833,29.050000000000296,309,0
1834,46.15000000000053,267,0
1835,33.55000000000035,279,0
1836,26.000000000000497,310,0
1837,36.15000000000023,407,0
1838,21.650000000000276,427,0
1839,31.350000000000676,353,0
1840,30.70000000000023,216,0
1841,41.150000000000475,277,0
1842,42.400000000000475,282,0
1843,30.800000000000395,274,0
1844,33.05000000000045,319,0
1845,40.350000000000406,353,0
1846,32.40000000000032,272,0
1847,37.55000000000058,319,0
1848,26.55000000000061,389,0
1849,26.60000000000028,298,0
1850,42.65000000000029,277,0
1851,37.450000000000244,321,0
1852,27.25000000000044,315,0
1853,34.90000000000032,312,0
1854,33.000000000000256,350,0
1855,31.050000000000367,239,0
1856,97.79999999999991,554,0
1857,32.050000000000495,309,0
1858,25.950000000000202,311,0
1859,23.100000000000804,398,0
1860,36.35000000000055,313,0
1861,36.00000000000058,320,0
1862,36.70000000000057,306,0
1863,34.85000000000032,283,0
1864,32.65000000000032,237,0
1865,34.850000000000605,313,0
1866,29.90000000000059,322,0
1867,35.95000000000043,321,0
1868,24.650000000000276,337,0
1869,29.10000000000042,248,0
1870,33.05000000000051,349,0
1871,30.550000000000352,369,0
1872,24.750000000000483,335,0
1873,23.75000000000044,355,0
1874,32.60000000000048,358,0
1875,30.10000000000045,288,0
1876,40.95000000000043,311,0
1877,32.60000000000025,178,0
1878,37.10000000000055,328,0
1879,37.25000000000048,385,0
1880,29.00000000000061,460,0
1881,25.05000000000065,329,0
1882,29.2000000000004,276,0
1883,31.800000000000537,314,0
1884,30.70000000000033,276,0
1885,30.65000000000029,277,0
1886,33.500000000000426,310,0
1887,27.700000000000358,276,0
1888,46.600000000000406,318,0
1889,36.2000000000006,316,0
1890,29.050000000000338,249,0
1891,45.1500000000005,317,0
1892,37.40000000000023,202,0
1893,44.45000000000037,241,0
1894,39.30000000000051,284,0
1895,26.30000000000058,304,0
1896,31.100000000000335,238,0
1897,27.30000000000058,314,0
1898,25.600000000000193,318,0
1899,38.45000000000043,361,0
1900,36.800000000000665,394,0
1901,29.450000000000443,241,0
1902,32.90000000000036,232,0
1903,36.60000000000058,308,0
1904,27.200000000000387,286,0
1905,34.2000000000004,236,0
1906,24.000000000000455,350,0
1907,36.00000000000048,350,0
1908,26.15000000000049,307,0
1909,38.10000000000079,458,0
1910,26.60000000000015,298,0
1911,35.80000000000044,234,0
1912,41.95000000000047,381,0
1913,26.700000000000273,476,0
1914,24.65000000000056,337,0
1915,24.30000000000028,344,0
1916,20.650000000000205,507,0
1917,26.100000000000477,308,0
1918,27.35000000000055,283,0
1919,31.350000000000733,473,0
1920,29.650000000000347,387,0
1921,23.50000000000061,360,0
1922,31.80000000000051,284,0
1923,23.30000000000048,394,0
1924,35.60000000000069,388,0
1925,42.85000000000048,273,0
1926,35.05000000000021,279,0
1927,42.80000000000048,244,0
1928,37.65000000000035,287,0
1929,32.00000000000041,400,0
1930,30.900000000000304,242,0
1931,31.2000000000004,206,0
1932,26.350000000000293,363,0
1933,26.800000000000296,324,0
1934,23.950000000000458,351,0
1935,39.40000000000056,312,0
1936,33.50000000000044,370,0
1937,30.050000000000537,349,0
1938,32.800000000000495,354,0
1939,39.05000000000028,229,0
1940,31.150000000000645,327,0
1941,31.850000000000477,313,0
1942,35.35000000000048,273,0
1943,33.350000000000605,313,0
1944,32.35000000000048,273,0
1945,22.850000000000065,373,0
1946,30.250000000000284,315,0
1947,32.2500000000005,275,0
1948,27.450000000000514,281,0
1949,40.500000000000426,320,0
1950,25.750000000000597,315,0
1951,24.650000000000674,547,0
1952,23.10000000000015,428,0
1953,29.050000000000352,249,0
1954,34.650000000000475,317,0
1955,30.30000000000028,284,0
1956,27.80000000000038,274,0
1957,31.700000000000458,526,0
1958,26.0000000000003,310,0
1959,27.450000000000415,311,0
1960,28.850000000000776,433,0
1961,34.6500000000005,317,0
1962,45.35000000000058,343,0
1963,39.6500000000007,427,0
1964,35.9500000000007,351,0
1965,31.10000000000032,208,0
1966,39.600000000000634,398,0
1967,38.35000000000035,273,0
1968,40.25000000000057,355,0
1969,23.050000000000594,429,0
1970,28.850000000000392,343,0
1971,39.95000000000056,361,0
1972,36.10000000000045,318,0
1973,47.100000000000435,278,0
1974,29.350000000000833,483,0
1975,38.750000000000355,205,0
1976,23.800000000000693,504,0
1977,42.750000000000526,395,0
1978,42.300000000000495,314,0
1979,30.400000000000375,222,0
1980,29.400000000000176,242,0
1981,30.300000000000352,344,0
1982,34.600000000000534,288,0
1983,30.050000000000367,349,0
1984,29.50000000000047,390,0
1985,43.30000000000075,324,0
1986,40.55000000000068,349,0
1987,28.150000000000205,387,0
1988,34.450000000000614,381,0
1989,42.55000000000072,399,0
1990,28.650000000000404,317,0
1991,42.500000000000455,310,0
1992,25.90000000000053,342,0
1993,26.35000000000045,303,0
1994,31.55000000000058,289,0
1995,27.600000000000364,278,0
1996,28.750000000000767,465,0
1997,25.70000000000057,436,0
1998,28.25000000000064,355,0
1999,45.150000000000574,317,0
2000,31.800000000000452,314,0
2001,41.75000000000047,355,0
2002,34.25000000000051,325,0
2003,23.15000000000053,427,0
2004,29.15000000000046,247,0
2005,32.200000000000486,276,0
2006,32.2000000000003,396,0
2007,34.95000000000047,431,0
2008,31.300000000000495,324,0
2009,30.4500000000003,401,0
2010,26.600000000000435,298,0
2011,28.40000000000032,322,0
2012,23.30000000000051,394,0
2013,38.30000000000048,274,0
2014,31.250000000000654,325,0
2015,33.050000000000466,229,0
2016,47.15000000000049,307,0
2017,44.20000000000056,366,0
2018,35.80000000000061,354,0
2019,44.10000000000028,278,0
2020,31.950000000000358,311,0
2021,28.30000000000038,264,0
2022,25.50000000000034,320,0
2023,28.75000000000044,315,0
2024,32.150000000000574,397,0
2025,39.500000000000355,250,0
2026,23.400000000000688,392,0
2027,35.55000000000044,239,0
2028,39.150000000000546,287,0
2029,34.65000000000066,407,0
2030,33.20000000000046,316,0
2031,29.800000000000622,384,0
2032,38.000000000000384,310,0
2033,32.05000000000024,189,0
2034,29.95000000000043,231,0
2035,38.55000000000041,389,0
2036,33.35000000000042,373,0
2037,29.85000000000042,233,0
2038,25.750000000000483,315,0
2039,32.95000000000054,441,0
2040,35.7000000000004,356,0
2041,30.300000000000566,314,0
2042,35.60000000000039,358,0
2043,40.950000000000415,311,0
2044,22.150000000000375,387,0
2045,39.9000000000005,392,0
2046,23.55000000000061,389,0
2047,37.750000000000455,315,0
2048,34.350000000000605,353,0
2049,45.85000000000045,273,0
2050,29.500000000000284,240,0
2051,33.800000000000395,274,0
2052,36.75000000000031,275,0
2053,39.60000000000052,278,0
2054,38.100000000000435,278,0
2055,28.550000000000537,439,0
2056,24.950000000000614,391,0
2057,26.250000000000483,305,0
2058,29.550000000000722,389,0
2059,35.05000000000034,309,0
2060,37.20000000000043,326,0
2061,24.80000000000048,394,0
2062,27.200000000000188,286,0
2063,42.35000000000059,403,0
2064,36.35000000000052,313,0
2065,33.00000000000054,350,0
2066,36.95000000000029,271,0
2067,38.90000000000052,322,0
2068,32.60000000000066,388,0
2069,28.55000000000055,349,0
2070,37.600000000000605,348,0
2071,26.750000000000313,385,0
2072,35.55000000000034,269,0
2073,24.800000000000367,424,0
2074,39.850000000000335,273,0
2075,33.800000000000466,274,0
2076,29.600000000000435,238,0
2077,18.800000000000708,514,0
2078,30.550000000000367,309,0
2079,32.80000000000041,234,0
2080,36.400000000000574,282,0
2081,38.40000000000032,272,0
2082,28.000000000000455,390,0
2083,42.00000000000051,320,0
2084,37.20000000000046,356,0
2085,24.50000000000044,430,0
2086,36.25000000000023,195,0
2087,29.10000000000049,308,0
2088,41.050000000000466,309,0
2089,25.55000000000058,349,0
2090,25.00000000000071,480,0
2091,105.69999999999955,516,0
2092,29.65000000000026,237,0
2093,36.7000000000003,276,0
2094,28.30000000000051,384,0
2095,46.85000000000038,313,0
2096,23.550000000000153,359,0
2097,32.700000000000514,386,0
2098,32.15000000000069,397,0
2099,33.250000000000526,285,0
2100,32.750000000000284,175,0
2101,46.85000000000048,313,0
2102,32.300000000000296,274,0
2103,29.60000000000072,358,0
2104,25.55000000000028,319,0
2105,21.750000000000398,515,0
2106,28.700000000000315,256,0
2107,35.45000000000057,361,0
2108,39.05000000000069,319,0
2109,39.15000000000035,347,0
2110,22.550000000000708,379,0
2111,31.350000000000392,353,0
2112,39.800000000000395,274,0
2113,36.000000000000426,500,0
2114,27.350000000000207,313,0
2115,33.30000000000041,314,0
2116,36.85000000000029,273,0
2117,35.60000000000059,388,0
2118,40.90000000000039,312,0
2119,23.200000000000614,396,0
2120,27.000000000000455,350,0
2121,27.45000000000053,311,0
2122,30.20000000000067,466,0
2123,25.500000000000625,470,0
2124,41.2000000000003,276,0
2125,32.05000000000037,249,0
2126,29.650000000000972,477,0
2127,21.550000000000153,399,0
2128,37.95000000000056,311,0
2129,23.150000000000375,457,0
2130,35.80000000000037,354,0
2131,27.100000000000406,288,0
2132,28.100000000000406,388,0
2133,24.950000000000358,331,0
2134,30.50000000000071,310,0
2135,34.2500000000004,235,0
2136,27.90000000000063,392,0
2137,32.7500000000004,235,0
2138,28.900000000000276,252,0
2139,32.2500000000003,275,0
2140,40.15000000000026,207,0
2141,40.750000000000384,315,0
2142,22.150000000000418,387,0
2143,32.400000000000375,242,0
2144,46.40000000000033,232,0
2145,18.75000000000047,515,0
2146,30.90000000000036,362,0
2147,39.70000000000043,396,0
2148,28.85000000000069,313,0
2149,27.15000000000053,347,0
2150,33.40000000000042,282,0
2151,30.7000000000003,426,0
2152,40.550000000000395,319,0
2153,45.65000000000043,307,0
2154,26.60000000000042,358,0
2155,43.90000000000052,312,0
2156,34.600000000000406,318,0
2157,25.350000000000477,353,0
2158,29.05000000000041,279,0
2159,34.40000000000046,352,0
2160,27.60000000000049,278,0
2161,23.00000000000081,370,0
2162,38.150000000000716,427,0
2163,36.700000000000514,276,0
2164,47.15000000000052,277,0
2165,34.00000000000057,390,0
2166,26.80000000000038,294,0
2167,30.750000000000412,275,0
2168,34.50000000000044,320,0
2169,31.30000000000065,354,0
2170,37.9500000000005,281,0
2171,26.2000000000006,336,0
2172,24.700000000000443,396,0
2173,34.35000000000073,323,0
2174,31.250000000000625,325,0
2175,27.200000000000514,346,0
2176,19.550000000000395,439,0
2177,27.50000000000037,310,0
2178,48.950000000000315,271,0
2179,24.300000000000665,464,0
2180,26.750000000000355,355,0
2181,33.10000000000035,288,0
2182,35.200000000000486,276,0
2183,29.350000000000293,273,0
2184,24.85000000000045,333,0
2185,25.85000000000042,373,0
2186,30.350000000000435,313,0
2187,30.400000000000716,402,0
2188,30.500000000000384,310,0
2189,30.10000000000042,318,0
2190,25.30000000000065,324,0
2191,35.10000000000069,398,0
2192,37.60000000000046,318,0
2193,34.0000000000004,330,0
2194,33.45000000000029,311,0
2195,22.450000000000557,381,0
2196,41.55000000000035,209,0
2197,27.950000000000585,391,0
2198,24.000000000000327,350,0
2199,22.05000000000055,389,0
2200,23.150000000000816,397,0
2201,41.40000000000049,272,0
2202,31.850000000000435,283,0
2203,25.90000000000066,312,0
2204,29.150000000000688,547,0
2205,27.150000000000432,287,0
2206,40.65000000000039,197,0
2207,32.45000000000054,421,0
2208,31.40000000000036,232,0
2209,26.750000000000412,295,0
2210,45.600000000000406,308,0
2211,19.900000000000844,432,0
2212,42.10000000000069,348,0
2213,40.50000000000044,320,0
2214,27.150000000000517,347,0
2215,28.000000000000384,270,0
2216,41.90000000000053,322,0
2217,41.65000000000026,297,0
2218,31.75000000000057,315,0
2219,25.50000000000071,470,0
2220,32.450000000000244,241,0
2221,32.60000000000035,358,0
2222,29.75000000000057,355,0
2223,30.750000000000327,215,0
2224,27.05000000000075,349,0
2225,36.30000000000038,404,0
2226,41.20000000000046,276,0
2227,48.45000000000066,281,0
2228,30.450000000000244,311,0
2229,33.55000000000051,279,0
2230,44.55000000000042,239,0
2231,37.250000000000455,235,0
2232,40.45000000000054,351,0
2233,27.950000000000614,361,0
2234,30.05000000000031,349,0
2235,34.45000000000037,321,0
2236,29.200000000000387,396,0
2237,27.700000000000472,396,0
2238,34.900000000000645,312,0
2239,29.550000000000566,359,0
2240,28.600000000000463,258,0
2241,38.400000000000404,242,0
2242,31.95000000000053,311,0
2243,21.15000000000053,437,0
2244,30.750000000000767,515,0
2245,40.00000000000031,240,0
2246,23.700000000000458,356,0
2247,33.45000000000057,311,0
2248,29.70000000000053,356,0
2249,35.20000000000046,276,0
2250,32.70000000000037,356,0
2251,36.85000000000015,273,0
2252,20.850000000000435,413,0
2253,31.250000000000412,355,0
2254,37.80000000000072,434,0
2255,21.25000000000037,405,0
2256,36.900000000000645,392,0
2257,22.800000000000324,374,0
2258,28.500000000000327,260,0
2259,25.600000000000634,348,0
2260,23.250000000000668,395,0
2261,30.90000000000046,272,0
2262,41.900000000000375,232,0
2263,27.60000000000055,428,0
2264,36.95000000000047,241,0
2265,40.400000000000375,202,0
2266,30.90000000000026,422,0
2267,29.950000000000628,381,0
2268,37.600000000000435,318,0
2269,27.35000000000042,283,0
2270,40.15000000000035,387,0
2271,33.85000000000032,243,0
2272,30.80000000000031,274,0
2273,28.00000000000044,390,0
2274,29.500000000000355,390,0
2275,39.85000000000048,243,0
2276,32.05000000000028,189,0
2277,30.150000000000702,317,0
2278,44.85000000000059,353,0
2279,36.750000000000455,275,0
2280,36.20000000000047,316,0
2281,32.40000000000069,392,0
2282,26.80000000000028,294,0
2283,23.100000000000165,428,0
2284,34.40000000000052,352,0
2285,28.000000000000497,270,0
2286,41.750000000000455,235,0
2287,37.550000000000395,349,0
2288,105.29999999999946,554,0
2289,33.350000000000506,403,0
2290,25.70000000000084,466,0
2291,24.550000000000566,339,0
2292,30.55000000000031,279,0
2293,24.650000000000603,517,0
2294,105.84999999999901,513,0
2295,31.100000000000463,268,0
2296,36.75000000000031,275,0
2297,28.900000000000333,252,0
2298,23.2000000000006,366,0
2299,50.30000000000048,244,0
2300,27.250000000000384,285,0
2301,16.75000000000084,495,0
2302,22.800000000000367,374,0
2303,33.40000000000056,462,0
2304,33.85000000000055,363,0
2305,38.15000000000025,157,0
2306,42.4000000000005,252,0
2307,32.850000000000435,323,0
2308,40.9500000000003,281,0
2309,39.500000000000455,280,0
2310,35.350000000000506,333,0
2311,36.6500000000005,307,0
2312,32.90000000000069,472,0
2313,26.400000000000304,332,0
2314,41.500000000000426,240,0
2315,34.25000000000044,235,0
2316,26.95000000000043,351,0
2317,36.45000000000046,281,0
2318,41.05000000000044,309,0
2319,23.400000000000674,362,0
2320,38.900000000000645,352,0
2321,25.300000000000864,474,0
2322,41.250000000000455,275,0
2323,22.800000000000523,374,0
2324,29.90000000000022,352,0
2325,25.700000000000244,316,0
2326,25.50000000000081,470,0
2327,24.550000000000395,339,0
2328,43.100000000000335,238,0
2329,36.30000000000052,344,0
2330,30.150000000000574,317,0
2331,22.150000000000702,387,0
2332,26.85000000000062,353,0
2333,36.80000000000054,274,0
2334,36.00000000000037,200,0
2335,41.55000000000044,269,0
2336,35.00000000000047,280,0
2337,38.65000000000046,387,0
2338,32.35000000000032,393,0
2339,41.200000000000344,276,0
2340,23.850000000000307,353,0
2341,26.65000000000066,357,0
2342,26.200000000000344,306,0
2343,41.55000000000037,209,0
2344,24.900000000000418,332,0
2345,39.80000000000058,274,0
2346,26.900000000000603,292,0
2347,40.20000000000047,236,0
2348,28.200000000000458,386,0
2349,31.500000000000355,230,0
2350,21.40000000000066,402,0
2351,33.45000000000043,431,0
2352,30.200000000000713,346,0
2353,25.000000000000455,360,0
2354,25.850000000000193,313,0
2355,48.65000000000042,277,0
2356,28.600000000000477,258,0
2357,28.750000000000554,315,0
2358,40.55000000000027,349,0
2359,42.250000000000554,315,0
2360,29.750000000000483,385,0
2361,27.900000000000674,362,0
2362,32.800000000000395,354,0
2363,33.20000000000037,316,0
2364,25.050000000000267,389,0
2365,34.600000000000506,348,0
2366,104.30000000000028,574,0
2367,36.700000000000415,276,0
2368,26.350000000000662,393,0
2369,39.1500000000007,347,0
2370,39.250000000000796,435,0
2371,42.85000000000049,393,0
2372,38.00000000000064,310,0
2373,33.500000000000455,400,0
2374,32.500000000000654,360,0
2375,21.75000000000057,395,0
2376,32.2500000000005,395,0
2377,31.10000000000072,358,0
2378,27.00000000000047,320,0
2379,37.65000000000033,347,0
2380,39.200000000000415,316,0
2381,25.40000000000053,352,0
2382,24.750000000000227,335,0
2383,35.2000000000005,306,0
2384,30.750000000000625,395,0
2385,28.2500000000003,445,0
2386,26.400000000000688,512,0
2387,31.85000000000049,433,0
2388,28.7000000000005,436,0
2389,39.30000000000038,194,0
2390,28.600000000000406,348,0
2391,32.15000000000043,277,0
2392,37.15000000000036,237,0
2393,30.75000000000084,395,0
2394,24.15000000000066,407,0
2395,41.30000000000075,394,0
2396,37.150000000000674,357,0
2397,29.4000000000009,542,0
2398,39.95000000000046,271,0
2399,27.100000000000577,348,0
2400,31.350000000000534,353,0
2401,26.2000000000005,396,0
2402,26.65000000000036,357,0
2403,31.800000000000438,314,0
2404,28.85000000000049,313,0
2405,30.90000000000019,212,0
2406,37.700000000000514,286,0
2407,20.700000000000585,446,0
2408,31.600000000000307,198,0
2409,26.500000000000355,390,0
2410,25.450000000000657,321,0
2411,26.550000000000438,299,0
2412,37.25000000000074,385,0
2413,29.050000000000566,279,0
2414,41.700000000000685,386,0
2415,26.50000000000064,330,0
2416,33.7500000000002,365,0
2417,30.100000000000378,288,0
2418,23.450000000000287,391,0
2419,26.25000000000027,305,0
2420,31.35000000000035,233,0
2421,28.650000000000446,257,0
2422,43.20000000000074,386,0
2423,27.450000000000387,281,0
2424,26.300000000000352,364,0
2425,40.200000000000486,356,0
2426,38.45000000000027,391,0
2427,47.250000000000554,305,0
2428,28.30000000000048,324,0
2429,27.150000000000688,437,0
2430,22.200000000000685,386,0
2431,34.300000000000225,234,0
2432,27.700000000000458,396,0
2433,30.400000000000418,312,0
2434,30.550000000000452,309,0
2435,36.35000000000049,283,0
2436,23.60000000000049,358,0
2437,33.40000000000046,252,0
2438,31.75000000000024,345,0
2439,31.65000000000066,467,0
2440,29.10000000000042,308,0
2441,32.350000000000435,273,0
2442,40.1500000000006,387,0
2443,24.0000000000003,410,0
2444,36.2000000000004,346,0
2445,25.050000000000367,329,0
2446,37.750000000000526,345,0
2447,39.80000000000037,424,0
2448,28.90000000000029,312,0
2449,39.4000000000005,312,0
2450,31.70000000000043,316,0
2451,36.60000000000062,398,0
2452,28.80000000000065,314,0
2453,32.50000000000048,270,0
2454,45.90000000000042,272,0
2455,35.900000000000404,322,0
2456,34.05000000000065,389,0
2457,103.95000000000012,521,0
2458,30.300000000000807,404,0
2459,30.55000000000065,369,0
2460,24.000000000000583,350,0
2461,42.80000000000031,274,0
2462,27.300000000000495,434,0
2463,35.05000000000058,279,0
2464,24.200000000000472,346,0
2465,30.600000000000307,278,0
2466,29.150000000000176,307,0
2467,31.800000000000296,314,0
2468,32.300000000000395,274,0
2469,30.900000000000674,422,0
2470,23.900000000000304,352,0
2471,37.1500000000005,237,0
2472,20.800000000000395,414,0
2473,34.9500000000006,311,0
2474,32.30000000000045,334,0
2475,41.50000000000047,270,0
2476,27.750000000000526,335,0
2477,34.15000000000046,237,0
2478,30.65000000000036,277,0
2479,26.200000000000486,366,0
2480,38.500000000000384,360,0
2481,23.15000000000046,367,0
2482,29.500000000000284,240,0
2483,37.75000000000064,285,0
2484,28.850000000000435,313,0
2485,42.60000000000059,308,0
2486,28.25000000000034,355,0
2487,39.60000000000075,428,0
2488,37.300000000000296,234,0
2489,31.40000000000046,322,0
2490,37.50000000000034,350,0
2491,24.95000000000053,331,0
2492,27.450000000000344,311,0
2493,42.05000000000048,349,0
2494,30.450000000000514,311,0
2495,40.90000000000043,282,0
2496,27.900000000000688,362,0
2497,21.85000000000028,423,0
2498,26.700000000000287,326,0
2499,26.850000000000605,383,0
2500,26.15000000000032,307,0
2501,40.50000000000067,350,0
2502,28.000000000000355,270,0
2503,24.100000000000634,348,0
2504,35.95000000000016,231,0
2505,33.350000000000406,313,0
2506,38.350000000000534,393,0
2507,33.550000000000395,309,0
2508,23.150000000000645,367,0
2509,31.600000000000307,318,0
2510,31.750000000000597,315,0
2511,30.70000000000067,396,0
2512,32.20000000000044,246,0
2513,23.50000000000034,360,0
2514,38.250000000000455,275,0
2515,38.40000000000035,272,0
2516,30.500000000000725,430,0
2517,22.45000000000033,381,0
2518,29.050000000000523,249,0
2519,23.150000000000347,367,0
2520,26.70000000000053,356,0
2521,27.650000000000617,427,0
2522,28.15000000000026,387,0
2523,27.900000000000617,362,0
2524,33.40000000000036,222,0
2525,31.150000000000304,387,0
2526,39.30000000000092,434,0
2527,34.55000000000045,319,0
2528,36.50000000000034,280,0
2529,28.900000000000148,252,0
2530,45.30000000000044,314,0
2531,47.25000000000023,275,0
2532,25.100000000000264,328,0
2533,27.350000000000236,343,0
2534,25.200000000000614,326,0
2535,34.500000000000526,380,0
2536,30.900000000000304,272,0
2537,44.600000000000534,358,0
2538,36.40000000000087,432,0
2539,28.900000000000702,402,0
2540,29.050000000000423,249,0
2541,99.85000000000012,663,0
2542,25.800000000000296,314,0
2543,37.9500000000005,281,0
2544,30.45000000000057,311,0
2545,29.500000000000696,420,0
2546,27.65000000000032,427,0
2547,27.65000000000046,397,0
2548,26.600000000000477,388,0
2549,32.55000000000051,239,0
2550,29.450000000000443,361,0
2551,26.950000000000372,501,0
2552,29.05000000000065,399,0
2553,28.950000000000443,311,0
2554,26.700000000000458,296,0
2555,27.65000000000046,337,0
2556,20.900000000000475,472,0
2557,27.7000000000006,426,0
2558,31.000000000000412,210,0
2559,31.60000000000028,348,0
2560,22.050000000000864,479,0
2561,29.800000000000367,324,0
2562,43.7500000000004,315,0
2563,25.650000000000205,407,0
2564,27.25000000000057,405,0
2565,28.200000000000642,386,0
2566,24.90000000000049,392,0
2567,35.750000000000654,355,0
2568,30.150000000000475,317,0
2569,32.600000000000605,388,0
2570,34.850000000000236,403,0
2571,37.1500000000005,387,0
2572,41.150000000000475,277,0
2573,39.75000000000044,245,0
2574,29.90000000000053,322,0
2575,21.40000000000012,432,0
2576,30.650000000000503,277,0
2577,33.85000000000035,243,0
2578,42.850000000000364,273,0
2579,24.65000000000083,427,0
2580,23.10000000000045,368,0
2581,32.450000000000315,391,0
2582,26.200000000000742,396,0
2583,29.05000000000028,279,0
2584,29.85000000000062,323,0
2585,26.95000000000043,441,0
2586,42.85000000000045,273,0
2587,27.600000000000392,278,0
2588,26.450000000000358,301,0
2589,33.95000000000044,271,0
2590,24.00000000000074,350,0
2591,30.9500000000008,391,0
2592,22.90000000000063,372,0
2593,35.65000000000036,357,0
2594,22.55000000000051,499,0
2595,34.75000000000044,315,0
2596,25.30000000000061,324,0
2597,29.25000000000047,275,0
2598,35.05000000000027,309,0
2599,26.550000000000637,389,0
2600,30.300000000000523,404,0
2601,36.95000000000053,391,0
2602,32.850000000000364,353,0
2603,22.500000000000938,470,0
2604,37.20000000000063,386,0
2605,30.550000000000466,279,0
2606,34.750000000000384,315,0
2607,25.950000000000685,461,0
2608,27.800000000000637,394,0
2609,27.500000000000227,400,0
2610,33.700000000000685,396,0
2611,26.30000000000085,424,0
2612,29.85000000000035,353,0
2613,28.200000000000344,266,0
2614,41.05000000000044,279,0
2615,26.700000000000585,386,0
2616,29.700000000000088,236,0
2617,24.850000000000634,393,0
2618,34.350000000000364,293,0
2619,25.150000000000475,327,0
2620,25.350000000000207,323,0
2621,29.400000000000446,422,0
2622,48.90000000000049,272,0
2623,33.100000000000406,318,0
2624,28.60000000000042,318,0
2625,23.40000000000049,362,0
2626,35.40000000000022,242,0
2627,30.80000000000085,394,0
2628,35.100000000000875,398,0
2629,27.200000000000443,286,0
2630,34.400000000000716,382,0
2631,29.25000000000027,245,0
2632,28.25000000000057,385,0
2633,30.300000000000324,224,0
2634,30.850000000000364,363,0
2635,34.95000000000053,281,0
2636,19.000000000000895,480,0
2637,27.35000000000045,463,0
2638,21.70000000000087,396,0
2639,32.55000000000035,239,0
2640,30.850000000000577,363,0
2641,31.950000000000514,401,0
2642,32.60000000000025,178,0
2643,27.800000000000452,394,0
2644,27.85000000000076,393,0
2645,32.15000000000093,427,0
2646,39.350000000000534,313,0
2647,28.40000000000019,262,0
2648,30.20000000000053,316,0
2649,32.050000000000324,309,0
2650,21.350000000000904,433,0
2651,27.20000000000043,286,0
2652,32.350000000000506,393,0
2653,30.70000000000033,276,0
2654,33.0000000000004,320,0
2655,30.750000000000554,365,0
2656,48.35000000000045,283,0
2657,34.05000000000051,269,0
2658,34.150000000000446,477,0
2659,30.000000000000483,350,0
2660,37.850000000000335,283,0
2661,46.400000000000446,232,0
2662,33.20000000000071,406,0
2663,40.700000000000315,196,0
2664,25.350000000000534,413,0
2665,46.800000000000495,254,0
2666,29.65000000000039,237,0
2667,29.050000000000452,249,0
2668,23.600000000000406,388,0
2669,42.550000000000495,339,0
2670,30.400000000000432,312,0
2671,25.350000000000392,353,0
2672,39.15000000000083,437,0
2673,30.650000000000446,277,0
2674,29.450000000000273,241,0
2675,28.000000000000583,390,0
2676,33.00000000000054,320,0
2677,103.95000000000051,581,0
2678,42.95000000000053,391,0
2679,29.600000000000534,358,0
2680,28.50000000000054,350,0
2681,36.80000000000085,394,0
2682,22.350000000000705,503,0
2683,45.30000000000037,314,0
2684,32.30000000000041,274,0
2685,24.050000000000296,349,0
2686,40.0000000000005,240,0
2687,35.050000000000665,309,0
2688,26.050000000000168,309,0
2689,44.45000000000026,361,0
2690,24.750000000000412,395,0
2691,29.30000000000058,394,0
2692,38.55000000000041,359,0
2693,26.850000000000605,323,0
2694,114.49999999999982,550,0
2695,25.0000000000002,330,0
2696,28.10000000000052,268,0
2697,28.650000000000347,317,0
2698,29.350000000000662,363,0
2699,26.500000000000384,390,0
2700,31.750000000000412,285,0
2701,34.05000000000042,359,0
2702,38.150000000000375,277,0
2703,39.350000000000435,283,0
2704,31.350000000000634,383,0
2705,32.65000000000053,477,0
2706,26.700000000000443,386,0
2707,26.90000000000059,442,0
2708,23.200000000000557,396,0
2709,30.2000000000007,466,0
2710,29.55000000000028,239,0
2711,106.3499999999997,563,0
2712,28.950000000000287,251,0
2713,31.450000000000543,351,0
2714,27.90000000000036,392,0
2715,34.80000000000044,404,0
2716,19.25000000000105,505,0
2717,40.55000000000068,349,0
2718,37.750000000000384,345,0
2719,31.450000000000273,201,0
2720,26.85000000000025,353,0
2721,26.95000000000026,291,0
2722,29.100000000000406,278,0
2723,29.200000000000657,426,0
2724,33.25000000000047,345,0
2725,17.200000000000344,486,0
2726,27.65000000000117,547,0
2727,25.550000000000438,349,0
2728,20.450000000000458,511,0
2729,25.600000000000207,318,0
2730,100.95000000000009,701,0
2731,29.250000000000313,275,0
2732,25.300000000000665,324,0
2733,19.4500000000004,471,0
2734,25.900000000000304,432,0
2735,21.650000000000304,397,0
2736,27.35000000000042,313,0
2737,30.550000000000182,369,0
2738,28.900000000000404,402,0
2739,34.2000000000006,326,0
2740,25.20000000000023,356,0
2741,28.550000000000566,319,0
2742,28.150000000000333,387,0
2743,28.350000000000378,263,0
2744,28.75000000000037,345,0
2745,35.750000000000625,385,0
2746,29.050000000000594,309,0
2747,32.500000000000426,360,0
2748,27.300000000000523,434,0
2749,32.25000000000064,425,0
2750,34.250000000000554,355,0
2751,32.0000000000006,280,0
2752,41.20000000000046,306,0
2753,38.50000000000044,240,0
2754,35.90000000000043,292,0
2755,37.500000000000355,230,0
2756,28.9500000000003,251,0
2757,23.300000000000622,364,0
2758,29.900000000000674,352,0
2759,30.800000000000452,244,0
2760,33.55000000000031,399,0
2761,21.700000000000585,516,0
2762,27.750000000000327,275,0
2763,24.7000000000004,396,0
2764,37.55000000000052,319,0
2765,34.35000000000038,233,0
2766,32.250000000000256,275,0
2767,25.90000000000036,312,0
2768,31.500000000000526,290,0
2769,23.150000000000688,517,0
2770,37.00000000000057,270,0
2771,33.250000000000526,315,0
2772,28.850000000000662,403,0
2773,31.100000000000193,268,0
2774,39.95000000000044,271,0
2775,41.45000000000047,241,0
2776,33.350000000000364,403,0
2777,23.950000000000443,351,0
2778,26.600000000000463,298,0
2779,99.84999999999964,543,0
2780,35.250000000000355,395,0
2781,34.500000000000526,350,0
2782,31.200000000000557,356,0
2783,37.900000000000446,312,0
2784,33.7500000000005,275,0
2785,33.80000000000038,424,0
2786,27.900000000000603,422,0
2787,28.300000000000665,354,0
2788,30.40000000000049,222,0
2789,36.950000000000415,241,0
2790,33.25000000000091,435,0
2791,33.600000000000406,308,0
2792,27.300000000000566,284,0
2793,29.45000000000053,391,0
2794,32.20000000000044,426,0
2795,21.900000000000176,422,0
2796,25.00000000000034,330,0
2797,37.65000000000059,317,0
2798,32.80000000000058,384,0
2799,32.00000000000033,280,0
2800,28.400000000000247,322,0
2801,41.15000000000043,277,0
2802,30.700000000000287,426,0
2803,30.70000000000013,276,0
2804,35.15000000000042,277,0
2805,30.200000000000202,466,0
2806,29.450000000000287,391,0
2807,25.400000000000503,352,0
2808,34.650000000000574,317,0
2809,30.60000000000062,428,0
2810,38.10000000000028,308,0
2811,30.400000000000404,312,0
2812,26.300000000000367,394,0
2813,45.350000000000676,313,0
2814,26.90000000000029,292,0
2815,25.550000000000594,349,0
2816,27.950000000000216,391,0
2817,25.30000000000051,324,0
2818,44.00000000000051,310,0
2819,32.50000000000048,240,0
2820,29.750000000000355,355,0
2821,31.7000000000005,316,0
2822,32.50000000000033,270,0
2823,95.74999999999959,595,0
2824,32.300000000000566,304,0
2825,38.7500000000005,355,0
2826,30.10000000000035,348,0
2827,39.950000000000315,361,0
2828,25.600000000000847,438,0
2829,30.950000000000273,271,0
2830,28.400000000000475,322,0
2831,107.84999999999947,473,0
2832,23.10000000000052,368,0
2833,31.10000000000049,478,0
2834,23.800000000000395,444,0
2835,30.100000000000364,348,0
2836,29.050000000000466,249,0
2837,28.500000000000284,320,0
2838,35.300000000000324,274,0
2839,105.04999999999932,439,0
2840,30.000000000000597,350,0
2841,30.300000000000523,344,0
2842,23.550000000000438,359,0
2843,33.9000000000005,242,0
2844,33.15000000000036,347,0
2845,44.250000000000455,275,0
2846,26.000000000000284,310,0
2847,25.950000000000358,311,0
2848,28.750000000000554,315,0
2849,27.250000000000625,285,0
2850,16.050000000000338,629,0
2851,33.800000000000395,364,0
2852,28.800000000000466,314,0
2853,29.000000000000227,280,0
2854,26.60000000000069,388,0
2855,34.000000000000796,390,0
2856,34.60000000000052,348,0
2857,29.1500000000008,397,0
2858,26.950000000000372,351,0
2859,39.950000000000344,271,0
2860,33.55000000000045,309,0
2861,27.65000000000066,307,0
2862,30.35000000000022,313,0
2863,28.200000000000458,266,0
2864,43.10000000000038,238,0
2865,29.100000000000392,308,0
2866,32.10000000000048,308,0
2867,26.45000000000053,361,0
2868,36.05000000000054,349,0
2869,29.10000000000059,308,0
2870,33.350000000000705,463,0
2871,37.65000000000035,197,0
2872,31.550000000000452,349,0
2873,36.550000000000324,279,0
2874,26.500000000000313,300,0
2875,30.750000000000668,395,0
2876,33.6500000000005,397,0
2877,33.650000000000475,277,0
2878,35.55000000000041,269,0
2879,29.700000000000387,356,0
2880,27.300000000000423,344,0
2881,32.55000000000037,389,0
2882,29.40000000000026,242,0
2883,24.250000000000213,345,0
2884,21.15000000000026,467,0
2885,25.500000000000554,320,0
2886,29.800000000000352,354,0
2887,29.55000000000041,239,0
2888,46.4000000000006,322,0
2889,39.50000000000048,280,0
2890,29.15000000000063,367,0
2891,41.05000000000055,279,0
2892,104.74999999999919,445,0
2893,35.85000000000038,233,0
2894,25.900000000000503,402,0
2895,37.700000000000486,286,0
2896,44.50000000000033,360,0
2897,30.550000000000495,279,0
2898,34.600000000000364,288,0
2899,45.200000000000514,286,0
2900,28.650000000000446,257,0
2901,28.700000000000557,346,0
2902,38.60000000000046,238,0
2903,32.700000000000486,356,0
2904,30.200000000000415,316,0
2905,28.85000000000086,403,0
2906,22.000000000000384,450,0
2907,40.30000000000048,354,0
2908,34.65000000000056,317,0
2909,35.85000000000021,323,0
2910,38.05000000000041,279,0
2911,37.55000000000068,319,0
2912,32.950000000000415,321,0
2913,39.95000000000057,361,0
2914,34.300000000000495,474,0
2915,23.450000000000415,481,0
2916,31.15000000000029,237,0
2917,35.70000000000029,206,0
2918,41.650000000000674,357,0
2919,27.850000000000392,273,0
2920,20.90000000000029,412,0
2921,25.45000000000067,471,0
2922,30.400000000000375,222,0
2923,31.550000000000395,349,0
2924,21.00000000000074,410,0
2925,32.20000000000033,276,0
2926,34.750000000000654,405,0
2927,29.85000000000045,233,0
2928,33.30000000000054,314,0
2929,33.05000000000065,349,0
2930,33.70000000000033,366,0
2931,30.200000000000685,316,0
2932,40.10000000000046,238,0
2933,37.85000000000076,463,0
2934,39.70000000000037,246,0
2935,27.300000000000352,314,0
2936,30.900000000000276,362,0
2937,36.15000000000039,197,0
2938,43.80000000000025,194,0
2939,32.35000000000025,273,0
2940,40.05000000000034,269,0
2941,26.400000000000702,362,0
2942,27.950000000000486,391,0
2943,24.400000000000915,552,0
2944,98.74999999999976,535,0
2945,30.2000000000005,286,0
2946,27.9500000000004,271,0
2947,40.4000000000006,292,0
2948,32.55000000000035,239,0
2949,40.25000000000041,235,0
2950,37.35000000000065,353,0
2951,31.050000000000523,359,0
2952,30.300000000000807,464,0
2953,29.15000000000039,277,0
2954,42.9000000000005,392,0
2955,28.95000000000057,311,0
2956,28.100000000000875,508,0
2957,30.650000000000773,397,0
2958,33.350000000000534,313,0
2959,24.000000000000483,350,0
2960,37.15000000000052,267,0
2961,35.05000000000034,399,0
2962,35.000000000000384,430,0
2963,33.60000000000048,278,0
2964,34.95000000000043,281,0
2965,28.300000000000793,474,0
2966,30.050000000000622,349,0
2967,29.75000000000061,355,0
2968,25.500000000000412,320,0
2969,29.550000000000395,269,0
2970,44.45000000000046,271,0
2971,25.50000000000047,440,0
2972,34.05000000000034,239,0
2973,22.050000000000836,479,0
2974,32.80000000000031,324,0
2975,39.80000000000037,274,0
2976,40.60000000000039,318,0
2977,25.050000000000736,479,0
2978,31.050000000000338,359,0
2979,30.30000000000061,314,0
2980,33.95000000000039,361,0
2981,31.650000000000418,347,0
2982,28.05000000000058,359,0
2983,31.550000000000395,469,0
2984,27.55000000000038,279,0
2985,33.250000000000455,315,0
2986,41.40000000000077,392,0
2987,36.00000000000057,320,0
2988,39.200000000000614,316,0
2989,29.300000000000523,424,0
2990,22.200000000000657,386,0
2991,28.600000000000193,258,0
2992,29.950000000000742,321,0
2993,25.7500000000002,315,0
2994,27.000000000000682,350,0
2995,33.55000000000052,279,0
2996,37.350000000000406,353,0
2997,29.850000000000577,353,0
2998,27.000000000000597,350,0
2999,34.80000000000099,464,0
3000,38.20000000000054,366,0
3001,26.75000000000064,295,0
3002,34.45000000000047,231,0
3003,46.20000000000043,236,0
3004,36.55000000000034,249,0
3005,21.000000000000597,500,0
3006,31.550000000000153,199,0
3007,30.350000000000293,313,0
3008,25.85000000000035,403,0
3009,25.25000000000051,325,0
3010,30.35000000000035,313,0
3011,33.050000000000296,319,0
3012,36.4500000000006,311,0
3013,41.350000000000506,273,0
3014,27.650000000000645,397,0
3015,34.35000000000042,233,0
3016,38.35000000000032,273,0
3017,28.700000000000472,316,0
3018,23.60000000000069,358,0
3019,35.15000000000036,247,0
3020,20.050000000001035,489,0
3021,36.10000000000032,198,0
3022,46.70000000000044,316,0
3023,29.700000000000287,236,0
3024,105.84999999999995,543,0
3025,30.650000000000375,217,0
3026,31.550000000000367,319,0
3027,31.900000000000432,312,0
3028,36.200000000000685,346,0
3029,33.550000000000324,309,0
3030,40.200000000000344,236,0
3031,40.150000000000546,357,0
3032,31.60000000000069,468,0
3033,30.500000000000398,310,0
3034,47.85000000000038,233,0
3035,33.65000000000022,307,0
3036,40.500000000000284,230,0
3037,101.34999999999981,663,0
3038,37.85000000000055,313,0
3039,34.75000000000041,315,0
3040,41.80000000000058,354,0
3041,26.200000000000514,366,0
3042,30.300000000000452,314,0
3043,43.25000000000033,235,0
3044,31.550000000000637,349,0
3045,28.10000000000055,268,0
3046,32.45000000000033,241,0
3047,35.400000000000816,392,0
3048,44.90000000000036,232,0
3049,28.5000000000003,260,0
3050,26.350000000000634,363,0
3051,26.650000000000276,297,0
3052,33.9500000000003,391,0
3053,44.050000000000594,309,0
3054,36.75000000000033,275,0
3055,31.850000000000406,313,0
3056,31.850000000000307,313,0
3057,21.450000000000713,431,0
3058,40.40000000000025,352,0
3059,33.15000000000042,347,0
3060,30.350000000000634,313,0
3061,31.600000000000307,348,0
3062,36.45000000000043,311,0
3063,33.35000000000058,313,0
3064,29.350000000000392,243,0
3065,27.650000000000418,277,0
3066,95.95000000000074,591,0
3067,45.85000000000031,273,0
3068,36.700000000000216,396,0
3069,29.450000000000358,391,0
3070,37.850000000000406,313,0
3071,25.500000000000384,320,0
3072,111.40000000000013,582,0
3073,45.700000000000486,276,0
3074,22.900000000000617,402,0
3075,47.05000000000054,279,0
3076,28.650000000000304,467,0
3077,44.95000000000036,321,0
3078,23.60000000000052,358,0
3079,42.500000000000796,400,0
3080,35.70000000000046,326,0
3081,32.35000000000048,363,0
3082,32.95000000000046,321,0
3083,33.95000000000047,391,0
3084,27.30000000000041,314,0
3085,35.850000000000506,383,0
3086,27.50000000000034,310,0
3087,23.250000000000284,365,0
3088,41.0000000000004,280,0
3089,26.2000000000004,366,0
3090,39.2500000000004,435,0
3091,24.75000000000044,425,0
3092,25.30000000000038,354,0
3093,27.05000000000051,319,0
3094,24.30000000000038,344,0
3095,33.85000000000059,423,0
3096,28.950000000000287,431,0
3097,19.700000000000387,466,0
3098,25.15000000000053,327,0
3099,14.400000000000134,572,0
3100,33.60000000000046,278,0
3101,34.80000000000035,284,0
3102,33.60000000000046,308,0
3103,31.55000000000061,319,0
3104,27.75000000000054,395,0
3105,30.700000000000344,216,0
3106,42.5000000000005,280,0
3107,33.05000000000028,319,0
3108,21.90000000000083,422,0
3109,30.80000000000021,214,0
3110,24.60000000000062,398,0
3111,27.150000000000404,287,0
3112,31.200000000000713,386,0
3113,31.60000000000055,348,0
3114,23.800000000000537,474,0
3115,25.650000000000517,347,0
3116,29.15000000000063,427,0
3117,28.9500000000003,311,0
3118,26.900000000000432,292,0
3119,28.40000000000049,262,0
3120,30.250000000000384,225,0
3121,41.100000000000506,308,0
3122,37.30000000000018,234,0
3123,32.80000000000035,234,0
3124,35.750000000000526,385,0
3125,33.650000000000574,427,0
3126,31.950000000000458,431,0
3127,37.20000000000046,266,0
3128,21.300000000000665,434,0
3129,27.800000000000423,274,0
3130,33.400000000000276,312,0
3131,35.7000000000007,356,0
3132,31.250000000000355,235,0
3133,29.250000000000398,245,0
3134,33.15000000000053,317,0
3135,26.300000000000438,394,0
3136,34.30000000000034,234,0
3137,24.55000000000088,429,0
3138,33.400000000000915,432,0
3139,40.95000000000043,311,0
3140,31.450000000000358,201,0
3141,45.30000000000058,314,0
3142,36.80000000000034,274,0
3143,26.700000000000628,356,0
3144,29.900000000000475,382,0
3145,23.400000000000517,362,0
3146,28.700000000000685,376,0
3147,31.600000000000477,288,0
3148,26.900000000000517,292,0
3149,30.600000000000534,428,0
3150,34.60000000000032,318,0
3151,33.75000000000031,215,0
3152,33.05000000000021,199,0
3153,40.2000000000007,326,0
3154,29.15000000000026,307,0
3155,33.5000000000005,280,0
3156,21.300000000000722,404,0
3157,24.40000000000063,402,0
3158,33.30000000000037,404,0
3159,31.80000000000058,404,0
3160,26.050000000000196,309,0
3161,26.950000000000315,381,0
3162,30.4500000000005,281,0
3163,32.00000000000071,430,0
3164,46.95000000000047,311,0
3165,36.700000000000585,276,0
3166,28.450000000000387,381,0
3167,23.000000000000796,400,0
3168,37.75000000000044,255,0
3169,35.2500000000002,275,0
3170,31.250000000000668,385,0
3171,31.30000000000024,354,0
3172,52.700000000000415,196,0
3173,31.000000000000313,270,0
3174,28.650000000000347,257,0
3175,29.150000000000276,277,0
3176,26.550000000000466,299,0
3177,35.4500000000003,211,0
3178,33.7500000000005,275,0
3179,36.35000000000076,433,0
3180,29.950000000000585,441,0
3181,39.45000000000036,281,0
3182,29.200000000000287,306,0
3183,33.20000000000054,346,0
3184,33.050000000000466,469,0
3185,29.55000000000051,359,0
3186,32.10000000000049,278,0
3187,27.900000000000503,272,0
3188,28.900000000000446,402,0
3189,36.55000000000031,279,0
3190,28.25000000000051,355,0
3191,29.850000000000477,293,0
3192,26.050000000000296,309,0
3193,26.250000000000455,305,0
3194,31.800000000000395,314,0
3195,26.4500000000004,301,0
3196,43.500000000000625,320,0
3197,34.500000000000554,350,0
3198,100.65000000000067,497,0
3199,28.100000000000207,268,0
3200,99.04999999999986,589,0
3201,106.85000000000021,523,0
3202,38.85000000000039,323,0
3203,32.300000000000395,274,0
3204,36.7500000000005,275,0
3205,29.60000000000059,358,0
3206,18.85000000000076,453,0
3207,33.70000000000043,246,0
3208,36.95000000000044,271,0
3209,41.40000000000042,272,0
3210,22.850000000000506,403,0
3211,35.000000000000625,280,0
3212,38.050000000000466,309,0
3213,42.150000000000645,347,0
3214,20.30000000000112,544,0
3215,41.1500000000006,427,0
3216,31.550000000000466,319,0
3217,25.10000000000055,328,0
3218,35.45000000000071,481,0
3219,26.050000000000537,339,0
3220,32.35000000000038,363,0
3221,24.05000000000055,349,0
3222,41.30000000000048,424,0
3223,23.950000000000202,351,0
3224,31.40000000000032,352,0
3225,28.600000000000577,348,0
3226,39.650000000000404,427,0
3227,43.600000000000364,348,0
3228,32.750000000000185,325,0
3229,42.10000000000055,348,0
3230,34.35000000000032,293,0
3231,38.300000000000736,394,0
3232,23.600000000000463,358,0
3233,35.750000000000455,385,0
3234,31.30000000000038,354,0
3235,27.05000000000028,319,0
3236,38.65000000000039,237,0
3237,23.400000000000603,362,0
3238,31.55000000000051,349,0
3239,34.850000000000435,313,0
3240,24.300000000000267,344,0
3241,22.850000000000506,373,0
3242,28.850000000000392,313,0
3243,34.5000000000005,320,0
3244,29.900000000000404,322,0
3245,37.90000000000012,402,0
3246,40.35000000000066,353,0
3247,36.40000000000025,402,0
3248,22.85000000000049,373,0
3249,28.700000000000657,436,0
3250,34.55000000000058,319,0
3251,43.55000000000061,319,0
3252,28.750000000000625,285,0
3253,34.75000000000027,285,0
3254,26.050000000000196,669,0
3255,31.60000000000035,348,0
3256,46.40000000000046,232,0
3257,40.30000000000055,324,0
3258,30.450000000000458,461,0
3259,23.950000000000642,441,0
3260,30.150000000000404,227,0
3261,33.65000000000026,277,0
3262,23.650000000000304,357,0
3263,43.050000000000395,239,0
3264,21.900000000000432,392,0
3265,27.900000000000205,272,0
3266,21.000000000000696,530,0
3267,26.500000000000796,390,0
3268,31.200000000000315,206,0
3269,26.000000000000526,310,0
3270,34.2000000000005,356,0
3271,38.300000000000466,274,0
3272,43.900000000000446,312,0
3273,31.100000000000506,328,0
3274,33.300000000000466,284,0
3275,31.950000000000273,191,0
3276,36.7000000000003,276,0
3277,36.85000000000028,273,0
3278,21.800000000000296,484,0
3279,30.40000000000029,342,0
3280,25.90000000000049,342,0
3281,23.60000000000059,388,0
3282,40.95000000000017,281,0
3283,29.150000000000418,247,0
3284,26.55000000000014,329,0
3285,27.450000000000287,461,0
3286,43.85000000000038,313,0
3287,39.60000000000048,278,0
3288,34.250000000000426,355,0
3289,25.400000000000418,322,0
3290,24.800000000000296,424,0
3291,35.05000000000037,309,0
3292,42.250000000000654,345,0
3293,29.450000000000472,271,0
3294,33.10000000000039,318,0
3295,16.80000000000024,494,0
3296,31.20000000000033,236,0
3297,38.50000000000031,240,0
3298,27.700000000000486,396,0
3299,42.300000000000495,284,0
3300,38.100000000000435,308,0
3301,30.000000000000412,350,0
3302,35.9000000000005,352,0
3303,17.000000000000398,610,0
3304,28.25000000000054,355,0
3305,35.85000000000038,323,0
3306,25.450000000000387,351,0
3307,27.30000000000028,284,0
3308,20.750000000000327,415,0
3309,29.900000000000517,472,0
3310,35.80000000000041,324,0
3311,20.000000000000753,460,0
3312,102.59999999999958,608,0
3313,31.900000000000418,282,0
3314,33.50000000000044,310,0
3315,32.600000000000534,358,0
3316,28.100000000000463,268,0
3317,39.30000000000044,464,0
3318,38.45000000000036,391,0
3319,34.95000000000054,311,0
3320,28.150000000000574,357,0
3321,42.750000000000426,275,0
3322,41.15000000000043,277,0
3323,25.000000000001165,510,0
3324,29.650000000000617,387,0
3325,39.75000000000064,425,0
3326,29.45000000000033,271,0
3327,27.850000000000392,273,0
3328,25.50000000000037,320,0
3329,37.85000000000073,493,0
3330,40.75000000000067,315,0
3331,29.300000000000537,274,0
3332,34.70000000000027,316,0
3333,31.150000000000475,387,0
3334,44.200000000000486,246,0
3335,30.40000000000046,402,0
3336,23.000000000000284,400,0
3337,40.20000000000036,236,0
3338,27.400000000000304,312,0
3339,38.45000000000033,271,0
3340,34.30000000000065,384,0
3341,35.500000000000696,360,0
3342,36.60000000000052,278,0
3343,25.750000000000185,315,0
3344,27.90000000000039,272,0
3345,19.150000000000617,477,0
3346,21.450000000000117,401,0
3347,42.150000000000716,407,0
3348,36.85000000000042,273,0
3349,40.100000000000506,388,0
3350,32.50000000000044,270,0
3351,47.300000000000594,304,0
3352,25.300000000000594,444,0
3353,21.550000000000523,399,0
3354,26.300000000000452,304,0
3355,34.00000000000033,240,0
3356,37.4500000000003,231,0
3357,35.55000000000037,359,0
3358,35.45000000000036,271,0
3359,26.80000000000038,324,0
3360,40.80000000000061,314,0
3361,24.00000000000044,350,0
3362,37.70000000000067,316,0
3363,44.300000000000395,274,0
3364,18.4000000000009,462,0
3365,33.10000000000022,198,0
3366,39.55000000000045,279,0
3367,19.500000000000753,440,0
3368,38.55000000000035,269,0
3369,18.400000000000986,552,0
3370,28.800000000000765,344,0
3371,26.95000000000026,291,0
3372,34.30000000000044,354,0
3373,37.10000000000056,388,0
3374,41.40000000000043,272,0
3375,36.20000000000017,346,0
3376,31.10000000000069,358,0
3377,33.000000000000625,350,0
3378,44.00000000000054,310,0
3379,36.150000000000475,287,0
3380,23.150000000000503,427,0
3381,31.550000000000736,349,0
3382,33.35000000000056,283,0
3383,30.6500000000009,427,0
3384,28.35000000000022,353,0
3385,20.650000000000475,477,0
3386,22.850000000000662,373,0
3387,37.00000000000048,240,0
3388,34.00000000000037,240,0
3389,28.9500000000003,251,0
3390,36.2000000000003,286,0
3391,34.20000000000053,326,0
3392,24.20000000000043,346,0
3393,25.75000000000057,435,0
3394,26.000000000000426,400,0
3395,29.50000000000047,390,0
3396,24.800000000000637,424,0
3397,35.05000000000061,399,0
3398,30.950000000000472,271,0
3399,38.70000000000064,356,0
3400,33.65000000000042,277,0
3401,47.300000000000566,274,0
3402,31.200000000000486,236,0
3403,24.150000000000375,347,0
3404,32.500000000000654,390,0
3405,35.35000000000046,243,0
3406,26.750000000000256,295,0
3407,39.45000000000043,311,0
3408,26.45000000000026,301,0
3409,25.450000000000642,411,0
3410,29.500000000000625,390,0
3411,41.400000000000404,392,0
3412,27.40000000000049,312,0
3413,36.700000000000415,276,0
3414,30.500000000000355,220,0
3415,37.10000000000042,268,0
3416,28.350000000000435,323,0
3417,29.2000000000006,336,0
3418,24.700000000000287,336,0
3419,23.850000000000207,353,0
3420,25.250000000000156,355,0
3421,38.850000000000435,233,0
3422,31.300000000000324,384,0
3423,48.850000000000364,243,0
3424,32.25000000000048,335,0
3425,28.150000000000347,387,0
3426,30.15000000000032,437,0
3427,28.4500000000003,261,0
3428,25.550000000000566,319,0
3429,32.35000000000029,273,0
3430,21.40000000000032,402,0
3431,43.15000000000043,237,0
3432,36.30000000000041,314,0
3433,26.600000000000534,298,0
3434,39.45000000000043,311,0
3435,37.500000000000554,350,0
3436,34.70000000000054,346,0
3437,29.400000000000645,392,0
3438,33.000000000000355,350,0
3439,33.50000000000057,310,0
3440,24.600000000000435,338,0
3441,28.90000000000032,252,0
3442,32.550000000000736,419,0
3443,35.95000000000053,321,0
3444,28.450000000000415,351,0
3445,30.300000000000367,224,0
3446,27.100000000000577,288,0
3447,30.55000000000092,459,0
3448,31.250000000000284,205,0
3449,29.00000000000078,430,0
3450,29.650000000000503,357,0
3451,30.500000000000497,280,0
3452,23.450000000000585,361,0
3453,24.300000000000423,344,0
3454,35.65000000000063,417,0
3455,31.550000000000267,199,0
3456,19.800000000000864,524,0
3457,30.80000000000031,424,0
3458,36.75000000000037,245,0
3459,39.65000000000049,277,0
3460,26.75000000000034,355,0
3461,30.150000000000247,227,0
3462,23.250000000000625,395,0
3463,30.050000000000253,229,0
3464,33.45000000000066,401,0
3465,34.05000000000037,239,0
3466,37.65000000000043,317,0
3467,25.050000000000225,329,0
3468,40.350000000000506,383,0
3469,27.30000000000061,344,0
3470,42.25000000000023,195,0
3471,31.150000000000162,207,0
3472,28.00000000000054,360,0
3473,26.10000000000028,308,0
3474,23.450000000000443,361,0
3475,38.15000000000053,307,0
3476,31.150000000000546,357,0
3477,25.850000000000392,313,0
3478,32.75000000000037,235,0
3479,29.950000000000557,321,0
3480,29.75000000000027,355,0
3481,30.400000000000503,312,0
3482,24.950000000000287,361,0
3483,37.30000000000054,354,0
3484,25.600000000000506,318,0
3485,28.450000000000315,261,0
3486,34.80000000000058,284,0
3487,30.10000000000059,318,0
3488,27.250000000000384,285,0
3489,24.750000000000554,395,0
3490,27.45000000000043,311,0
3491,23.150000000000347,367,0
3492,38.20000000000033,276,0
3493,23.850000000000577,353,0
3494,25.200000000000585,476,0
3495,90.10000000000046,738,0
3496,36.9500000000003,271,0
3497,48.70000000000054,276,0
3498,43.050000000000395,359,0
3499,34.65000000000049,287,0
3500,30.100000000000705,348,0
3501,34.55000000000041,289,0
3502,37.65000000000036,197,0
3503,33.950000000000614,391,0
3504,29.300000000000594,394,0
3505,30.550000000000395,279,0
3506,19.150000000000404,447,0
3507,32.450000000000344,271,0
3508,38.05000000000052,309,0
3509,30.900000000000333,242,0
3510,25.500000000000327,320,0
3511,32.850000000000435,353,0
3512,38.65000000000052,387,0
3513,34.850000000000534,313,0
3514,32.750000000000526,355,0
3515,34.750000000000426,315,0
3516,38.65000000000022,267,0
3517,41.30000000000035,244,0
3518,38.000000000000554,310,0
3519,28.800000000000495,254,0
3520,39.95000000000067,391,0
3521,29.550000000000395,239,0
3522,21.650000000000503,397,0
3523,22.700000000000415,376,0
3524,27.150000000000432,437,0
3525,33.70000000000057,306,0
3526,34.40000000000062,322,0
3527,27.650000000000503,427,0
3528,19.100000000000293,448,0
3529,30.800000000000523,394,0
3530,30.350000000000378,223,0
3531,34.900000000000304,282,0
3532,35.20000000000039,276,0
3533,25.55000000000051,349,0
3534,31.95000000000057,311,0
3535,33.850000000000364,363,0
3536,26.200000000000372,336,0
3537,30.15000000000049,287,0
3538,40.700000000000415,316,0
3539,42.55000000000027,159,0
3540,18.400000000000773,462,0
3541,30.700000000000585,516,0
3542,31.900000000000617,432,0
3543,31.9500000000006,281,0
3544,26.450000000000685,391,0
3545,30.600000000000435,278,0
3546,34.150000000000475,267,0
3547,28.30000000000041,324,0
3548,28.10000000000055,358,0
3549,25.7000000000004,316,0
3550,32.05000000000031,309,0
3551,21.700000000000344,396,0
3552,36.25000000000021,195,0
3553,25.150000000000418,327,0
3554,27.75000000000044,275,0
3555,44.550000000000466,269,0
3556,26.550000000000352,359,0
3557,24.950000000000657,331,0
3558,28.100000000000946,418,0
3559,22.50000000000037,380,0
3560,29.95000000000057,351,0
3561,43.40000000000046,322,0
3562,27.75000000000051,275,0
3563,33.60000000000056,518,0
3564,22.30000000000082,504,0
3565,32.55000000000048,269,0
3566,36.900000000000475,272,0
3567,29.50000000000044,240,0
3568,40.550000000000594,319,0
3569,25.150000000000375,327,0
3570,35.9500000000008,351,0
3571,29.40000000000066,392,0
3572,38.75000000000033,235,0
3573,35.650000000000446,237,0
3574,28.850000000000577,313,0
3575,34.30000000000034,234,0
3576,25.250000000000284,385,0
3577,28.000000000000412,270,0
3578,24.40000000000039,432,0
3579,32.15000000000052,397,0
3580,30.60000000000028,308,0
3581,23.05000000000085,459,0
3582,27.000000000000654,440,0
3583,43.55000000000048,319,0
3584,38.30000000000034,244,0
3585,30.500000000000156,220,0
3586,33.05000000000027,349,0
3587,25.900000000000517,312,0
3588,30.95000000000033,241,0
3589,31.650000000000347,347,0
3590,29.850000000000577,323,0
3591,34.600000000000506,288,0
3592,28.900000000000617,432,0
3593,29.40000000000026,362,0
3594,34.60000000000048,318,0
3595,29.050000000000466,279,0
3596,25.850000000000335,433,0
3597,32.600000000000264,478,0
3598,27.65000000000019,277,0
3599,27.95000000000053,361,0
3600,25.90000000000053,402,0
3601,38.55000000000052,359,0
3602,40.90000000000036,282,0
3603,19.30000000000109,504,0
3604,31.60000000000055,318,0
3605,29.300000000000566,274,0
3606,29.90000000000086,502,0
3607,30.050000000000225,229,0
3608,36.500000000000426,310,0
3609,33.200000000000486,346,0
3610,27.950000000000685,361,0
3611,29.2000000000004,426,0
3612,24.400000000000702,402,0
3613,30.200000000000784,436,0
3614,32.35000000000042,273,0
3615,35.4500000000006,361,0
3616,30.750000000000853,395,0
3617,30.75000000000057,275,0
3618,28.450000000000372,351,0
3619,42.200000000000315,196,0
3620,24.30000000000068,344,0
3621,29.050000000000423,279,0
3622,35.10000000000056,308,0
3623,26.75000000000024,445,0
3624,37.250000000000625,325,0
3625,35.95000000000023,201,0
3626,29.25000000000027,245,0
3627,36.550000000000495,279,0
3628,26.600000000000335,388,0
3629,21.000000000000497,410,0
3630,34.95000000000044,311,0
3631,34.10000000000075,388,0
3632,28.500000000000398,350,0
3633,33.650000000000304,277,0
3634,99.14999999999962,677,0
3635,34.300000000000495,354,0
3636,24.000000000000128,350,0
3637,31.15000000000049,477,0
3638,19.350000000000506,443,0
3639,41.7000000000004,236,0
3640,34.400000000000645,322,0
3641,22.100000000000733,388,0
3642,28.650000000000603,347,0
3643,34.35000000000048,383,0
3644,27.150000000000404,287,0
3645,34.75000000000031,315,0
3646,31.600000000000534,318,0
3647,39.80000000000042,274,0
3648,26.30000000000041,364,0
3649,37.25000000000048,355,0
3650,17.850000000000932,623,0
3651,39.00000000000047,350,0
3652,27.15000000000093,467,0
3653,23.950000000000827,441,0
3654,37.550000000000324,409,0
3655,29.10000000000032,248,0
3656,28.950000000000813,431,0
3657,23.30000000000048,424,0
3658,37.650000000000745,467,0
3659,30.850000000000577,543,0
3660,31.200000000000855,506,0
3661,28.75000000000051,315,0
3662,30.2000000000004,286,0
3663,36.600000000000406,248,0
3664,32.35000000000035,273,0
3665,33.90000000000086,422,0
3666,28.200000000000344,266,0
3667,30.800000000000338,214,0
3668,19.50000000000017,440,0
3669,26.300000000000438,304,0
3670,31.950000000000585,431,0
3671,25.250000000000554,325,0
3672,21.75000000000034,395,0
3673,38.300000000000324,274,0
3674,29.10000000000028,248,0
3675,25.050000000000253,329,0
3676,32.15000000000063,397,0
3677,24.75000000000024,365,0
3678,31.550000000000523,349,0
3679,27.10000000000049,318,0
3680,23.350000000000307,363,0
3681,22.900000000000446,372,0
3682,38.70000000000046,236,0
3683,22.400000000000333,442,0
3684,30.150000000000375,227,0
3685,35.05000000000042,279,0
3686,30.850000000000463,273,0
3687,41.05000000000058,369,0
3688,35.05000000000091,429,0
3689,26.700000000000443,326,0
3690,32.10000000000049,278,0
3691,26.550000000000594,419,0
3692,35.700000000000344,236,0
3693,31.80000000000031,284,0
3694,27.200000000000415,286,0
3695,31.35000000000042,323,0
3696,33.60000000000038,278,0
3697,32.700000000000514,356,0
3698,31.7000000000005,316,0
3699,38.250000000000426,275,0
3700,28.15000000000049,267,0
3701,36.80000000000052,364,0
3702,30.400000000000446,312,0
3703,28.600000000000477,348,0
3704,29.200000000000287,246,0
3705,28.60000000000018,258,0
3706,31.400000000000517,322,0
3707,42.400000000000574,312,0
3708,28.750000000000284,255,0
3709,12.250000000000902,585,0
3710,44.4500000000005,361,0
3711,27.500000000000426,280,0
3712,26.800000000000438,294,0
3713,24.85000000000069,363,0
3714,30.850000000000236,213,0
3715,32.70000000000056,326,0
3716,36.900000000000304,242,0
3717,22.500000000000327,380,0
3718,22.950000000000756,431,0
3719,43.9000000000006,312,0
3720,16.60000000000035,498,0
3721,36.100000000000335,198,0
3722,43.30000000000042,234,0
3723,35.35000000000042,273,0
3724,34.05000000000088,389,0
3725,29.600000000000207,358,0
3726,34.45000000000054,321,0
3727,29.600000000000563,358,0
3728,24.55000000000055,339,0
3729,26.95000000000057,351,0
3730,102.14999999999982,467,0
3731,32.25000000000048,275,0
3732,33.25000000000033,285,0
3733,30.300000000000352,284,0
3734,19.050000000000736,479,0
3735,41.95000000000039,351,0
3736,26.00000000000034,310,0
3737,25.75000000000044,465,0
3738,40.50000000000091,440,0
3739,39.5000000000006,310,0
3740,38.50000000000044,270,0
3741,31.700000000000628,436,0
3742,29.70000000000026,356,0
3743,35.550000000000466,269,0
3744,37.100000000000534,358,0
3745,32.80000000000037,354,0
3746,26.55000000000061,449,0
3747,32.300000000000225,184,0
3748,29.700000000000415,386,0
3749,39.95000000000036,391,0
3750,18.75000000000091,545,0
3751,29.75000000000064,385,0
3752,25.300000000000466,384,0
3753,35.90000000000032,232,0
3754,29.300000000000225,274,0
3755,28.450000000000486,411,0
3756,35.4500000000005,271,0
3757,30.250000000000554,315,0
3758,30.750000000000355,275,0
3759,32.80000000000028,234,0
3760,42.550000000000665,309,0
3761,42.800000000000594,274,0
3762,30.400000000000375,222,0
3763,33.2500000000005,315,0
3764,31.95000000000057,281,0
3765,20.900000000000645,472,0
3766,27.400000000000517,282,0
3767,27.650000000000603,397,0
3768,24.850000000000378,333,0
3769,33.300000000000594,314,0
3770,38.150000000000375,277,0
3771,34.450000000000344,231,0
3772,20.250000000000938,515,0
3773,34.65000000000052,317,0
3774,36.50000000000058,400,0
3775,35.0000000000004,310,0
3776,31.800000000000324,314,0
3777,22.35000000000059,413,0
3778,36.15000000000032,347,0
3779,44.150000000000446,277,0
3780,34.800000000000566,314,0
3781,33.10000000000052,348,0
3782,35.100000000000534,308,0
3783,25.25000000000034,325,0
3784,30.65000000000083,427,0
3785,33.05000000000055,289,0
3786,30.100000000000307,318,0
3787,34.70000000000064,346,0
3788,29.650000000000404,387,0
3789,28.900000000000418,312,0
3790,31.100000000000435,358,0
3791,38.05000000000024,159,0
3792,21.600000000000406,398,0
3793,38.95000000000053,351,0
3794,28.650000000000432,317,0
3795,40.700000000000614,346,0
3796,34.75000000000044,345,0
3797,33.45000000000043,431,0
3798,34.100000000000634,388,0
3799,30.050000000000367,229,0
3800,36.600000000000406,248,0
3801,22.600000000000463,378,0
3802,37.100000000000634,388,0
3803,23.700000000000472,356,0
3804,23.90000000000049,382,0
3805,39.40000000000049,312,0
3806,39.950000000000514,391,0
3807,28.300000000000423,354,0
3808,34.80000000000041,344,0
3809,28.75000000000027,315,0
3810,31.350000000000563,323,0
3811,24.50000000000044,340,0
3812,27.80000000000051,394,0
3813,37.9500000000003,281,0
3814,32.30000000000044,274,0
3815,30.4500000000005,311,0
3816,28.700000000000415,316,0
3817,18.300000000000907,584,0
3818,30.80000000000028,364,0
3819,33.00000000000027,200,0
3820,27.600000000000236,278,0
3821,33.00000000000058,320,0
3822,26.55000000000021,329,0
3823,29.000000000000398,250,0
3824,32.7000000000005,386,0
3825,27.45000000000077,401,0
3826,28.500000000000398,350,0
3827,30.150000000000347,227,0
3828,25.35000000000035,353,0
3829,102.75000000000018,515,0
3830,38.70000000000064,326,0
3831,23.00000000000054,430,0
3832,28.75000000000034,315,0
3833,31.550000000000594,349,0
3834,28.850000000000406,313,0
3835,32.15000000000032,277,0
3836,32.2000000000004,246,0
3837,30.50000000000074,430,0
3838,25.700000000000415,346,0
3839,31.90000000000039,372,0
3840,26.60000000000055,358,0
3841,26.000000000000583,310,0
3842,26.15000000000066,397,0
3843,29.600000000000193,358,0
3844,28.20000000000016,326,0
3845,29.500000000000554,360,0
3846,25.500000000000526,320,0
3847,43.100000000000705,358,0
3848,25.950000000000173,431,0
3849,27.70000000000043,306,0
3850,27.650000000000787,427,0
3851,29.900000000000375,352,0
3852,47.40000000000046,272,0
3853,29.500000000000725,480,0
3854,24.95000000000043,361,0
3855,41.70000000000046,386,0
3856,32.90000000000042,322,0
3857,23.000000000000426,370,0
3858,25.200000000000443,356,0
3859,42.70000000000047,306,0
3860,38.45000000000074,361,0
3861,22.000000000000384,390,0
3862,33.60000000000048,248,0
3863,41.80000000000045,234,0
3864,28.450000000000486,351,0
3865,30.65000000000032,217,0
3866,35.600000000000605,388,0
3867,43.25000000000034,235,0
3868,20.250000000000867,425,0
3869,44.4500000000006,361,0
3870,32.40000000000033,272,0
3871,33.40000000000056,312,0
3872,41.60000000000049,238,0
3873,42.750000000000554,275,0
3874,29.00000000000027,250,0
3875,38.80000000000048,384,0
3876,32.15000000000042,277,0
3877,26.450000000000344,301,0
3878,37.250000000000355,295,0
3879,31.050000000000622,389,0
3880,30.5000000000002,220,0
3881,24.950000000000742,391,0
3882,22.55000000000038,379,0
3883,29.15000000000059,427,0
3884,27.550000000000537,429,0
3885,40.70000000000054,346,0
3886,29.500000000000384,240,0
3887,28.050000000000296,359,0
3888,29.30000000000024,274,0
3889,20.10000000000022,488,0
3890,35.30000000000069,364,0
3891,26.25000000000047,305,0
3892,36.550000000000566,309,0
3893,35.10000000000039,278,0
3894,34.25000000000044,235,0
3895,28.25000000000024,475,0
3896,31.600000000000747,348,0
3897,28.25000000000044,325,0
3898,36.10000000000045,438,0
3899,33.95000000000036,271,0
3900,34.200000000000344,206,0
3901,32.60000000000066,388,0
3902,25.050000000000523,329,0
3903,7.6000000000000725,678,0
3904,34.600000000000634,438,0
3905,32.50000000000034,270,0
3906,29.80000000000055,294,0
3907,29.75000000000054,355,0
3908,35.75000000000037,355,0
3909,33.35000000000029,283,0
3910,25.30000000000051,324,0
3911,33.650000000000276,307,0
3912,44.05000000000044,279,0
3913,35.75000000000058,355,0
3914,30.250000000000668,435,0
3915,35.80000000000042,324,0
3916,30.10000000000022,228,0
3917,33.200000000000514,316,0
3918,40.500000000000355,350,0
3919,41.85000000000046,353,0
3920,15.650000000000759,547,0
3921,33.25000000000027,315,0
3922,26.00000000000044,310,0
3923,39.700000000000486,276,0
3924,48.70000000000046,276,0
3925,47.40000000000026,272,0
3926,36.45000000000047,281,0
3927,38.60000000000058,328,0
3928,36.15000000000076,347,0
3929,23.100000000000463,398,0
3930,25.15000000000083,477,0
3931,26.750000000000398,295,0
3932,32.000000000000654,310,0
3933,31.95000000000053,311,0
3934,36.20000000000046,346,0
3935,32.950000000000344,231,0
3936,33.950000000000756,391,0
3937,30.850000000000406,273,0
3938,30.40000000000022,282,0
3939,33.05000000000048,319,0
3940,32.05000000000102,429,0
3941,31.400000000000304,202,0
3942,33.25000000000027,315,0
3943,33.10000000000039,318,0
3944,28.900000000000418,252,0
3945,25.00000000000047,420,0
3946,40.80000000000058,314,0
3947,35.30000000000042,274,0
3948,23.45000000000053,361,0
3949,25.300000000000594,444,0
3950,29.05000000000055,309,0
3951,29.000000000000284,250,0
3952,22.550000000000722,589,0
3953,27.15000000000029,287,0
3954,34.20000000000033,236,0
3955,23.250000000000753,425,0
3956,39.80000000000069,364,0
3957,26.300000000000594,394,0
3958,27.55000000000065,429,0
3959,28.200000000000358,266,0
3960,23.30000000000028,364,0
3961,34.05000000000038,359,0
3962,28.90000000000059,312,0
3963,35.65000000000063,357,0
3964,35.600000000000435,268,0
3965,36.00000000000033,230,0
3966,23.250000000000355,395,0
3967,35.85000000000058,293,0
3968,35.35000000000042,273,0
3969,22.15000000000049,387,0
3970,27.95000000000053,361,0
3971,34.20000000000037,236,0
3972,20.000000000000497,430,0
3973,28.70000000000043,316,0
3974,29.100000000000307,278,0
3975,24.300000000000722,434,0
3976,30.550000000000296,399,0
3977,29.400000000000276,242,0
3978,25.100000000000705,388,0
3979,25.20000000000057,356,0
3980,28.950000000000372,251,0
3981,34.300000000000495,354,0
3982,40.500000000000384,350,0
3983,31.35000000000049,383,0
3984,35.300000000000395,364,0
3985,37.350000000000634,353,0
3986,28.300000000000637,324,0
3987,30.300000000000452,284,0
3988,31.50000000000047,470,0
3989,37.85000000000049,343,0
3990,37.30000000000034,384,0
3991,21.950000000000642,481,0
3992,32.850000000000335,203,0
3993,38.4500000000006,421,0
3994,35.85000000000035,233,0
3995,27.700000000000415,366,0
3996,35.80000000000055,354,0
3997,36.45000000000046,281,0
3998,46.00000000000044,270,0
3999,43.150000000000404,237,0
4000,25.400000000000446,322,0
4001,39.70000000000054,306,0
4002,35.950000000000315,351,0
4003,36.90000000000035,242,0
4004,28.100000000000676,388,0
4005,37.90000000000052,312,0
4006,36.90000000000033,362,0
4007,24.150000000000603,437,0
4008,31.250000000000313,205,0
4009,25.200000000000358,326,0
4010,30.600000000000506,308,0
4011,40.75000000000057,315,0
4012,27.500000000000398,280,0
4013,31.950000000000514,311,0
4014,28.600000000000406,318,0
4015,32.850000000000264,323,0
4016,31.650000000000873,467,0
4017,25.300000000000182,444,0
4018,43.500000000000526,350,0
4019,27.150000000000574,347,0
4020,24.050000000000225,349,0
4021,29.800000000000395,234,0
4022,34.40000000000062,352,0
4023,29.300000000000296,244,0
4024,37.600000000000435,348,0
4025,34.10000000000079,388,0
4026,27.300000000000367,434,0
4027,32.10000000000042,308,0
4028,26.900000000000688,382,0
4029,41.700000000000344,236,0
4030,28.4500000000003,321,0
4031,46.2500000000004,235,0
4032,31.750000000000455,315,0
4033,36.50000000000061,280,0
4034,23.55000000000061,479,0
4035,37.550000000000466,319,0
4036,31.45000000000087,501,0
4037,40.55000000000052,349,0
4038,25.250000000000398,445,0
4039,32.15000000000042,307,0
4040,28.750000000000426,315,0
4041,21.600000000000563,398,0
4042,40.00000000000031,240,0
4043,26.40000000000073,392,0
4044,28.300000000000523,324,0
4045,33.500000000000426,310,0
4046,33.100000000000634,348,0
4047,33.10000000000058,318,0
4048,15.700000000000543,546,0
4049,38.65000000000046,237,0
4050,32.750000000000384,235,0
4051,30.85000000000032,213,0
4052,23.100000000000065,368,0
4053,37.850000000000335,193,0
4054,26.350000000000563,303,0
4055,47.45000000000047,241,0
4056,30.200000000000415,226,0
4057,24.900000000000517,392,0
4058,24.100000000000435,348,0
4059,26.750000000000554,355,0
4060,33.15000000000035,347,0
4061,28.850000000000307,253,0
4062,29.60000000000042,238,0
4063,35.10000000000029,278,0
4064,47.70000000000039,236,0
4065,38.15000000000033,277,0
4066,17.80000000000041,474,0
4067,31.25000000000061,355,0
4068,24.90000000000039,332,0
4069,35.650000000000276,237,0
4070,40.600000000000634,348,0
4071,29.75000000000034,355,0
4072,41.10000000000035,278,0
4073,33.30000000000045,314,0
4074,26.450000000000514,391,0
4075,35.60000000000049,238,0
4076,26.60000000000049,358,0
4077,29.10000000000028,278,0
4078,30.750000000000483,275,0
4079,47.75000000000037,235,0
4080,37.650000000000404,317,0
4081,28.300000000000367,264,0
4082,42.85000000000046,393,0
4083,29.90000000000009,232,0
4084,30.30000000000028,314,0
4085,36.300000000000296,314,0
4086,36.750000000000426,275,0
4087,30.250000000000313,225,0
4088,46.30000000000034,234,0
4089,35.150000000000546,307,0
4090,29.05000000000031,249,0
4091,29.850000000000378,353,0
4092,43.9000000000005,312,0
4093,26.450000000000387,301,0
4094,39.550000000000395,309,0
4095,42.100000000000364,348,0
4096,34.200000000000415,476,0
4097,35.550000000000594,389,0
4098,38.00000000000033,310,0
4099,35.400000000000404,332,0
4100,37.70000000000036,316,0
4101,33.30000000000058,284,0
4102,28.350000000000662,353,0
4103,26.100000000000477,308,0
4104,31.300000000000622,354,0
4105,26.70000000000053,296,0
4106,29.60000000000025,238,0
4107,27.65000000000026,427,0
4108,26.70000000000053,356,0
4109,42.15000000000036,347,0
4110,32.55000000000055,269,0
4111,40.85000000000042,283,0
4112,33.80000000000072,424,0
4113,31.600000000000506,348,0
4114,19.20000000000084,476,0
4115,34.70000000000026,316,0
4116,31.40000000000059,352,0
4117,30.350000000000406,313,0
4118,23.100000000000435,428,0
4119,26.45000000000043,301,0
4120,37.650000000000645,347,0
4121,34.800000000000395,314,0
4122,22.05000000000095,539,0
4123,41.25000000000037,275,0
4124,32.30000000000034,274,0
4125,33.95000000000074,391,0
4126,34.7000000000006,436,0
4127,25.10000000000045,388,0
4128,43.000000000000824,360,0
4129,33.90000000000049,242,0
4130,39.20000000000037,466,0
4131,19.100000000000847,448,0
4132,25.150000000000247,357,0
4133,19.500000000000313,470,0
4134,32.40000000000042,362,0
4135,22.650000000000276,377,0
4136,45.90000000000049,272,0
4137,22.100000000000108,388,0
4138,28.85000000000045,343,0
4139,26.25000000000051,305,0
4140,27.950000000000145,271,0
4141,22.90000000000036,402,0
4142,39.60000000000048,248,0
4143,27.20000000000026,286,0
4144,29.40000000000046,392,0
4145,36.000000000000654,320,0
4146,16.900000000000347,672,0
4147,42.50000000000048,280,0
4148,42.1500000000005,287,0
4149,44.95000000000043,231,0
4150,25.550000000000395,319,0
4151,24.400000000000418,342,0
4152,33.25000000000047,315,0
4153,21.450000000000628,431,0
4154,28.10000000000032,268,0
4155,27.100000000000264,288,0
4156,33.45000000000039,281,0
4157,23.900000000000617,352,0
4158,33.65000000000046,307,0
4159,27.500000000000682,310,0
4160,46.150000000000475,267,0
4161,32.100000000000634,308,0
4162,31.55000000000051,319,0
4163,34.65000000000053,287,0
4164,32.10000000000042,308,0
4165,19.400000000000645,502,0
4166,32.250000000000355,275,0
4167,33.65000000000062,397,0
4168,34.050000000000566,359,0
4169,22.700000000000472,376,0
4170,36.05000000000081,349,0
4171,30.25000000000054,315,0
4172,31.300000000000296,204,0
4173,33.450000000000244,401,0
4174,36.9500000000004,271,0
4175,28.30000000000065,354,0
4176,37.10000000000046,268,0
4177,26.700000000000173,296,0
4178,22.700000000000344,376,0
4179,28.450000000000344,261,0
4180,27.300000000000537,314,0
4181,36.65000000000052,307,0
4182,36.700000000000315,276,0
4183,31.650000000000432,317,0
4184,43.5000000000005,320,0
4185,29.250000000000455,245,0
4186,27.350000000000577,313,0
4187,18.300000000001077,464,0
4188,25.150000000000347,327,0
4189,38.9000000000005,292,0
4190,30.10000000000042,228,0
4191,28.45000000000043,321,0
4192,41.15000000000036,247,0
4193,33.700000000000344,246,0
4194,39.70000000000043,276,0
4195,30.20000000000053,316,0
4196,14.350000000000207,663,0
4197,40.600000000000605,318,0
4198,35.300000000000324,304,0
4199,25.300000000000253,354,0
4200,29.500000000000426,240,0
4201,39.65000000000032,277,0
4202,24.250000000000412,345,0
4203,28.700000000000387,316,0
4204,33.40000000000043,312,0
4205,32.65000000000036,237,0
4206,37.300000000000736,384,0
4207,29.95000000000053,351,0
4208,33.2000000000003,316,0
4209,36.20000000000043,316,0
4210,32.30000000000045,274,0
4211,30.950000000000244,241,0
4212,25.100000000000534,328,0
4213,27.05000000000051,349,0
4214,30.00000000000057,350,0
4215,32.75000000000058,385,0
4216,38.05000000000072,429,0
4217,32.45000000000064,361,0
4218,29.500000000000426,240,0
4219,26.900000000000404,322,0
4220,28.65000000000046,377,0
4221,39.75000000000027,275,0
4222,27.60000000000069,398,0
4223,45.25000000000054,315,0
4224,34.650000000000304,287,0
4225,37.65000000000062,317,0
4226,31.50000000000047,350,0
4227,33.500000000000554,310,0
4228,33.150000000000446,317,0
4229,33.950000000000486,361,0
4230,31.10000000000045,358,0
4231,36.80000000000027,274,0
4232,41.500000000000355,240,0
4233,26.300000000000296,364,0
4234,33.650000000000574,277,0
4235,26.200000000000287,306,0
4236,34.75000000000037,345,0
4237,40.55000000000044,319,0
4238,36.60000000000045,308,0
4239,28.800000000000594,344,0
4240,28.80000000000021,284,0
4241,41.45000000000047,271,0
4242,30.050000000000352,229,0
4243,25.10000000000052,388,0
4244,29.150000000000546,307,0
4245,31.45000000000053,351,0
4246,33.2500000000004,195,0
4247,23.90000000000059,352,0
4248,37.85000000000065,463,0
4249,30.750000000000497,395,0
4250,38.65000000000029,237,0
4251,39.45000000000053,311,0
4252,34.350000000000634,353,0
4253,28.200000000000514,266,0
4254,35.20000000000044,276,0
4255,32.200000000000614,396,0
4256,26.60000000000059,388,0
4257,32.95000000000077,351,0
4258,29.75000000000037,235,0
4259,36.65000000000042,307,0
4260,41.0000000000005,280,0
4261,30.40000000000046,312,0
4262,33.200000000000216,316,0
4263,31.150000000000304,207,0
4264,31.90000000000036,282,0
4265,43.300000000000395,234,0
4266,31.750000000000384,315,0
4267,35.750000000000426,325,0
4268,39.200000000000415,316,0
4269,30.400000000000446,432,0
4270,31.850000000000293,283,0
4271,31.250000000000497,325,0
4272,40.15000000000042,447,0
4273,32.000000000000696,310,0
4274,27.000000000000256,290,0
4275,27.150000000000475,287,0
4276,41.650000000000475,267,0
4277,24.600000000000392,338,0
4278,38.80000000000037,354,0
4279,28.300000000000367,264,0
4280,37.15000000000036,357,0
4281,28.150000000000972,507,0
4282,28.600000000000506,348,0
4283,37.25000000000033,325,0
4284,35.55000000000037,239,0
4285,41.85000000000046,353,0
4286,28.650000000000347,287,0
4287,27.650000000000546,277,0
4288,29.40000000000049,392,0
4289,32.45000000000047,271,0
4290,30.40000000000022,222,0
4291,26.300000000000452,304,0
4292,104.94999999999943,471,0
4293,31.55000000000048,349,0
4294,25.30000000000058,354,0
4295,33.05000000000031,319,0
4296,26.750000000000455,295,0
4297,43.900000000000446,282,0
4298,27.950000000000387,271,0
4299,24.40000000000076,462,0
4300,31.050000000000793,419,0
4301,24.300000000000395,344,0
4302,29.400000000000617,362,0
4303,31.650000000000432,317,0
4304,30.550000000000395,219,0
4305,33.75000000000041,275,0
4306,28.85000000000032,253,0
4307,33.55000000000052,369,0
4308,23.7000000000003,356,0
4309,22.700000000000628,436,0
4310,21.750000000000526,395,0
4311,18.350000000000605,463,0
4312,38.95000000000044,321,0
4313,23.25000000000061,425,0
4314,37.30000000000037,354,0
4315,24.250000000000526,345,0
4316,46.20000000000037,206,0
4317,36.30000000000041,314,0
4318,41.25000000000034,245,0
4319,18.00000000000024,470,0
4320,30.4500000000005,281,0
4321,34.15000000000035,237,0
4322,31.550000000000622,289,0
4323,16.650000000000745,557,0
4324,21.950000000000216,391,0
4325,44.95000000000053,351,0
4326,26.85000000000062,353,0
4327,31.15000000000053,357,0
4328,28.45000000000043,351,0
4329,23.75000000000037,355,0
4330,27.40000000000046,312,0
4331,34.150000000000745,507,0
4332,34.75000000000058,345,0
4333,40.150000000000475,237,0
4334,34.850000000000335,313,0
4335,30.95000000000033,241,0
4336,29.050000000000253,309,0
4337,35.500000000000284,240,0
4338,27.000000000000753,350,0
4339,42.10000000000046,318,0
4340,26.400000000000603,392,0
4341,40.850000000000534,313,0
4342,43.5000000000006,350,0
4343,21.550000000000736,399,0
4344,22.900000000000233,372,0
4345,34.05000000000044,389,0
4346,34.25000000000031,355,0
4347,40.2000000000006,386,0
4348,27.750000000000625,395,0
4349,25.200000000000358,326,0
4350,30.050000000000225,229,0
4351,30.450000000000472,311,0
4352,28.150000000000375,477,0
4353,24.90000000000046,422,0
4354,46.95000000000056,311,0
4355,29.950000000000273,231,0
4356,40.200000000000344,236,0
4357,41.50000000000054,270,0
4358,30.450000000000784,431,0
4359,23.10000000000079,398,0
4360,30.050000000000395,319,0
4361,33.55000000000027,279,0
4362,27.25000000000034,315,0
4363,45.20000000000044,346,0
4364,26.35000000000045,303,0
4365,50.50000000000037,240,0
4366,42.30000000000038,314,0
4367,15.050000000000836,559,0
4368,40.000000000000455,390,0
4369,26.750000000000398,385,0
4370,23.000000000000355,520,0
4371,28.800000000000324,254,0
4372,29.85000000000028,323,0
4373,29.950000000000344,381,0
4374,38.75000000000047,235,0
4375,30.400000000000404,312,0
4376,22.600000000000605,498,0
4377,35.85000000000066,353,0
4378,35.50000000000048,390,0
4379,24.150000000000247,347,0
4380,35.70000000000064,386,0
4381,40.75000000000048,315,0
4382,33.95000000000044,271,0
4383,23.750000000000625,355,0
4384,35.350000000000506,393,0
4385,22.25000000000044,475,0
4386,39.90000000000035,242,0
4387,32.50000000000037,240,0
4388,37.35000000000042,323,0
4389,40.650000000000546,317,0
4390,32.25000000000061,395,0
4391,27.45000000000043,311,0
4392,34.2500000000002,385,0
4393,27.200000000000557,346,0
4394,34.85000000000039,313,0
4395,26.950000000000486,351,0
4396,33.55000000000052,279,0
4397,33.90000000000036,242,0
4398,39.05000000000034,349,0
4399,41.20000000000044,276,0
4400,37.350000000000676,353,0
4401,25.550000000000423,439,0
4402,27.35000000000025,283,0
4403,34.95000000000046,281,0
4404,26.65000000000056,417,0
4405,31.650000000000276,197,0
4406,35.0000000000006,430,0
4407,26.300000000000168,304,0
4408,27.800000000000793,424,0
4409,29.000000000000526,280,0
4410,29.75000000000057,355,0
4411,23.250000000000355,365,0
4412,49.00000000000051,240,0
4413,24.250000000000412,435,0
4414,39.90000000000035,272,0
4415,43.800000000000566,314,0
4416,41.15000000000033,367,0
4417,40.20000000000036,236,0
4418,30.400000000000404,222,0
4419,24.700000000000244,336,0
4420,34.10000000000065,358,0
4421,30.400000000000944,462,0
4422,29.400000000000432,392,0
4423,36.65000000000019,247,0
4424,27.05000000000051,319,0
4425,36.90000000000033,242,0
4426,28.650000000000432,257,0
4427,43.65000000000052,347,0
4428,30.400000000000418,312,0
4429,25.50000000000037,350,0
4430,29.90000000000049,352,0
4431,30.650000000000375,217,0
4432,36.600000000000605,308,0
4433,32.300000000000395,274,0
4434,37.50000000000078,440,0
4435,24.05000000000028,349,0
4436,30.70000000000033,216,0
4437,28.300000000000566,324,0
4438,23.30000000000031,364,0
4439,35.400000000000404,272,0
4440,21.450000000000955,551,0
4441,37.700000000000344,346,0
4442,36.15000000000059,407,0
4443,39.00000000000031,290,0
4444,26.600000000000435,298,0
4445,29.60000000000032,388,0
4446,22.10000000000035,388,0
4447,32.15000000000059,337,0
4448,34.75000000000058,315,0
4449,25.55000000000051,319,0
4450,28.600000000000335,258,0
4451,26.950000000000287,291,0
4452,49.150000000000475,237,0
4453,27.00000000000057,290,0
4454,38.95000000000036,321,0
4455,34.50000000000027,200,0
4456,48.85000000000029,273,0
4457,23.05000000000028,369,0
4458,24.450000000000557,341,0
4459,25.30000000000041,324,0
4460,29.550000000000267,239,0
4461,20.200000000000443,516,0
4462,31.400000000000503,352,0
4463,38.65000000000033,387,0
4464,26.700000000000287,386,0
4465,30.7000000000004,276,0
4466,29.850000000000534,353,0
4467,37.50000000000034,200,0
4468,39.80000000000037,304,0
4469,21.950000000000358,391,0
4470,23.750000000000185,355,0
4471,26.000000000000526,310,0
4472,29.550000000000395,389,0
4473,34.30000000000031,234,0
4474,33.300000000000395,344,0
4475,26.900000000000333,352,0
4476,36.15000000000056,317,0
4477,30.000000000000682,320,0
4478,33.250000000000554,315,0
4479,35.500000000000526,240,0
4480,20.40000000000026,422,0
4481,35.90000000000052,382,0
4482,39.45000000000043,281,0
4483,38.75000000000054,355,0
4484,28.80000000000058,314,0
4485,30.550000000000537,309,0
4486,39.20000000000056,316,0
4487,26.650000000000418,297,0
4488,22.300000000000225,384,0
4489,25.30000000000021,324,0
4490,25.35000000000069,383,0
4491,43.650000000000645,317,0
4492,34.35000000000042,323,0
4493,37.50000000000034,320,0
4494,31.35000000000059,383,0
4495,37.40000000000032,232,0
4496,32.150000000000446,277,0
4497,43.050000000000836,389,0
4498,24.950000000000372,331,0
4499,30.750000000000455,245,0
4500,30.850000000000307,213,0
4501,39.900000000000816,422,0
4502,27.650000000000517,427,0
4503,30.300000000000566,314,0
4504,34.05000000000075,359,0
4505,36.350000000000335,253,0
4506,33.05000000000045,349,0
4507,37.200000000000415,236,0
4508,30.75000000000037,245,0
4509,24.600000000000236,398,0
4510,38.45000000000067,391,0
4511,40.15000000000043,237,0
4512,29.700000000000557,356,0
4513,26.500000000000327,300,0
4514,28.850000000000335,253,0
4515,28.35000000000045,383,0
4516,37.65000000000036,407,0
4517,22.100000000000207,508,0
4518,28.100000000000378,268,0
4519,31.00000000000034,210,0
4520,37.60000000000052,318,0
4521,28.850000000000435,313,0
4522,34.60000000000049,258,0
4523,32.50000000000034,240,0
4524,24.800000000000196,514,0
4525,27.650000000000617,307,0
4526,96.64999999999968,637,0
4527,36.300000000000466,314,0
4528,31.100000000000364,388,0
4529,32.35000000000045,273,0
4530,41.55000000000048,239,0
4531,25.250000000000398,475,0
4532,30.150000000000432,317,0
4533,31.100000000000335,238,0
4534,36.850000000000364,243,0
4535,33.50000000000051,280,0
4536,38.300000000000296,274,0
4537,36.750000000000625,395,0
4538,28.55000000000041,349,0
4539,22.500000000000497,470,0
4540,43.0000000000005,390,0
4541,41.000000000000654,430,0
4542,39.550000000000466,279,0
4543,36.75000000000075,395,0
4544,25.350000000000293,383,0
4545,39.95000000000047,241,0
4546,29.150000000000475,277,0
4547,30.750000000000185,275,0
4548,26.45000000000053,301,0
4549,36.4500000000004,251,0
4550,45.80000000000038,274,0
4551,23.350000000000193,363,0
4552,34.40000000000049,232,0
4553,27.35000000000059,313,0
4554,29.300000000000352,274,0
4555,34.10000000000035,238,0
4556,34.35000000000066,353,0
4557,24.05000000000055,349,0
4558,36.05000000000021,199,0
4559,33.30000000000027,314,0
4560,42.20000000000037,196,0
4561,23.95000000000043,381,0
4562,38.0000000000005,310,0
4563,48.90000000000046,272,0
4564,30.150000000000432,317,0
4565,43.50000000000044,320,0
4566,43.30000000000045,354,0
4567,16.90000000000036,582,0
4568,25.300000000000523,354,0
4569,20.25000000000027,425,0
4570,34.30000000000042,354,0
4571,27.850000000000534,423,0
4572,38.750000000000725,355,0
4573,23.150000000000247,367,0
4574,31.100000000000477,268,0
4575,29.650000000000247,237,0
4576,35.20000000000054,276,0
4577,42.75000000000054,275,0
4578,26.000000000000696,460,0
4579,20.50000000000061,540,0
4580,26.25000000000061,395,0
4581,42.05000000000054,349,0
4582,38.150000000000375,277,0
4583,43.65000000000063,317,0
4584,33.35000000000029,313,0
4585,26.950000000000514,351,0
4586,25.150000000000546,327,0
4587,30.15000000000039,467,0
4588,33.45000000000043,311,0
4589,28.200000000000514,356,0
4590,25.950000000000472,311,0
4591,26.5000000000003,300,0
4592,34.75000000000067,345,0
4593,24.850000000000577,333,0
4594,29.350000000000463,423,0
4595,28.400000000000517,322,0
4596,36.2000000000006,346,0
4597,26.100000000000477,308,0
4598,28.20000000000043,386,0
4599,37.70000000000029,196,0
4600,21.100000000000236,408,0
4601,28.25000000000047,385,0
4602,32.35000000000046,273,0
4603,26.25000000000051,395,0
4604,44.45000000000044,271,0
4605,23.10000000000035,398,0
4606,32.15000000000036,307,0
4607,23.50000000000051,480,0
4608,27.75000000000044,395,0
4609,23.000000000000227,370,0
4610,40.950000000000315,281,0
4611,40.75000000000075,435,0
4612,31.300000000000807,354,0
4613,30.850000000000875,423,0
4614,32.150000000000276,277,0
4615,32.9500000000005,321,0
4616,28.9500000000006,431,0
4617,34.25000000000067,355,0
4618,27.35000000000062,313,0
4619,25.500000000000526,350,0
4620,28.95000000000043,251,0
4621,25.65000000000036,317,0
4622,39.55000000000038,309,0
4623,22.650000000000375,377,0
4624,39.45000000000057,371,0
4625,41.25000000000031,275,0
4626,27.200000000000358,316,0
4627,31.90000000000032,192,0
4628,35.200000000000486,276,0
4629,27.450000000000244,281,0
4630,42.65000000000036,277,0
4631,29.000000000000284,250,0
4632,26.700000000000202,356,0
4633,32.150000000000304,277,0
4634,38.15000000000059,307,0
4635,34.65000000000043,317,0
4636,33.600000000000435,368,0
4637,109.14999999999996,477,0
4638,95.45000000000026,721,0
4639,30.05000000000028,229,0
4640,44.100000000000364,308,0
4641,31.300000000000452,384,0
4642,30.200000000000557,346,0
4643,30.550000000000253,219,0
4644,104.89999999999968,472,0
4645,45.600000000000506,278,0
4646,45.00000000000068,320,0
4647,29.350000000000307,243,0
4648,34.55000000000038,229,0
4649,24.50000000000071,340,0
4650,31.500000000000696,350,0
4651,30.75000000000047,275,0
4652,35.80000000000048,354,0
4653,39.20000000000037,346,0
4654,24.450000000000344,431,0
4655,28.750000000000355,315,0
4656,36.2500000000006,315,0
4657,41.0000000000005,310,0
4658,23.100000000000392,368,0
4659,39.950000000000315,271,0
4660,25.450000000000344,351,0
4661,33.80000000000054,484,0
4662,26.100000000000477,308,0
4663,25.500000000000554,350,0
4664,36.400000000000574,312,0
4665,28.400000000000347,262,0
4666,23.200000000000514,366,0
4667,46.600000000000506,318,0
4668,42.250000000000384,315,0
4669,34.60000000000049,288,0
4670,26.750000000000483,505,0
4671,32.15000000000025,367,0
4672,27.750000000000654,425,0
4673,34.6500000000006,347,0
4674,29.50000000000074,360,0
4675,25.950000000000514,311,0
4676,41.20000000000046,276,0
4677,30.900000000000333,392,0
4678,35.20000000000054,276,0
4679,32.10000000000048,278,0
4680,31.800000000000338,284,0
4681,41.05000000000028,309,0
4682,35.0000000000006,310,0
4683,25.35000000000062,473,0
4684,27.150000000000375,317,0
4685,26.250000000000455,425,0
4686,34.000000000000284,240,0
4687,33.700000000000486,276,0
4688,21.900000000000432,422,0
4689,36.100000000000406,348,0
4690,37.950000000000514,311,0
4691,28.70000000000033,256,0
4692,32.90000000000025,202,0
4693,29.90000000000046,322,0
4694,35.45000000000044,241,0
4695,39.00000000000047,290,0
4696,28.500000000000597,320,0
4697,35.85000000000058,293,0
4698,37.450000000000756,351,0
4699,102.00000000000044,590,0
4700,30.550000000000438,279,0
4701,27.60000000000045,368,0
4702,33.300000000000296,284,0
4703,25.050000000000423,359,0
4704,29.500000000000526,270,0
4705,27.05000000000065,349,0
4706,21.800000000000466,424,0
4707,45.350000000000506,313,0
4708,31.650000000000617,467,0
4709,42.20000000000044,316,0
4710,31.50000000000027,200,0
4711,27.400000000000276,282,0
4712,19.85000000000079,433,0
4713,37.75000000000051,345,0
4714,26.600000000000705,478,0
4715,39.750000000000526,275,0
4716,28.600000000000506,258,0
4717,17.650000000000233,507,0
4718,39.90000000000042,272,0
4719,40.60000000000056,348,0
4720,39.85000000000049,273,0
4721,31.800000000000438,314,0
4722,31.400000000000404,352,0
4723,29.800000000000367,234,0
4724,32.30000000000044,274,0
4725,34.30000000000075,354,0
4726,38.450000000000685,361,0
4727,38.80000000000041,354,0
4728,37.95000000000043,281,0
4729,40.75000000000071,345,0
4730,24.20000000000067,466,0
4731,26.400000000000475,422,0
4732,31.35000000000062,443,0
4733,24.500000000000398,400,0
4734,37.35000000000066,323,0
4735,28.00000000000037,270,0
4736,41.500000000000455,240,0
4737,29.10000000000022,548,0
4738,17.850000000000435,473,0
4739,35.55000000000069,359,0
4740,34.550000000000466,319,0
4741,30.2000000000003,226,0
4742,33.55000000000027,309,0
4743,37.05000000000068,329,0
4744,34.900000000000546,282,0
4745,27.500000000000398,280,0
4746,26.850000000000648,353,0
4747,30.600000000000378,398,0
4748,23.15000000000049,397,0
4749,40.4500000000004,201,0
4750,31.150000000000375,207,0
4751,36.85000000000039,273,0
4752,34.40000000000059,472,0
4753,36.80000000000042,274,0
4754,41.10000000000058,398,0
4755,42.550000000000466,279,0
4756,39.05000000000038,409,0
4757,33.15000000000059,317,0
4758,37.350000000000676,323,0
4759,31.650000000000517,347,0
4760,21.450000000000543,431,0
4761,33.650000000000574,307,0
4762,30.400000000000432,282,0
4763,28.9000000000008,462,0
4764,26.200000000000543,306,0
4765,35.15000000000062,307,0
4766,30.000000000000654,350,0
4767,31.950000000000315,311,0
4768,33.9000000000006,362,0
4769,30.35000000000055,313,0
4770,29.600000000000804,388,0
4771,29.100000000000264,248,0
4772,26.75000000000061,385,0
4773,102.80000000000042,634,0
4774,35.400000000000475,242,0
4775,36.350000000000506,313,0
4776,44.85000000000028,233,0
4777,36.6500000000005,307,0
4778,28.650000000000574,317,0
4779,49.45000000000033,231,0
4780,37.900000000000446,312,0
4781,31.900000000000176,312,0
4782,44.65000000000033,237,0
4783,37.400000000000304,232,0
4784,32.00000000000084,400,0
4785,38.950000000000486,351,0
4786,39.00000000000048,320,0
4787,37.10000000000029,208,0
4788,38.10000000000062,308,0
4789,33.60000000000046,278,0
4790,39.950000000000415,241,0
4791,35.50000000000033,270,0
4792,32.85000000000032,233,0
4793,42.10000000000022,348,0
4794,36.35000000000058,313,0
4795,27.90000000000036,272,0
4796,26.200000000000216,306,0
4797,23.25000000000051,365,0
4798,25.750000000000597,345,0
4799,33.250000000000256,195,0
4800,28.250000000000313,265,0
4801,26.10000000000059,428,0
4802,27.150000000000503,317,0
4803,33.300000000000324,434,0
4804,28.95000000000043,371,0
4805,37.850000000000435,313,0
4806,39.50000000000054,310,0
4807,31.900000000000546,312,0
4808,32.05000000000027,189,0
4809,35.10000000000042,278,0
4810,29.750000000000526,355,0
4811,27.950000000000742,391,0
4812,33.05000000000054,319,0
4813,33.35000000000056,433,0
4814,39.55000000000044,279,0
4815,29.200000000000344,276,0
4816,48.2500000000006,285,0
4817,40.550000000000665,319,0
4818,29.15000000000032,247,0
4819,32.80000000000068,474,0
4820,41.40000000000052,392,0
4821,29.30000000000031,274,0
4822,35.25000000000044,275,0
4823,27.900000000000333,392,0
4824,41.15000000000039,277,0
4825,30.200000000000372,226,0
4826,37.700000000000585,436,0
4827,33.900000000000475,242,0
4828,32.100000000000264,188,0
4829,30.100000000000477,348,0
4830,34.900000000000375,252,0
4831,23.350000000000136,393,0
4832,35.300000000000566,304,0
4833,95.99999999999959,590,0
4834,37.35000000000062,383,0
4835,26.700000000000557,296,0
4836,32.65000000000036,237,0
4837,19.000000000000583,480,0
4838,29.15000000000066,397,0
4839,44.30000000000055,274,0
4840,25.350000000000406,323,0
4841,33.85000000000048,273,0
4842,25.800000000000296,314,0
4843,23.900000000000617,352,0
4844,27.300000000000466,314,0
4845,38.050000000000466,279,0
4846,30.45000000000057,431,0
4847,46.4000000000007,322,0
4848,34.500000000000625,320,0
4849,30.700000000000628,396,0
4850,43.95000000000044,281,0
4851,28.00000000000057,360,0
4852,33.05000000000014,319,0
4853,23.250000000000696,395,0
4854,39.20000000000056,316,0
4855,33.7000000000004,246,0
4856,35.85000000000045,353,0
4857,32.00000000000044,310,0
4858,28.600000000000307,288,0
4859,38.85000000000066,353,0
4860,30.900000000000432,272,0
4861,34.600000000000335,198,0
4862,26.7000000000008,356,0
4863,22.75000000000057,375,0
4864,36.40000000000049,312,0
4865,26.40000000000056,392,0
4866,39.2500000000004,315,0
4867,39.10000000000048,318,0
4868,27.450000000000443,281,0
4869,32.100000000000364,278,0
4870,28.400000000000517,352,0
4871,30.300000000000466,314,0
4872,33.35000000000052,343,0
4873,30.75000000000061,365,0
4874,28.90000000000026,402,0
4875,28.050000000000395,269,0
4876,22.400000000000475,382,0
4877,44.25000000000031,275,0
4878,22.950000000000358,431,0
4879,26.30000000000048,304,0
4880,22.900000000000304,462,0
4881,36.050000000000395,319,0
4882,31.25000000000044,325,0
4883,32.40000000000042,332,0
4884,31.000000000000426,240,0
4885,31.800000000000793,404,0
4886,26.55000000000078,569,0
4887,25.550000000000864,469,0
4888,25.25000000000054,385,0
4889,29.35000000000052,393,0
4890,27.450000000000273,431,0
4891,33.50000000000057,430,0
4892,29.650000000000404,237,0
4893,42.95000000000044,241,0
4894,23.150000000000418,397,0
4895,26.600000000000364,418,0
4896,30.750000000000455,365,0
4897,34.5000000000005,320,0
4898,41.65000000000052,357,0
4899,25.050000000000352,329,0
4900,29.00000000000061,310,0
4901,38.45000000000037,241,0
4902,48.550000000000466,279,0
4903,30.40000000000056,312,0
4904,26.200000000000543,426,0
4905,34.2000000000005,236,0
4906,27.250000000000412,315,0
4907,38.300000000000395,394,0
4908,28.10000000000049,328,0
4909,28.05000000000055,329,0
4910,38.7000000000003,206,0
4911,32.400000000000674,392,0
4912,43.85000000000039,313,0
4913,25.200000000000543,326,0
4914,33.85000000000049,333,0
4915,27.10000000000028,288,0
4916,39.25000000000047,315,0
4917,36.100000000000364,198,0
4918,35.100000000000506,278,0
4919,37.550000000000466,319,0
4920,35.10000000000042,248,0
4921,26.950000000000557,351,0
4922,25.650000000000446,317,0
4923,31.80000000000031,434,0
4924,33.35000000000045,313,0
4925,32.90000000000053,322,0
4926,42.85000000000032,273,0
4927,29.2000000000006,396,0
4928,35.40000000000052,272,0
4929,36.20000000000056,316,0
4930,30.15000000000036,317,0
4931,41.85000000000059,353,0
4932,35.60000000000072,328,0
4933,42.7000000000004,276,0
4934,28.10000000000052,358,0
4935,27.500000000000398,280,0
4936,33.75000000000057,275,0
4937,26.550000000000693,359,0
4938,29.00000000000017,250,0
4939,21.950000000000784,511,0
4940,27.700000000000642,396,0
4941,38.800000000000566,324,0
4942,29.150000000000517,397,0
4943,21.450000000000642,461,0
4944,44.100000000000435,278,0
4945,31.550000000000523,349,0
4946,35.85000000000056,323,0
4947,46.600000000000605,318,0
4948,37.50000000000023,350,0
4949,27.300000000000466,314,0
4950,46.30000000000069,324,0
4951,29.850000000000406,353,0
4952,38.35000000000083,423,0
4953,24.2000000000004,346,0
4954,25.900000000000603,372,0
4955,33.00000000000077,350,0
4956,24.10000000000049,348,0
4957,26.250000000000583,395,0
4958,41.45000000000074,391,0
4959,28.15000000000066,447,0
4960,36.650000000000375,397,0
4961,28.30000000000048,384,0
4962,33.70000000000056,276,0
4963,31.000000000000455,390,0
4964,37.050000000000566,389,0
4965,31.55000000000038,319,0
4966,23.550000000000423,389,0
4967,39.85000000000052,393,0
4968,34.15000000000025,237,0
4969,35.40000000000039,392,0
4970,26.600000000000406,298,0
4971,25.100000000000307,358,0
4972,30.900000000000446,272,0
4973,29.300000000000352,394,0
4974,40.90000000000049,312,0
4975,27.350000000000264,283,0
4976,33.900000000000404,422,0
4977,23.85000000000069,443,0
4978,27.80000000000048,274,0
4979,30.45000000000026,311,0
4980,20.100000000000932,668,0
4981,37.90000000000032,282,0
4982,48.850000000000335,273,0
4983,32.65000000000043,387,0
4984,41.25000000000033,275,0
4985,32.750000000000426,235,0
4986,21.90000000000086,422,0
4987,26.950000000000443,351,0
4988,35.40000000000025,392,0
4989,21.500000000000412,430,0
4990,21.200000000000657,406,0
4991,34.30000000000037,354,0
4992,39.55000000000052,279,0
4993,32.70000000000043,296,0
4994,34.200000000000415,386,0
4995,23.550000000000807,389,0
4996,27.900000000000546,422,0
4997,35.10000000000048,278,0
4998,27.150000000000446,317,0
4999,30.15000000000039,227,0
5000,27.100000000000563,288,0
